{"Bibliografische_omschrijving": "Vragen van de leden Buijs en Atsma (beiden CDA) aan de staatssecretaris van Landbouw, Natuurbeheer en Visserij over massale visstroperij. (Ingezonden 27 juni 2002); Antwoord", "Bestand": "14Kb", "Permalink": "\nhttp://www.geencommentaar.nl/parlando/index.php?action=doc&filename=KVR15925\n", "Inhoud": "Vragen over het onlangs in Friesland gestarte Anti-stroopteam, ter bestrijding en aanpak van de massale visstroperij in Friesland, dat inmiddels be\u00c3\u00abindigd of op een lager pitje gezet zou zijn.", "Rubriek": "Criminaliteit en openbare orde (Handhaving openbare orde) Strafrecht en strafprocesrecht (Opsporingsonderzoek) Visserij (Binnenvisserij)", "Trefwoorden": "Binnenvisserij Diefstal Opsporingen", "Vindplaats": "Kamervragen met antwoord 2001-2002, nr. 1371, Tweede Kamer", "Afkomstig van": "2010212060", "Indiener": "Landbouw, Natuurbeheer en Visserij (LNV)", "Partij vertegenwoordiger": "<persoon partij=\"CDA\">Buijs</persoon>", "Datum_reaktie": "\n", "Datum_indiening": "<persoon partij=\"CDA\">Atsma</persoon>", "vraag 1": "Is het waar dat het onlangs in Friesland gestarte zogenaamde Anti-stroopteam, ter bestrijding en aanpak van de massale visstroperij in Friesland, inmiddels is be\u00c3\u00abindigd of op een lager pitje is gezet? ", "vraag 2": "Is het waar dat de gelegenheidsstroperij in de Friese wateren flink is toegenomen, zoals de beroepsvissers constateren? ", "vraag 3": "Is bekend welke afzetkanalen door de gelegenheidsstropers worden benut? ", "vraag 4": "Is het waar dat gelegenheidsstroperij en de toenemende diefstal van fuiken en ander vistuig van beroepsvissers mede een gevolg zijn van het ontbreken van of onvoldoende toezicht van de waterpolitie? Kunt u aangeven hoeveel fte\u00e2\u20ac\u2122s waterpolitie op de Friese wateren beschikbaar is voor handhavingstaken en bent u bereid te bevorderen dat de waterpolitie sterker aandacht gaat geven aan de gelegenheidsstroperij en diefstal van vistuigen? ", "antwoord 1": "[Het team ter bestrijding en aanpak van de massale visstroperij in Frysl\u00c3\u00a2n is niet be\u00c3\u00abindigd en werkt conform de planning van de samenwerkende opsporingsdiensten", "antwoord 2": "Over de precieze omvang van de illegale visserij zijn weinig harde cijfers bekend. Het gevoelen bij het betrokken multifunctionele opsporingsteam is, dat de stroperij in de Friese wateren de laatste jaren geen toename heeft laten zien. Over het algemeen wordt de visstroperij uitgevoerd door personen die al jaar en dag hiermee bezig zijn; de harde kern derhalve", "antwoord 3": "Als afzetkanalen worden door de stropers zowel de horeca als de groot- en detailhandel benut. Met klem wijs ik erop dat hiermee niet gezegd is dat horeca en handel in totaliteit betrokken zouden zijn bij deze ongewenste afzet van illegaal gevangen vis", "antwoord 4": "Van toenemende diefstal van fuiken en ander vistuig is geen indicatie te geven. Zie ook vraag 2 en antwoord daarop. In het multifunctionele team zijn circa 10 medewerkers van de AID, de KLPD en politie betrokken. Daarnaast vindt inzet van mankracht plaats in het kader van de uitoefening van de reguliere opsporingstaak van de politie. Via de uitvoering van het Plan van Aanpak \u00c2\u00abBestrijding illegale visserij Frysl\u00c3\u00a2n\u00c2\u00bb wordt momenteel hard gewerkt om alle vormen van visstroperij aan te pakken. Zowel de waterpolitie als de regionale politiekorpsen zijn betrokken bij de inzet van het multifunctionele team en versterken dit team bij uitvoeringsacties met het gewenste aantal medewerkers. ]"}