{"Bibliografische_omschrijving": "Vragen van het lid Rosenm\u00c3\u00b6ller (GroenLinks) aan de minister van Sociale Zaken en Werkgelegenheid over de gevolgen van de kabinetsplannen voor de koopkracht van huishoudens in Nederland. (Ingezonden 16 augustus 2002); Antwoord", "Bestand": "16Kb", "Permalink": "\nhttp://www.geencommentaar.nl/parlando/index.php?action=doc&filename=KVR16221\n", "Inhoud": "Vragen naar aanleiding van het artikel 'Huishoudens dupe plannen kabinet' (Volkskrant, 14 agustus 2002), gebaseerd op berekeningen van het CPB en de stellingname van de econoom De Kam, dat mogelijk 250.000 tot een half miljoen huishoudens er als gevolg van de kabinetsplannen (o.a. afschaffen spaarloonregeling en lijfrente-aftrek) erop achteruitgaan.", "Rubriek": "Inkomen en rechtspositie (Inkomens) Staats- en bestuursrecht (Regering)", "Trefwoorden": "Huishoudens Regeringsbeleid Spaarregelingen", "Vindplaats": "Kamervragen met antwoord 2001-2002, nr. 1628, Tweede Kamer", "Afkomstig van": "2010213910", "Indiener": "Verkeer en Waterstaat (VW)", "Partij vertegenwoordiger": "<persoon partij=\"GroenLinks\">Rosenm\u00c3\u00b6ller</persoon>", "Datum_reaktie": "\n", "Datum_indiening": "2002-09-06", "vraag 1": "Kent u het artikel in De Volkskrant van 14 augustus jl. dat onder de titel \u00c2\u00abHuishoudens dupe plannen kabinet\u00c2\u00bb verscheen op de voorpagina? ", "vraag 2": "Hoe denkt u over de berekeningen van het CPB waaruit zou blijken dat minstens 250 duizend huishoudens er de komende jaren in inkomen op achteruit gaan in het licht van de belofte tijdens de formatie dat niemand erop achteruit zou gaan? ", "vraag 3": "Hoe beoordeelt u de stellingname van de Groningse econoom Flip de Kam dat het aantal mensen dat als gevolg van de plannen van het kabinet erop achteruitgaat makkelijk kan oplopen tot een half miljoen? ", "vraag 4": "Is het mogelijk om nieuwe berekeningen te laten maken waarbij wel rekening wordt gehouden met de afschaffing van het spaarloon en de lijfrente-aftrek? ", "antwoord 1": "[Ja", "antwoord 2": "Het CPB heeft een eerste doorrekening gemaakt van de in het Strategisch Akkoord opgenomen beleidsvoorstellen. Een onderdeel van die doorrekening betreft de gevolgen voor de inkomensontwikkeling van huishoudens. Het CPB hanteert daarbij een model dat op basis van een gestileerde weergave van de werkelijkheid een indicatie geeft van de effecten op huishoudniveau. Op basis hiervan zou 4% van de huishoudens (250 000) er op achteruit gaan in de komende jaren. Overigens is de geraamde omvang van de gemiddelde achteruitgang voor degenen die er op achteruit gaan in de CPB-berekeningen niet groot . De heer De Kam stelt dat als rekening gehouden wordt met de afschaffing van het spaarloon en de lijfrente-aftrek, de groep verliezers bijna dubbel zo groot wordt. Het CPB geeft zelf nadrukkelijk aan dat het in haar berekeningen om een benadering van de werkelijkheid gaat. Het is moeilijk om een goede indicatie te geven van het aantal mensen dat er als gevolg van de gepresenteerde plannen in de komende kabinetsperiode op achteruit zal gaan. Hiertoe is informatie nodig over de exacte doorwerking van maatregelen op het niveau van individuele huishoudens. Het effect van veel maatregelen kan tussen individuele huishoudens sterk verschillen. Van belang is bijvoorbeeld de mate waarin een huishouden daadwerkelijk van het spaarloon gebruik maakt. Omdat de uiteindelijke doorwerking op de inkomens van huishoudens een gevolg is van de cumulatie van verschillende regelingen, is vervolgens informatie nodig over de mate waarin meerdere lastenverlichtende en lastenverzwarende maatregelen tegelijkertijd effect hebben bij individuele huishoudens. Deze informatie is niet beschikbaar. Er zijn dus onvoldoende gegevens om een exacte indicatie te geven van het aantal huishoudens voor wie de cumulatie van lastenverzwarende maatregelen (zoals afschaffen spaarloon en basisaftrek lijfrente) zwaarder weegt dan de lastenverlichting in de vorm van onder andere de afschaffing van de OZB voor particuliere huishoudens, de extra maatregelen voor gezinnen met kinderen en de verlaging van de benzineaccijns. Overigens zijn op onderdelen door het CPB veronderstellingen gemaakt over de vormgeving van maatregelen die nog niet tot in details vaststaan. De definitieve vormgeving van deze maatregelen kan leiden tot een ander inkomensbeeld. Het kabinet heeft in het Strategisch Akkoord haar streven naar een evenwichtige inkomensontwikkeling verwoord. In het debat over de regeringsverklaring is duidelijk gemaakt dat de sterkste schouders de zwaarste lasten moeten dragen. De inkomensontwikkeling voor het jaar 2003 zal in de Sociale Nota 2003 nader toegelicht worden", "antwoord 3": "Zoals in het antwoord op de vragen 2 en 3 is verwoord is het moeilijk om bij het berekenen van het aantal huishoudens (figuur 4.1 op pagina 22 van het CPB-werkdocument) dat er op achteruit gaat rekening te houden met de afschaffing van het spaarloon en de lijfrente-aftrek. Hiervoor is de verdeling van de effecten naar individuele huishoudens en met name de cumulatie hiervan met andere maatregelen een te grote onbekende factor. In de door het CPB gepresenteerde gemiddelde koopkrachtcijfers voor de komende kabinetsperiode (tabel 4.1 op pagina 21 van het CPB-werkdocument) is het (gemiddelde) effect van de afschaffing van het spaarloon wel meegenomen. Enkele maatregelen zijn door het CPB niet in de gemiddelde koopkrachtcijfers opgenomen. Dit betreft onder meer de maatregelen in het kader van levensloop en het afschaffen van de basisaftrek lijfrente. Het CPB geeft aan dat indien deze maatregelen meegenomen zouden worden de gepresenteerde koopkracht over de periode 2003\u00e2\u20ac\u201c2006 gemiddeld per jaar bijna 0,1%-punt lager uit zou komen . ]"}