{"Bibliografische_omschrijving": "Vragen van het lid Van Nieuwenhoven (PvdA) aan de minister van Justitie over de zaak tegen een medewerker van het CDA, die informatie heeft vervalst. (Ingezonden 22 juli 2002); Antwoord", "Bestand": "15Kb", "Permalink": "\nhttp://www.geencommentaar.nl/parlando/index.php?action=doc&filename=KVR16039\n", "Inhoud": "De vragen hebben onder meer betrekking op het feit dat de benadeelde politieke partij (het CDA) bij de voorzitter van het College van procureurs-generaal naar het verloop van de rechtsgang heeft ge\u00c3\u00afnformeerd.", "Rubriek": "Staats- en bestuursrecht (Politiek) Strafrecht en strafprocesrecht (Opsporingsonderzoek)", "Trefwoorden": "Opsporingen Politieke partijen", "Vindplaats": "Kamervragen met antwoord 2001-2002, nr. 1470, Tweede Kamer", "Afkomstig van": "2010212900", "Indiener": "Justitie (JUS)", "Partij vertegenwoordiger": "<persoon partij=\"PvdA\">Van Nieuwenhoven</persoon>", "Datum_reaktie": "\n", "Datum_indiening": "2002-07-26", "vraag 1": "Herinnert u zich de aan u gerichte brief van de voorzitter van het College van procureurs-generaal van 25 maart jl. betreffende \u00c2\u00abde zaak tegen een medewerker van het CDA, die informatie heeft vervalst\u00c2\u00bb? ", "vraag 2": "Is het waar dat in deze brief de voorzitter van het College van procureurs-generaal u heeft geadviseerd de Tweede Kamer niet te informeren over onderhavige kwestie aangezien een politieke partij hierbij betrokken is? ", "vraag 3": "Is het vaker voorgekomen dat u met een vergelijkbare argumentatie geadviseerd werd de Tweede Kamer niet te informeren? Zo ja, hoe vaak en wanneer? ", "vraag 4": "Is het waar dat de fractievoorzitter van het CDA over onderhavige kwestie de voorzitter van het College van procureurs-generaal in eerste instantie telefonisch heeft benaderd? ", "vraag 5": "Heeft de voorzitter van het College van procureurs-generaal u op de hoogte gebracht van dit telefoongesprek en over deze volgens hem \u00c2\u00abgevoelige zaak\u00c2\u00bb? ", "vraag 6": "Is het waar dat de voorzitter van het College van procureurs-generaal daarna met de fractievoorzitter van het CDA heeft gecorrespondeerd over onderhavige kwestie? ", "vraag 7": "Wat waren de argumenten van de voorzitter van het College van procureurs-generaal om de Kamer informatie te onthouden, maar niettemin een brief over deze zaak te sturen aan de fractievoorzitter van het CDA met daarin informatie over de rechtsgang in de onderhavige zaak? ", "vraag 8": "Hoe beoordeelt u het gegeven dat de fractievoorzitter van het CDA zich persoonlijk heeft gemengd in de rechtsgang van bovengenoemd justitieel onderzoek? ", "vraag 9": "Is het gebruikelijk dat door het OM contacten worden onderhouden over de rechtsgang met personen of functionarissen die een belang hebben bij de zaak? ", "vraag 10": "Bent u bereid bovengenoemde vragen te beantwoorden voor maandagochtend 22 juli om 12.00 uur? ", "antwoord 1": "[Ja", "antwoord 2": "Bij brief van 25 maart jl. heeft het College mijn ambtsvoorganger ge\u00c3\u00afnformeerd over onder meer het intrekken van de dagvaarding in een strafzaak tegen een medewerker van het CDA. Het College heeft mijn ambtsvoorganger niet geadviseerd om de Tweede Kamer niet te informeren over deze zaak, maar om de inhoud van het ambtsbericht van de fungerend hoofdofficier van Justitie te Den Haag, dat als bijlage bij voormelde brief was gevoegd, niet naar het parlement te zenden. De in het ambtsbericht vermelde informatie betreft de inhoud van de strafzaak, de reden van intrekking van de dagvaarding, de nog openstaande onderzoeksvragen en, in het verlengde daarvan, de nog te verrichten onderzoekshandelingen. Uitgangspunt is dat dergelijke informatie uit een lopende strafzaak niet openbaar wordt gemaakt", "antwoord 3": "Het College adviseert mij in zijn ambtsberichten geregeld welke informatie daaruit, bijvoorbeeld uit het oogpunt van belangen van opsporing en vervolging, zich niet voor openbaarmaking lenen. Echter, de Minister van Justitie beslist of en zo ja op welke wijze de Tweede Kamer wordt ge\u00c3\u00afnformeerd", "antwoord 4": "Het College heeft de fractievoorzitter van het CDA bij brief van 25 maart jl. schriftelijk ge\u00c3\u00afnformeerd naar aanleiding van diens eerder gedane telefonisch verzoek om informatie over de reden waarom de dagvaarding tegen verdachte zo kort voor de zitting is ingetrokken", "antwoord 5": "Het College heeft mijn ambtsvoorganger, eerst kort mondeling en vervolgens in genoemd schrijven van 25 maart jl. op de hoogte gebracht van dit telefoongesprek, van de stand van zaken met betrekking tot het onderzoek en van de nader te verrichten onderzoekshandelingen alsmede van de schriftelijke reactie van het College aan de fractievoorzitter van het CDA", "antwoord 6": "De bij een strafrechtelijk onderzoek betrokkenen informeren veelvuldig naar het verloop van het onderzoek en beslissingen van het openbaar ministerie dienaangaande. Dergelijke verzoeken zijn volstrekt oirbaar en vormen geen belemmering van de rechtsgang. Het openbaar ministerie tracht deze verzoeken dan ook waar mogelijk van een reactie te voorzien", "antwoord 7": "De bereidheid daartoe was aanwezig, maar de mogelijkheid ontbrak. ]"}