{"Bibliografische_omschrijving": "Vragen van de leden Weekers en Van Blerck-Woerdman (beiden VVD) aan de minister van Volksgezondheid, Welzijn en Sport over de huisartsenposten in Limburg. (Ingezonden 3 mei 2002); Antwoord", "Bestand": "15Kb", "Permalink": "\nhttp://www.geencommentaar.nl/parlando/index.php?action=doc&filename=KVR15742\n", "Inhoud": "Vragen over het groot aantal problemen en klachten over de spreiding en kwaliteit van de huisartsenposten in het algemeen en in Limburg in het bijzonder.", "Rubriek": "Gezondheidszorg (Medische beroepen)", "Trefwoorden": "Artsen", "Vindplaats": "Kamervragen met antwoord 2001-2002, nr. 1214, Tweede Kamer", "Afkomstig van": "2010209980", "Indiener": "Volksgezondheid, Welzijn en Sport (VWS)", "Partij vertegenwoordiger": "<persoon partij=\"VVD\">Weekers</persoon>", "Datum_reaktie": "\n", "Datum_indiening": "<persoon partij=\"VVD\">Van Blerck-Woerdman</persoon>", "vraag 1": "Bent u bekend met het groot aantal problemen en klachten over de spreiding en kwaliteit van de huisartsenposten in het algemeen en in Limburg in het bijzonder? ", "vraag 2": "Deelt u de opvatting dat huisartsenzorg breed toegankelijk en voor iedereen bereikbaar moet zijn in ons land? ", "vraag 3": "Welke normen hanteert u voor een optimale spreiding en bereikbaarheid? Binnen hoeveel tijd moet een huisartsenpost bereikbaar zijn? Welke criteria worden door huisartsen gehanteerd om zelf naar de pati\u00c3\u00abnt toe te gaan? ", "vraag 4": "Hoe beoordeelt u in dit licht de spreiding en kwaliteit van de huisartsenposten in Limburg? ", "vraag 5": "Welke mogelijkheden ziet u om tot een betere spreiding en bereikbaarheid te komen en welke middelen heeft u daarbij ter beschikking? ", "vraag 6": "Deelt u de opvatting dat huisartsenposten pati\u00c3\u00abnten uit andere districten niet mogen weigeren? ", "vraag 7": "Wie is juridisch verantwoordelijk als er fouten worden gemaakt in de huisartsenpost, meer in het bijzonder wanneer er beoordelingsfouten tijdens de telefonische intake worden gemaakt door doktersassistenten? ", "vraag 8": "Bent u bereid een landelijk onderzoek te starten naar de vraag of de huidige ontwikkeling in huisartsenposten wel op verantwoorde wijze geschiedt, zoals professor Spreeuwenberg heeft bepleit? ", "antwoord 1": "[Ik ben ervan op de hoogte dat een aantal zaken die de spreiding en kwaliteit van de huisartsenposten in het algemeen en in Limburg in het bijzonder betreffen, niet altijd goed lopen", "antwoord 2": "Ja", "antwoord 3": "De bereikbaarheidsnorm is een door de beroepsgroep gehanteerde beroepsnorm voor spoedeisende medische zorgverlening. Deze norm wordt in beginsel vastgesteld door de beroepsgroep zelf, maar wordt bevestigd als kwaliteitsnorm voor verantwoorde zorg. De uitvoering is mede een verantwoordelijkheid van verzekeraars die de zorg contracteren. Deze laatsten immers hebben een zorgplicht naar hun verzekerden. Onlangs is door de beroepsgroep zelf (de Landelijke Huisartsenvereniging. LHV) de landelijke bereikbaarheidsnorm omgezet van een 15 minuten \u00c2\u00abresultaatsverplichting\u00c2\u00bb naar een 15 minuten \u00c2\u00abinspanningsverplichting\u00c2\u00bb. Zoals gezegd betreft het hier een door de beroepsgroep zelf opgestelde bereikbaarheidsnorm voor medische zorgverlening met een spoedeisend karakter, dat maakt dat de huisarts zich geroepen voelt om zelf naar de pati\u00c3\u00abnt toe te gaan", "antwoord 4": "De planning van huisartsenposten is een zaak van de beroepsgroep in samenspraak met de verzekeraar. Het vertrekpunt bij die planning is wel dat daarbij rekening wordt gehouden met de vastgestelde beroepsnorm. Dat betekent dat wannneer op voorhand duidelijk is dat een inspanningsverplichting zoals bedoeld in het antwoord op vraag 3 niet haalbaar is, de huisartsen samen met zorgverzekeraars bij de planning van de centrale posten verplicht zijn voor dit probleem een oplossing te vinden. Voor het overige verwijs ik naar het antwoord op vraag 5", "antwoord 5": "De inspectie voor de Gezondheidszorg (IGZ) ziet toe op de uitvoeringspraktijk van de bereikbaarheid van de huisartsenzorg en ziet er op toe of er daadwerkelijk sprake is van verantwoorde zorg. Ik heb de IGZ reeds eerder dit jaar verzocht mij te informeren en adviseren over de problematiek met betrekking tot de bereikbaarheid van de Avond-, Nacht- en Weekenddiensten. Ik heb inmiddels van de IGZ vernomen dat zij het proces van de oprichting naar een landelijk dekkend netwerk van huisartsenposten nauwlettend volgt. Het beleid van de IGZ is \u00e2\u20ac\u201c conform de bedoeling van de wetgever \u00e2\u20ac\u201c erop gericht om de verantwoordelijkheid voor het ontwikkelen van kwaliteitsnormen voor de centrale huisartsenposten primair daar te laten waar zij hoort, nl. bij de beroepsgroep zelf. De LHV en het Nederlandse Huisartsen Genootschap zijn daar momenteel goed mee bezig. De inspectie volgt deze ontwikkelingen nauwlettend en geeft, waar nodig, prikkels aan de beroepsgroep om een aantal van bovengenoemde normen versneld te ontwikkelen. Dit betreft vooral veiligheidsaspecten voor de pati\u00c3\u00abnt. Daartoe is correspondentie en overleg met het bestuur van de LHV opgestart. Alle centrale huisartsenposten zijn aangeschreven om een centrale registratie bij de inspectie te realiseren zodat in de toekomst gericht contact en eventueel onderzoek mogelijk is. Tenslotte deel ik u mee dat de IGZ heeft besloten in de loop van 2003 een thematisch onderzoek naar de kwaliteit, toegankelijkheid en continu\u00c3\u00afteit van de huisartsenzorg bij de centrale huisartsenposten uit te voeren", "antwoord 6": "Ja", "antwoord 7": "Met het IGZ ben ik van mening dat de huisarts de medische eindverantwoordelijkheid heeft", "antwoord 8": "In het licht van het antwoord op vraag 5 aangaande mijn mededeling dat de IGZ besloten heeft in de loop van 2003 een thematisch onderzoek te doen naar de kwaliteit, toegankelijkheid en continu\u00c3\u00afteit van de zorg bij de centrale huisartsenposten, zie ik thans geen aanleiding voor een dergelijk onderzoek. ]"}