{"Bibliografische_omschrijving": "Vragen van het lid Duijkers (PvdA) aan de minister van Justitie over de te ontwikkelen Ritme en Blues Jeugdgevangenis te Amsterdam. (Ingezonden 19 februari 2002); Mededeling", "Bestand": "13Kb", "Permalink": "\nhttp://www.geencommentaar.nl/parlando/index.php?action=doc&filename=KVR15268\n", "Inhoud": "Vragen naar aanleiding van een artikel in de Volkskrant van 12 februari 2002 over een te ontwikkelen Ritme en Blues jeugdgevangenis, op initiatief van de Rotary. De vragen dienen ter aanvulling op eerdere vragen terzake van het lid De Wit, ingezonden 14 februari 2002.", "Rubriek": "Criminaliteit en openbare orde (Gevangeniswezen en penitentiair recht) Welzijn (Jeugdigen)", "Trefwoorden": "Gevangeniswezen Jeugdigen", "Vindplaats": "Kamervragen met antwoord 2001-2002, nr. 805, Tweede Kamer", "Afkomstig van": "2010206350", "Indiener": "Justitie (JUS)", "Partij vertegenwoordiger": "<persoon partij=\"PvdA\">Duijkers</persoon>", "Datum_reaktie": "\n", "Datum_indiening": "2002-03-12", "vraag 1": "Is het bericht correct dat deze inrichting tot stand komt op initiatief van de Rotary? ", "vraag 2": "Is de Beginselenwet Justiti\u00c3\u00able jeugdinrichtingen van kracht op deze inrichting? ", "vraag 3": "Valt het beheer van deze jeugdgevangenis onder uw verantwoordelijkheid? ", "vraag 4": "Staat de inrichting onder ambtelijke leiding? ", "vraag 5": "Hoe waardeert u dit initiatief? ", "antwoord 1": "[]"}