{"Bibliografische_omschrijving": "Vragen van het lid Van Leeuwen (CDA) aan de ministers van Buitenlandse Zaken en Sociale Zaken en Werkgelegenheid over deelname van ouderen aan het arbeidsproces.; Antwoord", "Bestand": "13Kb", "Permalink": "\nhttp://www.geencommentaar.nl/parlando/index.php?action=doc&filename=KVR14708\n", "Inhoud": "Vragen over kabinetsbeleid inzake de bevordering van arbeidsparticipatie van ouderen, naar aanleiding van het vervroegd met pensioen sturen van de directeur-generaal bij de Raad van de Europese Unie.", "Rubriek": "Arbeid (Algemeen) Arbeid (Werknemers) Internationale betrekkingen (Europese Unie) Welzijn (Ouderen)", "Trefwoorden": "Arbeid Ouderen Werknemers", "Vindplaats": "Kamervragen met antwoord 2001-2002, nr. 3, Eerste Kamer", "Afkomstig van": "0", "Indiener": "Buitenlandse Zaken (BUZA)", "Partij vertegenwoordiger": "<persoon partij=\"CDA\">Van Leeuwen</persoon>", "Datum_reaktie": "\n", "Datum_indiening": "2001-11-29", "vraag 1": "Is het juist, dat de D.G. bij de Raad van de Europese Unie, belast met externe economische betrekkingen, met vervroegd pensioen wordt gestuurd? (zie Ondernemen, no. 9, november 2001) ", "vraag 2": "Willen de bewindslieden alsnog bewerkstelligen, dat dit besluit wordt teruggenomen als zijnde volledig in strijd met het beleid dat het kabinet terzake van de deelname van ouderen aan het arbeidsproces wil voeren? ", "vraag 3": "Zo dit niet mogelijk is, is hier dan sprake van onvoldoende co\u00c3\u00b6rdinatie van het kabinetsbeleid en welke maatregelen zal het kabinet nemen om herhaling te voorkomen? ", "antwoord 1": "[Ja", "antwoord 2": "Neen, dit is niet mogelijk. De Minister van Sociale Zaken en Werkgelegenheid is verantwoordelijk voor het Nederlandse beleid gericht op het verhogen van de arbeidsparticipatie van ouderen. De persoon in kwestie is evenwel in dienst van de Raad van de Europese Unie en valt in dat verband niet onder het Nederlandse Kabinetsbeleid. ]"}