{"Bibliografische_omschrijving": "Vragen van het lid Kamp (VVD) aan de staatssecretaris van Justitie over fakeaanvragen. (Ingezonden 1 november 2001); Mededeling", "Bestand": "13Kb", "Permalink": "\nhttp://www.geencommentaar.nl/parlando/index.php?action=doc&filename=KVR14604\n", "Inhoud": "Vragen over aanwijzingen dat bij de vreemdelingendiensten in de vier grote steden aanvragen voor verblijfsvergunningen worden ingediend door personen die niet in het bezit zijn van een machtiging tot voorlopig verblijf (mvv).", "Rubriek": "Staats- en bestuursrecht (Vreemdelingenrecht)", "Trefwoorden": "Vluchtelingen", "Vindplaats": "Kamervragen met antwoord 2001-2002, nr. 259, Tweede Kamer", "Afkomstig van": "2010201770", "Indiener": "Justitie (JUS)", "Partij vertegenwoordiger": "<persoon partij=\"VVD\">Kamp</persoon>", "Datum_reaktie": "\n", "Datum_indiening": "2001-11-14", "vraag 1": "Zijn er aanwijzingen dat bij de vreemdelingendiensten in de vier grote steden aanvragen voor verblijfsvergunningen (regulier) worden ingediend door personen, die zonder machtiging tot voorlopig verblijf (mvv) in Nederland verblijven, kennelijk met als doel, gedurende de procedures in verband met de aanvraag in Nederland, arbeid te kunnen verrichten? Staan deze aanvragen bij de behandelende ambtenaren bekend als fakeaanvragen? ", "vraag 2": "Waarom worden deze aanvragen voor een verblijfsvergunning (regulier), zonder dat de desbetreffende personen in het bezit van een machtiging tot voorlopig verblijf zijn, in behandeling genomen? Waarom worden zij niet naar het land van herkomst teruggestuurd om daar eerst een machtiging tot voorlopig verblijf aan te vragen? ", "vraag 3": "Gaan de betrokken personen, na afwijzing of buiten behandelingstelling van de aanvraag, in bezwaar en beroep en wordt een voorlopige voorziening tegen de verwijdering gevraagd? ", "vraag 4": "Krijgen betrokkenen vervolgens een aantekening in hun paspoort, die aangeeft dat een aanvraag voor een verblijfsvergunning is ingediend, met als gevolg dat ze voorlopig in Nederland mogen blijven? Is het toegestaan op basis van zo\u00e2\u20ac\u2122n aantekening in het paspoort in Nederland arbeid te verrichten? ", "vraag 5": "Hoe lang duurt in het algemeen de afwikkeling van de procedure in verband met een fakeaanvraag? Duurt de afwikkeling een jaar of langer? ", "vraag 6": "Hoeveel van deze aanvragen komen gemiddeld wekelijks binnen bij de vreemdelingendiensten in de vier grote steden? ", "vraag 7": "Zijn er aanwijzingen dat hierbij sprake is van georganiseerde verbanden? Zo ja, wie organiseren het indienen van fakeaanvragen? ", "vraag 8": "Deelt u de mening dat aan deze praktijken een eind moet worden gemaakt? Welke maatregelen gaat u daartoe nemen? Is wetswijziging noodzakelijk teneinde hieraan een einde te maken. Zo ja, bent u daartoe bereid? Zo neen, waarom niet? ", "antwoord 1": "[]"}