{"Bibliografische_omschrijving": "Vragen van de leden Cherribi en Nicola\u00c3\u00af (beiden VVD) aan de ministers van Binnenlandse Zaken en Koninkrijksrelaties en voor Grote Steden- en Integratiebeleid over een gebrek aan politiebescherming bij de millenniumwisseling. (Ingezonden 17 november 1999); Antwoord", "Bestand": "16Kb", "Permalink": "\nhttp://www.geencommentaar.nl/parlando/index.php?action=doc&filename=KVR10776\n", "Inhoud": "Deze vragen dienen ter aanvulling op eerdere vragen terzake van de leden Wijn en Rietkerk (Aanh. Hand. II, 1999-2000, nr. 461).", "Rubriek": "Communicatie, media en informatievoorziening (Hard- en software) Criminaliteit en openbare orde (Handhaving openbare orde) Criminaliteit en openbare orde (Politie)", "Trefwoorden": "Automatisering Openbare orde en veiligheid Politie", "Vindplaats": "Kamervragen met antwoord 1999-2000, nr. 462, Tweede Kamer", "Afkomstig van": "2990002920", "Indiener": "Binnenlandse Zaken en Koninkrijksrelaties Grote Steden- en Integratiebeleid", "Partij vertegenwoordiger": "<persoon partij=\"VVD\">Cherribi</persoon>", "Datum_reaktie": "\n", "Datum_indiening": "<persoon partij=\"VVD\">Nicola\u00c3\u00af</persoon>", "vraag 1": "Hoe is het mogelijk dat de politie, ondanks ruime voorbereidingstijd en inzet van de kant van de minister, niet in staat is in de millenniumnacht de veiligheid van de mensen thuis voldoende in de gaten te houden? ", "vraag 2": "Spoort de mededeling van de politie met de informatie in het kader van de millenniumcampagne? ", "vraag 3": "Bent u van oordeel dat de politie de juiste prioriteiten stelt door te letten op openbare orde en openbare rechtshandhaving maar tegelijk de handen af te trekken van de politiezorg voor winkels, bedrijven en de mensen thuis? ", "vraag 4": "Ziet u in dat de bekendmaking dat de mensen thuis het tijdens de millenniumnacht, als het nodig mocht zijn, zonder voldoende politiezorg moeten stellen, kan werken als open uitnodiging aan mensen die het die nacht voorzien hebben op de veiligheid van anderen? ", "vraag 5": "Is bekend welke gevolgen verzekeraars kunnen verbinden aan de politiemededeling dat de politiezorg tijdens de millenniumnacht sterk is verminderd? ", "vraag 6": "Vormt de prioriteitstelling in politiezorg een precedent voor toekomstige grote gebeurtenissen zoals het WK 2000? ", "vraag 7": "Wat adviseert u de mensen te ondernemen om voor eigen veiligheid zorg te dragen? Hoe moeten zij zich voorbereiden op een situatie waarin zij niet op voldoende politiezorg hoeven te rekenen? ", "antwoord 1": "[Omdat deze vragen met elkaar samenhangen en het artikel van het Algemeen Dagblad waaraan gerefereerd wordt een onjuist beeld schetst, zal ik op deze vragen als geheel ingaan. Eerst zal ik mede op grond van de informatie die ik van het Nederlands Politie Instituut (NPI) heb gekregen, u de ontstaansgeschiedenis van de publiciteit in deze schetsen. De regiopolitie Hollands-Midden heeft de bedrijven in haar verzorgingsgebied in samenwerking met de regionale Kamers van Koophandel aangeschreven over de millenniumnacht. In deze brief wordt onder andere aan de bedrijven geadviseerd om die nacht ook zelf maatregelen te treffen ter bescherming van de onderneming tegen criminaliteit en storingen. Deze brief is vervolgens geplaatst op de internetsite van het Millennium Platform. Het Algemeen Dagblad heeft delen uit deze brief gepubliceerd en daar de conclusie aan verbonden dat de politie tijdens de eeuwwisseling niet beschikbaar zou zijn voor meldingen van (bedrijfs)inbraken. Hierop is zowel vanuit het korps Hollands-Midden als vanuit het NPI kenbaar gemaakt dat de politie op volle personele sterkte zal zijn tijdens de eeuwwisseling en \u00e2\u20ac\u201c net als anders \u00e2\u20ac\u201c zich zal inzetten voor de handhaving van de openbare orde en de veiligheid. In tegenstelling tot berichten in de media is de politie wel degelijk bereikbaar en beschikbaar voor eventuele assistentie bij de bescherming van particuliere en bedrijfseigendommen, zo is mij gebleken uit informatie die ik van het NPI heb gekregen. Voor, tijdens en na de eeuwwisseling zal de Nederlandse politie met een hoge personele inzet paraat zijn. De voorbereidingen voor de inzet van politiemensen tijdens die periode zijn al geruime tijd in volle gang. Zowel voor burgers als bedrijven zal de politie in de millenniumnacht bereikbaar zijn voor snelle en doeltreffende hulpverlening op alle taken waarvoor de politie ook anderszins aanspreekbaar is. In het politiewerk zijn er altijd prioriteiten, zoals het voorkomen en beperken van het verlies van mensenlevens en lichamelijk letsel en het handhaven van de openbare orde, alsmede de strafrechtelijke handhaving van de rechtsorde. Een van de prioriteiten in het politiewerk tijdens het millenniumfeest is tevens de bescherming van eigendommen en het verlenen van hulp aan bedrijven en burgers die daarom vragen. Dit neemt niet weg dat het aanbeveling verdient om ook zelf attent te zijn op het voorkomen of beperken van calamiteiten. De lopende millenniumcampagne heeft als thema \u00c2\u00abWant wij Nederlanders zijn wel goed..., maar we zijn niet gek...\u00c2\u00bb. In de campagne wordt tot uitdrukking gebracht dat er veel vertrouwen bestaat in de aanpak van het millenniumprobleem maar dat er voor alle zekerheid extra voorzorgsmaatregelen zijn getroffen. Deze boodschap is op iedereen van toepassing. In dit verband dient de mededeling van de politieregio Hollands-Midden als een bevestiging daarvan gezien te worden. Gezien de extra hoge personele inzet tijdens de eeuwwisseling verwacht de politie naar behoren aan verzoeken om assistentie te kunnen voldoen. Dus ook tijdens de millenniumwisseling kunnen burgers en bedrijven op de politie rekenen. ]"}