{"Bibliografische_omschrijving": "Vragen van het lid Wijn (CDA) aan de minister van Justitie over de heer Cohen en Jeroen Corduwener. (Ingezonden 1 maart 2002); Antwoord", "Bestand": "13Kb", "Permalink": "\nhttp://www.geencommentaar.nl/parlando/index.php?action=doc&filename=KVR15515\n", "Inhoud": "Gevraagd wordt of er een samenhang bestaat tussen het boek 'Een vreemdeling op Justitie' van Jeroen Corduwener en advieswerk dat Jeroen Corduwener zou hebben gedaan in opdracht van het ministerie van Justitie.", "Rubriek": "Staats- en bestuursrecht (Ministeries) Staats- en bestuursrecht (Regering)", "Trefwoorden": "Justitie (ministerie) Staatssecretarissen", "Vindplaats": "Kamervragen met antwoord 2001-2002, nr. 1018, Tweede Kamer", "Afkomstig van": "2010207400", "Indiener": "Justitie (JUS)", "Partij vertegenwoordiger": "<persoon partij=\"CDA\">Wijn</persoon>", "Datum_reaktie": "\n", "Datum_indiening": "2002-04-16", "vraag 1": "Heeft u het boek \u00c2\u00abEen vreemdeling op Justitie\u00c2\u00bb van Jeroen Corduwener gelezen waarin voormalig staatssecretaris van Justitie Cohen werd gevolgd? ", "vraag 2": "Is het waar dat de schrijver van het boek 45.000 gulden heeft ontvangen voor advieswerk uit de begroting van uw ministerie? ", "vraag 3": "Bestaat er een samenhang tussen het advieswerk van de schrijver en het boek over de heer Cohen? Zo nee, wat was dan de aard van de adviezen? Zo ja, kunt u die samenhang toelichten? ", "antwoord 1": "[Ja", "antwoord 2": "Nee. Aan de heer Corduwener is een subsidie verleend tot maximaal f 45 608 ten behoeve van een onderzoek naar AMA\u00e2\u20ac\u2122s. Het doel van het onderzoek was inzicht te verkrijgen in beweegredenen van AMA\u00e2\u20ac\u2122s om naar Nederland te komen, hun verwachtingen en hun ervaringen in Nederland. Het resultaat van dat onderzoek zou worden weergegeven in een boek. De subsidieverstrekking is overeenkomstig de subsidiebepalingen en onder strikte voorwaarden schriftelijk vastgelegd. Hierbij werd tevens opgenomen de afspraak dat de eindafrekening pas plaats zou hebben een jaar na de verschijningsdatum van het boek. Deze afspraak had onder meer te maken met het feit dat de inkomsten, die de heer Corduwener zou ontvangen uit de verkoop van het boek, in mindering zouden worden gebracht op de verleende subsidie. Dit AMA-boek is nooit verschenen. Wel verscheen een boek over de heer Cohen, hetgeen echter buiten het afgesproken onderzoek en derhalve buiten de afspraak viel. Zoals het er nu naar uit ziet zal het onderhavige boek ook niet meer verschijnen. Daarom zal ik zo spoedig mogelijk overeenkomstig de hiervoor genoemde bepalingen de verstrekte subsidie vaststellen en overgaan tot een gehele of gedeeltelijke terugvordering van hetgeen reeds is betaald", "antwoord 3": "Nee, afspraken in die zin zijn nooit gemaakt. Zie verder het antwoord onder 2 en mijn antwoorden op de vragen van het lid Kamp. ]"}