{"Bibliografische_omschrijving": "Vragen van het lid Dittrich (D66) aan de minister van Justitie over de uitvoering van het Haags Verdrag over de burgerrechtelijke aspecten van internationale kinderontvoering. (Ingezonden 13 februari 2002); Antwoord", "Bestand": "15Kb", "Permalink": "\nhttp://www.geencommentaar.nl/parlando/index.php?action=doc&filename=KVR15082\n", "Inhoud": "Vragen naar aanleiding van een beschikking van het Gerechtshof in Den Haag, waardoor een vrouw verplicht wordt haar twee kinderen op 15 februari 2002 naar Canada te laten terugkeren.", "Rubriek": "Burgerlijk recht en burgerlijk procesrecht (Personen- en familierecht) Welzijn (Jeugdigen)", "Trefwoorden": "Echtscheidingen Jeugdigen Personen- en familierecht", "Vindplaats": "Kamervragen met antwoord 2001-2002, nr. 642, Tweede Kamer", "Afkomstig van": "2010206050", "Indiener": "Justitie (JUS)", "Partij vertegenwoordiger": "<persoon partij=\"D66\">Dittrich</persoon>", "Datum_reaktie": "\n", "Datum_indiening": "2002-02-15", "vraag 1": "Bent u bekend met de beschikking van het Gerechtshof in Den Haag van 11 februari 2002 (rekestnummer 99-R-02) in de zaak tegen de Nederlandse Centrale Autoriteit, waardoor mevrouw verplicht wordt haar twee kinderen op 15 februari 2002 naar Canada te laten terugkeren? ", "vraag 2": "Waarom heeft de Nederlandse Centrale Autoriteit tot dusver niets ondernomen in het kader van art. 7 van het Verdrag om afspraken te maken met de Canadese Centrale Autoriteit omtrent verzorging, opvoeding en omgang met de kinderen? Deelt u de mening dat de Nederlandse Centrale Autoriteit zulks moet doen in het belang van de kinderen? ", "vraag 3": "Waarom heeft de Nederlandse Centrale Autoriteit geen garantie bedongen bij de Canadese autoriteiten dat mevrouw niet wordt aangehouden en vervolgd terzake van kinderontvoering, wanneer zij het grondgebied van Canada betreedt? ", "vraag 4": "Waarom heeft de Nederlandse Centrale Autoriteit geen informatie gegeven over het in Canada kunnen verkrijgen van goede juridische bijstand? Bent u bereid toe te zeggen dat de Staat een bijdrage levert in het betalen van de kosten van de advocaat, zulks in het belang van de kinderen die beiden de Nederlandse nationaliteit hebben? ", "vraag 5": "Bent u bereid de in het ministerie van Justitie gevestigde Nederlandse Centrale Autoriteit opdracht te geven afdoende garanties, zoals in bovenstaande vragen bedoeld, te laten bedingen? ", "vraag 6": "Bent u bereid en in staat deze vragen v\u00c3\u00b3\u00c3\u00b3r 15 februari 2002 inhoudelijk te beantwoorden? Indien dit niet mogelijk is, bent u dan bereid de terugkeerdatum van 15 februari 2002 op te schorten? Zo neen, waarom niet? ", "antwoord 1": "[Ja. In deze beschikking bekrachtigt het Hof de beschikking van de Rechtbank te Rotterdam van 23 januari 2002 (rekestnummer 167623/FA RK 01-5838), waarin deze bepaalt dat de kinderen voor 15 februari 2002 dienen te zijn teruggekeerd naar Canada, dan wel voor deze datum aan de vader te zijn afgegeven", "antwoord 2": "Een verzoek van de moeder om tussenkomst van de Nederlandse Centrale Autoriteit in verband met de terugkeer van de kinderen heeft deze bereikt op dinsdag 12 februari jongstleden. Gevolg gevend aan dit verzoek heeft de Nederlandse Centrale Autoriteit contact opgenomen met de Canadese Centrale Autoriteit opdat in Canada de eventueel noodzakelijke stappen kunnen worden ondernomen om de bescherming van de kinderen te verzekeren nadat zij daar zijn teruggekeerd. Gevraagd is voorts om informatie over de verlening van rechtsbijstand in Canada. Een dergelijk optreden van de Nederlandse Centrale Autoriteit behoort tot de mogelijkheden wanneer de rechter de terugkeer van de kinderen heeft gelast. Het is echter niet mogelijk dat zij bij een andere centrale autoriteit \u00c2\u00abgaranties bedingt\u00c2\u00bb in die zin dat zij die andere centrale autoriteit zou kunnen dwingen bepaalde maatregelen te nemen. Haar taak beperkt zich tot het verstrekken van nuttige informatie aan de ouder wiens kinderen moeten terugkeren en het plegen van overleg met de centrale autoriteit van de staat van de gewone verblijfplaats van de kinderen, opdat deze laatste nadere informatie verstrekt, juridische stappen neemt dan wel instanties in de arm neemt die erop toezien dat de kinderen naar behoren worden opgevangen. De vraag welke stappen in een concreet geval in het land van de gewone verblijfplaats worden genomen, is ter beoordeling van de autoriteiten aldaar. Tijdens het algemeen overleg met de Vaste Commissie voor Justitie op 3 oktober 2000 , in een brief aan de Vaste Commissie voor Justitie, 9 oktober 2000 , alsmede in een brief aan uw Kamer, 31 januari 2001 , is reeds aangegeven dat, en waarom in geval van internationale kinderontvoering de verlening van rechtsbijstand door de Nederlandse Staat beperkt blijft tot de procedures onder het Verdrag en zich derhalve niet uitstrekt tot procedures die na de terugkeer van het kind in het buitenland worden gevoerd over het gezag of het omgangsrecht. Ook waar geen sprake is van ongeoorloofde overbrenging kunnen immers in zijn algemeenheid Nederlanders die in het buitenland procedures voeren op het gebied van echtscheiding, gezag en omgang geen beroep doen op een vergoeding van de kosten voor rechtshulp door de Nederlandse Staat. Landen waarin men in een dergelijke financiering van rechtsbijstand voorziet, zijn ook niet bekend. Ik handhaaf dit standpunt en kan aan het verzoek om toezegging van rechtsbijstand derhalve niet voldoen. Het voorgaande laat overigens onverlet dat er op het gebied van rechtsbijstand in internationale zaken verdragen zijn en dat in exceptionele gevallen consulaire hulp en bijstand aan Nederlanders in het buitenland wordt verleend", "antwoord 3": "De voorgaande vragen zijn v\u00c3\u00b3\u00c3\u00b3r 15 februari 2002 beantwoord. ]"}