{"Bibliografische_omschrijving": "Vragen van de leden Hoekema en Bakker (beiden D66) aan de staatssecretaris van Justitie over de Grand Pair Stichting. (Ingezonden 13 december 2001); Mededeling", "Bestand": "13Kb", "Permalink": "\nhttp://www.geencommentaar.nl/parlando/index.php?action=doc&filename=KVR14896\n", "Inhoud": "Vragen over de Grand Pair Stichting die au pairs plaatst bij ouderen.", "Rubriek": "Arbeid (Werknemers) Welzijn (Ouderen) Welzijn (Vreemdelingen en asielzoekers)", "Trefwoorden": "Buitenlandse werknemers Ouderen Vreemdelingen", "Vindplaats": "Kamervragen met antwoord 2001-2002, nr. 484, Tweede Kamer", "Afkomstig van": "2010203570", "Indiener": "Justitie (JUS)", "Partij vertegenwoordiger": "<persoon partij=\"D66\">Hoekema</persoon>", "Datum_reaktie": "\n", "Datum_indiening": "<persoon partij=\"D66\">Bakker</persoon>", "vraag 1": "Bent u bekend met de Grand Pair Stichting die ten doel heeft au pairs te plaatsen bij ouderen? ", "vraag 2": "Hoe kijkt u aan tegen het feit dat jongeren, die in het kader van het grand pair project naar Nederland willen komen, niet in het bezit worden gesteld van een mvv? ", "vraag 3": "Bent u van mening dat de bepalingen in de Vreemdelingencirculaire met betrekking tot het verblijf als au pair het doel van voornoemde stichting in de weg staan? En waarom bent u deze mening (niet) toegedaan? ", "vraag 4": "Bent u bereid \u00e2\u20ac\u201c indien nodig \u00e2\u20ac\u201c de wet- en regelgeving aan te passen om het initiatief van de Grand Pair Stichting mogelijk te maken? Zo neen, waarom niet? Bent u in dat geval tenminste bereid om een proefproject toe te staan? ", "antwoord 1": "[]"}