{"Bibliografische_omschrijving": "Vragen van de leden Halsema en Hermann (beiden GroenLinks) aan de ministers van Justitie en van Volksgezondheid, Welzijn en Sport over het schip \u00c2\u00abMaydin Reefer\u00c2\u00bb. (Ingezonden 20 februari 2002); Antwoord", "Bestand": "13Kb", "Permalink": "\nhttp://www.geencommentaar.nl/parlando/index.php?action=doc&filename=KVR15411\n", "Inhoud": "Vragen naar aanleiding van het vonnis van de rechtbank Den Haag, dat bij het niet betalen van verschuldigde havengelden van het zeeschip dat in de haven bij Den Haag ligt, de gemeente over mag gaan tot openbare verkoop. Het betreft vragen over het lot van de bemanningsleden, die al sinds juni 2001 niet van boord zijn geweest.", "Rubriek": "Arbeid (Arbeidsomstandigheden) Burgerlijk recht en burgerlijk procesrecht (Executie en beslag) Verkeer, vervoer en waterstaat (Schepen) Verkeer, vervoer en waterstaat (Zeescheepvaart)", "Trefwoorden": "Arbeidsomstandigheden Dwangmiddelen Schepen Zeelieden", "Vindplaats": "Kamervragen met antwoord 2001-2002, nr. 928, Tweede Kamer", "Afkomstig van": "2010206580", "Indiener": "Justitie (JUS)", "Partij vertegenwoordiger": "<persoon partij=\"GroenLinks\">Halsema</persoon>", "Datum_reaktie": "\n", "Datum_indiening": "<persoon partij=\"GroenLinks\">Hermann</persoon>", "vraag 1": "Kent u het vonnis in kort geding van de president van de rechtbank Den Haag, 19 september 2001 waarin de eigenaar van het schip \u00c2\u00abMaydin Reefer\u00c2\u00bb veroordeeld is tot het betalen van aan de gemeente Den Haag verschuldigde havengelden en waarin, bij het ontbreken van betaling, de gemeente Den Haag de bevoegdheid heeft gekregen over te gaan tot verkoop? ", "vraag 2": "Weet u dat er zich op de \u00c2\u00abMaydin Reefer\u00c2\u00bb 25 bemanningsleden bevinden, die sinds 11 juni 2001 niet van boord zijn geweest? Bent u op de hoogte van de humanitaire omstandigheden? Op welke wijze garandeert u de medische zorg aan de bemanningsleden? ", "vraag 3": "Onderschrijft u de stelling dat bij conservatoir c.q. vreemdelingenbeslag op zeeschepen de beslaglegger, naast de overheid, een zorgplicht heeft voor de op dat schip aangemonsterde bemanning? ", "vraag 4": "Op welke wijze is de openbare verkoop van de \u00c2\u00abMaydin Reefer\u00c2\u00bb te verwachten? Indien de verkoop nog lang op zich laat wachten, hoelang acht u nog aanvaardbaar om de 25 bemanningsleden op het schip te laten verblijven? Bent u bereid de bemanningsleden toe te staan voor korte tijd in Nederland te laten verblijven? ", "antwoord 1": "[]"}