{"Bibliografische_omschrijving": "Vragen van het lid De Wit (SP) aan de minister van Binnenlandse Zaken en Koninkrijksrelaties over het niet instellen van de Commissie van toezicht, zoals genoemd in de Wet op de inlichtingen- en veiligheidsdienstsen 2002 (WIV). (Ingezonden 29 juli 2002); Antwoord", "Bestand": "14Kb", "Permalink": "\nhttp://www.geencommentaar.nl/parlando/index.php?action=doc&filename=KVR16197\n", "Inhoud": "Herdruk in verband met mede-ondertekening. Vragen over het feit dat de Commissie van toezicht betreffende inlichtingen- en veiligheidsdiensten, zoals genoemd in de Wet op de inlichtingen- en veiligheidsdiensten 2002, nog niet benoemd is terwijl deze wet per 29 mei 2002 in werking is getreden.", "Rubriek": "Criminaliteit en openbare orde (Inlichtingen- en veiligheidsdiensten)", "Trefwoorden": "Inlichtingen- en veiligheidsdiensten Toezicht", "Vindplaats": "Kamervragen met antwoord 2001-2002, nr. 1498H, Tweede Kamer", "Afkomstig van": "2010213170", "Indiener": "Binnenlandse Zaken en Koninkrijksrelaties (BZK)", "Partij vertegenwoordiger": "<persoon partij=\"SP\">De Wit</persoon>", "Datum_reaktie": "\n", "Datum_indiening": "2002-08-14", "vraag 1": "Is het waar dat de Commissie van toezicht betreffende inlichtingen- en veiligheidsdiensten, zoals genoemd in de Wet op de Inlichtingen- en veiligheidsdiensten 2002, nog niet benoemd is, terwijl deze wet per 29 mei 2002 in werking is getreden? ", "vraag 2": "Zo ja, wat is de reden dat deze wet in werking is getreden met uitzondering van artikel 6.1, waarin de instelling, samenstelling en andere bijzondere bepalingen betreffende de Commissie van toezicht worden geregeld? ", "vraag 3": "Acht u het niet wenselijk om de Commissie van toezicht op de inlichtingen- en veiligheidsdiensten ge\u00c3\u00afnstalleerd te hebben, zeker gezien de noodzaak van intensief toezicht bij de inwerkingtreding van de Wet op de inlichtingen- en veiligheidsdiensten? ", "vraag 4": "Op welke termijn zal de Commissie van toezicht op de inlichtingen- en veiligheidsdiensten worden ingesteld? ", "antwoord 1": "[Ja", "antwoord 2": "Op grond van het koninklijk besluit van 9 april 2002 is de paragraaf 6.1 van de Wet op de inlichtingen- en veiligheidsdiensten 2002 (WIV 2002) in werking getreden met ingang van 26 april 2002, en de overige bepalingen van deze wet met ingang van 29 mei 2002", "antwoord 3": "Zoals aangekondigd en toegelicht tijdens de parlementaire behandeling is de paragraaf betreffende de commissie van toezicht eerder in werking getreden om de in de wet voorgeschreven benoemingsprocedure te kunnen volgen en de commissie van toezicht niet te lang na de inwerkingtreding van de wet te kunnen installeren. Ik wijs er hierbij op dat de commissie van toezicht is belast met het toezicht achteraf op de rechtmatigheid van de uitvoering van de WIV 2002 en de Wet veiligheidsonderzoeken", "antwoord 4": "Door de minister-president is eind vorig jaar aan de vice-president van de Raad van State, de president van de Hoge Raad en de Nationale ombudsman gevraagd om, conform het gestelde in de WIV 2002, een aanbeveling voor te bereiden ten behoeve van de Tweede Kamer der Staten-Generaal. Naar wij hebben vernomen heeft deze commissie van aanbeveling zich geori\u00c3\u00abnteerd op de inhoud van de werkzaamheden en het daarbij behorende profiel van de commissie van toezicht betreffende de inlichtingen- en veiligheidsdiensten. Daarbij is de commissie voor de Inlichtingen- en Veiligheidsdiensten van de Tweede Kamer betrokken geweest. Vervolgens zijn kandidaten gezocht en is met hen gesproken. De aanbevelingslijst, bedoeld in artikel 65, tweede lid, WIV 2002, is gereed. Bij brief van 12 juli jl. heeft de commissie van aanbeveling de Voorzitter van de Tweede Kamer doen weten beschikbaar te zijn om mondeling de aanbevelingen in de Kamer kenbaar te maken en deze toe te lichten. Vervolgens kan de Tweede Kamer de voordracht vaststellen en kan het kabinet op basis hiervan tot benoeming overgaan. ]"}