{"Bibliografische_omschrijving": "Vragen van de leden Mosterd en Van de Camp (beiden CDA) aan de staatssecretaris van Onderwijs, Cultuur en Wetenschappen, mw. Adelmund, over de vergoeding voor het afnemen van staatsexamens. (Ingezonden 15 november 2001); Antwoord", "Bestand": "17Kb", "Permalink": "\nhttp://www.geencommentaar.nl/parlando/index.php?action=doc&filename=KVR14931\n", "Inhoud": "Vragen over de vergoeding voor docenten die in hun vakantie staatsexamens mavo, havo en vwo afnemen. Deze vergoeding zou door het nieuwe belastingsysteem netto lager uitvallen.", "Rubriek": "Inkomen en rechtspositie (Loontoeslagen) Voortgezet onderwijs (Examens) Voortgezet onderwijs (Rechtspositie onderwijspersoneel)", "Trefwoorden": "Examens Loontoeslagen Onderwijsgevenden voortgezet onderwijs", "Vindplaats": "Kamervragen met antwoord 2001-2002, nr. 514, Tweede Kamer", "Afkomstig van": "2010202370", "Indiener": "Onderwijs, Cultuur en Wetenschappen (OCW)", "Partij vertegenwoordiger": "<persoon partij=\"CDA\">Mosterd</persoon>", "Datum_reaktie": "\n", "Datum_indiening": "<persoon partij=\"CDA\">Van de Camp</persoon>", "vraag 1": "Bent u ervan op de hoogte dat een belangrijk aantal docenten \u00c3\u00a9\u00c3\u00a9n of twee weken van hun vakantie besteedt aan het afnemen van staatsexamens MAVO/HAVO en VWO? ", "vraag 2": "Is u bekend dat bij deze docenten onvrede is ontstaan doordat zij vanwege het nieuwe belastingsysteem netto minder vergoeding voor deze noodzakelijke werkzaamheden krijgen? ", "vraag 3": "Bent u van mening dat deze docenten door het nieuwe belastingsysteem geen lagere netto uitkering voor hun werkzaamheden mogen krijgen? ", "vraag 4": "Indien u vraag 3 niet met ja beantwoordt, op welke wijze gaat u dit probleem oplossen? ", "antwoord 1": "[Ja, ik ben er van op de hoogte dat ieder jaar ongeveer 800 docenten zich inzetten voor het goed doen verlopen van de staatsexamens", "antwoord 2": "Ja, inderdaad zouden de docenten in de meeste gevallen netto minder vergoeding ontvangen als gevolg van de nieuwe fiscale regelgeving. Er zijn docenten die hun medewerking aan de staatsexamens willen be\u00c3\u00abindigen", "antwoord 3": "Ik ben van mening dat de werkzaamheden die door deze docenten worden verricht van groot belang zijn, o.a. omdat met name de meer kwetsbare groepen leerlingen via de weg van de staatsexamens een diploma kunnen verwerven. In de praktijk fungeert het staatsexamen als een vangnet voor mensen die op een of andere manier het reguliere onderwijs niet naar tevredenheid hebben kunnen volbrengen. Soms betreft dit een of meer ontbrekende vakken voor de vervolgopleiding. Met name voor leerlingen in het svo en speciale inrichtingen bieden de staatsexamens een mogelijkheid een diploma voortgezet onderwijs te verkrijgen. Ook zijn er kandidaten die in het kader van het \u00c2\u00ablevenslang leren\u00c2\u00bb zich verder willen bekwamen, mensen die op latere leeftijd nog een certificaat of diploma willen behalen. Daarom wil ik door verhoging van de vergoeding voorkomen dat deze docenten door het nieuwe belastingsysteem een lagere netto uitkering krijgen", "antwoord 4": "De tegemoetkoming voor het afnemen van staatsexamens bestaat uit twee componenten: a. vacatiegeld; b. een vaste onkostenvergoeding van f 75,\u00e2\u20ac\u201c. Wat betreft de onkostenvergoeding kan het volgende worden gesteld. Vergoedingen zijn belastingvrij voor zover zij geacht kunnen worden te strekken tot bestrijding van kosten ter behoorlijke vervulling van de dienstbetrekking en voor zover zij naar algemene maatschappelijke opvattingen niet als beloning worden ervaren. Een vergoeding is niet belastbaar indien deze in redelijkheid is gegeven en objectief niet als beloning is bedoeld. Deze vereisten komen erop neer dat een niet onderbouwde vaste onkostenvergoeding van f 75,\u00e2\u20ac\u201c in feite inkomen vormt en vanaf 2001 fiscaal ook zo wordt behandeld \u00e2\u20ac\u201c derhalve belast wordt \u00e2\u20ac\u201c. Gelet op het belang van een ongestoord verloop van de staatsexamens in 2002 en verdere jaren heb ik besloten de vergoeding van examinatoren en zaalleiders in dienst van de staatsexamencommissie te verhogen tot 250,\u00e2\u20ac\u201c waarmee het financieel nadeel voor de betrokken docenten als gevolg van het belasten van de vergoeding volledig wordt gecompenseerd. De staatsexamencommissie is hierover ge\u00c3\u00afnformeerd. ]"}