{"Bibliografische_omschrijving": "Vragen van de leden Verburg en Mosterd (beiden CDA) aan de minister van Sociale Zaken en Werkgelegenheid over AOW en aanvullende bijzondere bijstand. (Ingezonden 4 februari 2002); Antwoord", "Bestand": "16Kb", "Permalink": "\nhttp://www.geencommentaar.nl/parlando/index.php?action=doc&filename=KVR15183\n", "Inhoud": "Vragen over het opsporen van ouderen met een onvolledige AOW-opbouw en de weigering van de Sociale Verzekeringsbank en de Belastingdienst om hun bestanden hiervoor open te stellen.", "Rubriek": "Sociale zekerheid (Ouderdomsvoorzieningen en pensioenen (AOW)) Staats- en bestuursrecht (Privacy)", "Trefwoorden": "AOW Privacy", "Vindplaats": "Kamervragen met antwoord 2001-2002, nr. 750, Tweede Kamer", "Afkomstig van": "2010205440", "Indiener": "Sociale Zaken en Werkgelegenheid (SZW)", "Partij vertegenwoordiger": "<persoon partij=\"CDA\">Verburg</persoon>", "Datum_reaktie": "\n", "Datum_indiening": "<persoon partij=\"CDA\">Mosterd</persoon>", "vraag 1": "Is het u bekend dat de Sociale Verzekeringsbank (SVb) en de Belastingdienst weigeren mee te werken aan elk verzoek van een gemeente om, in het kader van het opsporen van ouderen boven de 65 jaar met een onvolledige AOW-opbouw die derhalve in aanmerking komen voor aanvullende bijzondere bijstand, een beroep te mogen doen op de respectieve bestanden? ", "vraag 2": "Is u bekend dat hierdoor een gemeente mensen met een onvolledige AOW-opbouw niet gericht kan benaderen en dat dit tot gevolg heeft dat veel van deze mensen onder de armoedegrens leven met alle gevolgen van dien voor onder meer huisvesting en gezondheid? ", "vraag 3": "Op grond waarvan weigeren SVb en de Belastingdienst het eenmalig verstrekken van deze gegevens aan een gemeente? ", "vraag 4": "Welke stappen zult u nemen om aan dit probleem, waarvan met name allochtone ouderen de dupe zijn, een einde te maken? ", "antwoord 1": "[Zowel de SVB als de Belastingdienst hebben een registratie van persoonsgegevens voor een specifiek doel. Het verstrekken van de persoonsgegevens uit deze registraties aan derden (bijvoorbeeld gemeenten) is aan regels gebonden. De SVB verstrekt op grond van artikel 62 SUWI, uit eigen beweging of op verzoek, gegevens aan gemeenten (B&amp;W) die noodzakelijk zijn voor onder andere de uitvoering van de Algemene Bijstandswet. Als hierbij de te verstrekken gegevens niets kunnen toevoegen aan wat gemeenten z\u00c3\u00a9lf aan informatie tot hun beschikking kunnen hebben, dan laat de SVB het proportionaliteitsbeginsel van de vorig jaar van kracht geworden Wet Bescherming Persoonsgegevens (WBP) meewegen. Zie het antwoord op de vragen 2 en 3. Bij de Belastingdienst is de informatieverstrekking aan derden vastgelegd in het Voorschrift Informatieverstrekking Fiscus (VIF). Hierin staat dat de Belastingdienst en gemeenten elkaar desgevraagd informatie zullen verstrekken, voor zover het een specifieke cli\u00c3\u00abnt betreft. Momenteel is het Ministerie van Financi\u00c3\u00abn bezig met een voorstel wetsaanpassing om dit voorschrift in lijn te brengen met de Wet Bescherming Persoonsgegevens (WBP)", "antwoord 2": "Contact met de SVB leert dat een bestandsuittrek van de gemeente (vrijwel) dezelfde gegevens zal opleveren als wanneer de SVB dat zou doen: het levert een totaalbestand aan AOW-gerechtigden op. Dit komt doordat de SVB geen gegevens heeft over de overige inkomsten van AOW-gerechtigden (zoals aanvullend Nederlands pensioen). Aangezien gemeenten z\u00c3\u00a9lf de mogelijkheid hebben om via de Gemeentelijke Basisadministratie na te gaan welke personen in hun gemeente AOW-gerechtigd zijn, hebben de SVB-bestanden geen toegevoegde waarde. In beide gevallen zal van een \u00c2\u00abgerichte benadering\u00c2\u00bb geen sprake kunnen zijn. Er kan geen onderscheid worden gemaakt tussen rechthebbenden op aanvullende bijstand en zij die niet in die categorie vallen. Verder toont onderzoek aan dat bestandsvergelijking met landelijke gegevensbestanden een weinig effectief middel is om armoede te bestrijden. Zo geeft een rapport van Ernst &amp; Young getiteld \u00c2\u00abTerugdringen niet-gebruik van inkomensafhankelijke voorzieningen\u00c2\u00bb (december 1999) aan dat de verschillende gedefinieerde groepen z\u00c3\u00a9lf moeilijk te bereiken zijn. Er blijkt vaak een gering resultaat te staan tegenover een vrij uitgebreid onderzoek. Dat staat op gespannen voet met het beginsel van proportionaliteit in de zin van de WBP (i.e. kan er niet op een eenvoudiger wijze aan de benodigde gegevens worden gekomen?) Uit pilots in Groningen, Alphen aan den Rijn en Den Haag (1998), waarvan in het genoemde rapport van Ernst &amp; Young de uitkomst is opgetekend en waaraan ook de Belastingdienst heeft meegewerkt, blijkt dat landelijke bestandskoppeling weinig toegevoegde waarde heeft. Derhalve kan niet worden gesteld dat een bestandsvergelijking met bestanden van de SVB of de Belastingdienst tot gevolg zou hebben dat gemeenten mensen met een onvolledige AOW-opbouw gericht kunnen benaderen", "antwoord 3": "In de contacten met de VNG en individuele gemeenten heeft het terugdringen van niet-gebruik de aandacht. Hierbij worden ook mogelijkheden als brede publicatie, of het wijzen van werkgroepen \u00e2\u20ac\u201c van bijvoorbeeld allochtone ouderen \u00e2\u20ac\u201c op de mogelijkheden van bijzondere bijstand, meegenomen. Daarnaast kan elke gemeente zelf voor een pro-actieve aanpak kiezen om bepaalde groepen van personen bij wie dit voorkomt gericht te benaderen. Dit zal meer effect hebben dan de door vragenstellers bedoelde bestandsvergelijking. ]"}