{"Bibliografische_omschrijving": "Vragen van de leden Middel en Vreeman (beiden PvdA) over ongelukken bij sociale werkplaatsen. (Ingezonden 27 juni 1995); Antwoord", "Bestand": "14Kb", "Permalink": "\nhttp://www.geencommentaar.nl/parlando/index.php?action=doc&filename=KVR1631\n", "Inhoud": "Arbeid (Arbeidsbescherming) Arbeid (Arbeidsomstandigheden) Welzijn (Geestelijk gehandicapten) Welzijn (Lichamelijk gehandicapten)", "Rubriek": "Arbeidsbescherming Arbeidsomstandigheden Ongevallen Sociale werkvoorziening", "Trefwoorden": "Kamervragen met antwoord 1994-1995, nr. 982, Tweede Kamer", "Vindplaats": "Sociale Zaken en Werkgelegenheid (SZW)", "Afkomstig van": "<persoon partij=\"PvdA\">Middel</persoon>", "Indiener": "\n", "Partij vertegenwoordiger": "<persoon partij=\"PvdA\">Vreeman</persoon>", "Datum_reaktie": "\n", "Datum_indiening": "1995-07-04", "vraag 1": "Hebt u kennis genomen van het bericht dat er steeds meer ongelukken plaatsvinden bij sociale werkplaatsen in het Noorden van het land? ", "vraag 2": "Beschikt u over soortgelijke gegevens voor sociale werkvoorzienings- schappen in de rest van ons land? ", "vraag 3": "Bestaat er samenhang tussen het steeds meer marktgericht opereren van de sociale werkvoorziening enerzijds en de toename van de bedrijfsongevallen anderzijds? ", "vraag 4": "Ziet u in het stijgende aantal ongevallen aanleiding voor een systematisch opgezet landelijk project van de Arbeidsinspectie, dat erop gericht is het aantal bedrijfsongevallen binnen de sociale werkvoorziening drastisch terug te dringen? ", "antwoord 1": "[Ja", "antwoord 2": "Neen. De berichtgeving in de pers is gebaseerd op de bij regio Noord (Friesland, Groningen, Drente) gemelde ongevallen en is als volgt: 1993: 7 ongevallen 1994: 15 ongevallen 1e helft 1995: 11 ongevallen. Hiervan ongevallen met ernstig letsel 1993: 2 1994: 6 1e helft 1995: 6 De periode waarover deze ongevallen zijn geregistreerd is te kort om een stijgende tendens vast te stellen. Het verkrijgen van informatie op basis waarvan verantwoord conclusies kunnen worden getrokken vergt nader onderzoek. Ik zal u over de uitkomsten daarvan separaat informeren", "antwoord 3": "Neen. Het meer marktgericht opereren ontslaat sociale werkplaatsen niet van hun wettelijke verplichting te zorgen voor goede arbeidsomstandigheden. In de periode 90/91 is door de Inspectiedienst, regio Noord-west een project uitgevoerd waarbij ca 15 sociale werkplaatsen zijn ge\u00c4\u00b1\u00c2\u00a8nspecteerd. Dit gebeurde op dezelfde manier als overeenkomstige ondernemingen in het bedrijfsleven worden ge\u00c4\u00b1\u00c2\u00a8nspecteerd. De tekortkomingen die bij deze inspecties zijn geconstateerd zijn ter kennis gebracht aan de betreffende directies. Met deze directies zijn afspraken gemaakt om de tekortkomingen op te heffen. De resultaten van dit project zijn door de toenmalige Arbeidsinspectie voorts ter kennis gebracht aan de overkoepelende organisatie van de sociale werkplaatsen (de NOSW) en met vertegenwoordigers van deze organisatie besproken. Verder is in de afgelopen periode in de regio Noord bij een drietal sociale werkplaatsen het arbozorgsysteem doorgelicht in combinatie met werkplekinspecties. Op basis van de resultaten van deze projecten en de resultaten van het nadere onderzoek (vraag 2) zal ik u nader informeren of ik aanleiding zie tot intensivering van het toezicht door de Inspectiedienst", "antwoord 4": "Zoals in het antwoord op vraag 2 al wordt vermeld is de periode, waarover de ongevallen zijn geregistreerd te kort om een stijgende tendens vast te stellen. Bij de prioriteitsstelling voor het inspectieprogramma 1996 speelt het ongevallencijfer in een branche of bedrijfstak uiteraard een rol. Of de sociale werkvoorziening in 1996 een landelijk project zal worden is mede afhankelijk van de uitkomsten van het nadere onderzoek. ]"}