{"Bibliografische_omschrijving": "Vragen van het leden Rehwinkel en Vreeman (beiden PvdA) over het uitvoeren van heroverwegingen van regelgeving.(Ingezonden 30 mei 1995); Antwoord", "Bestand": "14Kb", "Permalink": "\nhttp://www.geencommentaar.nl/parlando/index.php?action=doc&filename=KVR1596\n", "Inhoud": "Staats- en bestuursrecht (Wetgeving)", "Rubriek": "Wet- en regelgeving", "Trefwoorden": "Kamervragen met antwoord 1994-1995, nr. 948, Tweede Kamer", "Vindplaats": "Economische Zaken", "Afkomstig van": "<persoon partij=\"PvdA\">Rehwinkel</persoon>", "Indiener": "\n", "Partij vertegenwoordiger": "<persoon partij=\"PvdA\">Vreeman</persoon>", "Datum_reaktie": "\n", "Datum_indiening": "1995-06-23", "vraag 1": "Kent u het artikel \u00c2\u00abNiet blij met nieuwe wet\u00c2\u00bb uit FNV Magazine (editie Vervoersbond) van 18 mei 1995? ", "vraag 2": "Heeft de (ministerie\u00c2\u00a8le) werkgroep zich gebogen over de deregulering van het Rijtijdenbesluit de Vervoersbond FNV pas gehoord toen er al een complete nieuwe regeling voor het vervoer op tafel lag? ", "vraag 3": "Deelt u de opvatting, dat dit moeilijk te rijmen is met de passages uit de nota \u00c2\u00abMarktwerking, deregulering en wetgevingskwaliteit\u00c2\u00bb : \u00c2\u00abBij het uitvoeren van heroverwegingen van regelgeving zullen per onderwerp alle relevante invalshoeken en doelstellingen van beleid in de te maken afwegingen worden betrokken\u00c2\u00bb, \u00c2\u00ab... daar het nodig zal zijn expertise uit de maatschappij te hulp te roepen\u00c2\u00bb en \u00c2\u00abVoorts wordt gedacht aan het raadplegen van deskundigen, bijvoorbeeld uit het bedrijfsleven ...\u00c2\u00bb? ", "antwoord 1": "[Ja", "antwoord 2": "Nee. De werkgroep heeft het FNV gehoord op 27 april jl. De werkgroep heeft tot taak een advies uit te brengen. Zij had zich op 27 april jl. over nog geen enkel punt een definitief oordeel gevormd. Naar verwachting zal de werkgroep medio juni een voorstel betreffende de deregulering van het Rijtijdenbesluit uitbrengen. Van een nieuwe regeling voor het vervoer is pas sprake wanneer de ministers van Verkeer en Waterstaat en van Sociale Zaken en Werkgelegenheid, na behandeling van een voorstel van de desbetreffende werkgroep in de ambtelijke en de ministerie\u00c2\u00a8le commissie \u00c2\u00abMarktwerking, deregulering en wetgevingskwaliteit\u00c2\u00bb, een ontwerp voor een dergelijke nieuwe regeling vaststellen. Dit zal naar verwachting begin juli 1995 gebeuren. De werkgroep zal eind juni een voorstel voor een ontwerp-regeling van de ambtelijke commissie MDW uitbrengen. Wij wijzen u er overigens op dat, zoals in het Plan van Aanpak \u00c2\u00abMarktwerking, deregulering en wetgevingskwaliteit\u00c2\u00bb (24 036, nr. 1, blz. 9) is vermeld, de SER advies zal worden gevraagd over het ontwerp-besluit, alsmede de Overlegorganen van Verkeer en Waterstaat", "antwoord 3": "Gezien het bovenstaande behoeft deze vraag geen beantwoording. De aangehaalde passages zijn onverkort van kracht. ]"}