{"Bibliografische_omschrijving": "Vragen van de leden Van Ardenne-van der Hoeven en Rietkerk (beiden CDA) aan de ministers van Defensie en van Binnenlandse Zaken en Koninkrijksrelaties over de ingebruikname van een vliegtuig door politiekorps Brabant-Zuidoost. (Ingezonden 28 december 2001); Antwoord", "Bestand": "15Kb", "Permalink": "\nhttp://www.geencommentaar.nl/parlando/index.php?action=doc&filename=KVR14964\n", "Inhoud": "Vragen over de aanschaf van een vliegtuig door politiekorps Brabant-Zuidoost.", "Rubriek": "Criminaliteit en openbare orde (Politie)", "Trefwoorden": "Noord-Brabant Politie", "Vindplaats": "Kamervragen met antwoord 2001-2002, nr. 545, Tweede Kamer", "Afkomstig van": "2010203990", "Indiener": "Defensie (DEF) Binnenlandse Zaken en Koninkrijksrelaties (BZK)", "Partij vertegenwoordiger": "<persoon partij=\"CDA\">Van Ardenne-van der Hoeven</persoon>", "Datum_reaktie": "\n", "Datum_indiening": "<persoon partij=\"CDA\">Rietkerk</persoon>", "vraag 1": "Klopt het dat het politiekorps Brabant-Zuidoost onlangs een nieuw vliegtuig in gebruik heeft genomen? Om welk vliegtuig gaat het? Betreft het een onbemand of een bemand vliegtuig? ", "vraag 2": "Waarom is besloten tot aanschaf van het toestel over te gaan? Voor welke doeleinden zal het vliegtuig gebruikt worden? ", "vraag 3": "Klopt het dat het gestationeerd is op de militaire vliegbasis Eindhoven? ", "vraag 4": "Zijn er meer politiekorpsen die beschikken over een eigen vliegtuig? Zo nee, waarom niet? ", "vraag 5": "Vindt er op enigerlei wijze uitwisseling van ervaringen en idee\u00c3\u00abn plaats tussen het politiekorps Brabant-Zuidoost en de krijgsmacht over het gebruik van onbemande vliegtuigen? Zo nee, waarom niet? ", "vraag 6": "Heeft het politiekorps Brabant-Zuidoost overwogen om gebruik te maken van de Sperwer, het onbemande spionagevliegtuig waarover de Koninklijke Landmacht inmiddels beschikt? Zo nee, waarom niet? ", "antwoord 1": "[Ja. Op 29 november 2001 heeft het politiekorps Brabant-Zuid-Oost een nieuw vliegtuig in gebruik genomen. Het betreft een Socato TB 1-GT, een vierpersoons laagvleugelig toestel", "antwoord 2": "Uit het ambtsbericht dat ik heb opgevraagd bij het politiekorps Brabant Zuid-Oost blijkt dat het oude vliegtuig, dat in gebruik was sedert 1993, niet meer voldeed aan de gebruikerseisen van het politiekorps Brabant Zuid-Oost. Met het nieuwe vliegtuig kunnen meer taken worden uitgevoerd. Zo kunnen meerdere waarnemers/materiedeskundigen worden meegenomen en kan meer apparatuur worden ingebouwd. Bovendien is het vliegtuig, in tegenstelling tot het oude toestel, geschikt om bij duisternis te vliegen. Het vliegtuig wordt ingezet voor het uitvoeren en ondersteunen van preventieve en repressieve taken, bijvoorbeeld voor het opsporen van milieudelicten en vluchten in het kader van verkeers- en file toezicht. Voorts worden vluchten uitgevoerd ten behoeve van de hulpverlening. Waar mogelijk wordt samengewerkt met andere hulpsverleningsorganisaties zoals de regionale brandweer en de geneeskundige hulpverlening bij ongevallen en rampen", "antwoord 3": "Ja. Het onderdeel Luchtwaarneming van het politiekorps Brabant Zuid-Oost heeft op de vliegbasis Eindhoven kantoorruimte en een hangar tot zijn beschikking", "antwoord 4": "Ja. Het KLPD beschikt over 11 luchtvaartuigen, waaronder 6 helikopters. Deze luchtvaartuigen worden ingezet ter ondersteuning van alle Nederlandse politiekorpsen. De verdeling van de beschikbare capaciteit vindt plaats op basis van overleg met alle politiekorpsen. Naast de geplande inzet wordt ook op ad hoc basis ingezet, bijvoorbeeld bij het zoeken naar vermiste personen, of voor luchtsteun bij rampen cq. grootschalige incidenten", "antwoord 5": "Het politiekorps Brabant Zuid-Oost wisselt geen ervaringen en idee\u00c3\u00abn uit met de krijgsmacht over het gebruik van onbemande vliegtuigen. Wel ori\u00c3\u00abnteert het korps zich voortdurend op de ontwikkelingen in de luchtvaart. Onbemand vliegen voldoet tot op heden niet aan de gebruikerseisen die het korps aan luchtsurveillance stelt voor de dagelijkse taakuitvoering. Daarbij wordt opgemerkt dat een gebruikerseis waar veel belang aan wordt gehecht is dat het vliegtuig daar waar mogelijk opvallend aanwezig moet zijn. Om deze reden is het vliegtuig van het politiekorps Brabant Zuid-Oost voorzien van opvallende politie striping", "antwoord 6": "Het politiekorps Brabant Zuid-Oost heeft voor de aanschaf van haar nieuwe vliegtuig niet overwogen om gebruik te maken van de Sperwer van de Koninklijke Landmacht. De Sperwer voldoet niet aan de gebruikerseisen en de doelstellingen van de luchtsurveillance. ]"}