{"Bibliografische_omschrijving": "Vragen van het lid Bolhuis (PvdA) aan de staatssecretaris van Landbouw, Natuurbeheer en Visserij over de Schoolsteegbosjes te Leusden. (Ingezonden 28 februari 2002); Antwoord", "Bestand": "15Kb", "Permalink": "\nhttp://www.geencommentaar.nl/parlando/index.php?action=doc&filename=KVR15397\n", "Inhoud": "Vragen over plannen van de Gemeente Leusden om woningen te bouwen in de buurt van een beschermd natuurgebied.", "Rubriek": "Natuur (Natuurmonumenten) Ruimtelijke ordening en infrastructuur (Stads- en dorpsvernieuwing)", "Trefwoorden": "Natuurmonumenten Woningbouw", "Vindplaats": "Kamervragen met antwoord 2001-2002, nr. 916, Tweede Kamer", "Afkomstig van": "2010207250", "Indiener": "Landbouw, Natuurbeheer en Visserij (LNV)", "Partij vertegenwoordiger": "<persoon partij=\"PvdA\">Bolhuis</persoon>", "Datum_reaktie": "\n", "Datum_indiening": "2002-03-27", "vraag 1": "Heeft u kennis genomen van de krantenberichten met betrekking tot de ontwikkeling van een woningbouwlocatie in de nabijheid van het beschermd natuurmonument de Schoolsteegbosjes te Leusden? ", "vraag 2": "Kent u het visiedocument \u00c2\u00abLeusden in de steigers\u00c2\u00bb van de Gemeente Leusden, waarin deze zoekrichting voor de langere termijn is opgenomen alsmede de strategische gebiedsvisie waarin dit terug komt? ", "vraag 3": "Deelt u de mening dat woningbouw in de nabijheid van de Schoolsteegbosjes (in de Langesteeg) het betrokken natuurmonument zal aantasten en de aanwezige natuurwaarden verstoren? ", "vraag 4": "Heeft reeds overleg plaats gevonden tussen Rijk, Provincie Utrecht en Gemeente Leusden over de aanleg van een robuuste ecologische verbindingszone die de Utrechtse Heuvelrug zou moeten verbinden met Gelderse Vallei en Veluwe? ", "vraag 5": "Zal woningbouw in het betrokken gebied de mogelijkheid om te komen tot een robuuste verbindingszone niet bemoeilijken dan wel tot een verbindingszone van onvoldoende formaat leiden? ", "vraag 6": "Bent u bereid (mede gelet op de voortgang bij het opstellen van streekplannen in de Provincie) tezamen met de Minister van VROM op korte termijn te overleggen met de Provincie Utrecht (en Gelderland) over de concrete begrenzing van de verbindingszone Utrechtse Heuvelrug \u00e2\u20ac\u201c Veluwe, deze gezamenlijk vast te stellen en de Kamer over de uitkomsten daarvan te informeren? ", "antwoord 1": "[Ja", "antwoord 2": "Ja, ik heb kennisgenomen van dit document", "antwoord 3": "Op voorhand is niet aan te geven of er sprake zal zijn van aantasting van de natuurwaarden. Een en ander is afhankelijk van verschillende factoren die te zijner tijd beoordeeld dienen te worden. Op basis van de Natuurbeschermingswet zal met betrekking tot woningbouw een nadere afweging en beoordeling plaatsvinden. De uitvoering van de procedure is een verantwoordelijkheid van Gedeputeerde Staten van Utrecht, waarbij LNV uiteindelijk beslist of de vergunning kan worden verleend. Als in het (woningbouw)gebied sprake is van in het kader van de Natuurbeschermingwet (ex art. 23 en 24) beschermde dier- of plantensoorten zal tot 1 april 2002 in het kader van de Natuurbeschermingswet een ontheffing bij het ministerie van Landbouw, Natuurbeheer en Visserij moeten worden aangevraagd. Na 1 april 2002 zal deze ontheffing in het kader van de Flora- en Faunawet moeten worden aangevraagd. Uiteraard zal een eventueel woningbouwproject in de toekomst ook de gebruikelijke procedure in het kader van de ruimtelijke ordening moeten doorlopen. Het ministerie van LNV zal dan ook in deze procedure haar oordeel kunnen geven", "antwoord 4": "Nee. Op verzoek van LNV is de provincie Utrecht bezig met het uitvoeren van een verkenning van de robuuste verbinding. In dit kader vindt onder meer afstemming plaats met de reconstructiecommissie i.o. Gelderse Vallei \u00e2\u20ac\u201c Utrecht Oost, hierin zijn de deelnemende gemeenten vertegenwoordigd en uit dien hoofde ge\u00c3\u00afnformeerd over de verkenning ten behoeve van de robuuste verbinding", "antwoord 5": "Het is nog niet duidelijk of en hoe de robuuste verbinding zal worden gesitueerd, welk ruimtebeslag dit met zich mee zal brengen e.d. Ik ga ervan uit dat in genoemde verkenning de mogelijke relatie met de woningbouwplannen in ogenschouw wordt genomen", "antwoord 6": "Zoals ook uit voorgaande antwoorden blijkt is op dit moment een traject gaande waarin naar de diverse robuuste verbindingen verkennende onderzoeken plaatsvinden. Dit gebeurt op verzoek van het ministerie van LNV en in opdracht van de betreffende provincies. In dit kader zal overleg tussen partijen plaatsvinden. De uitkomsten van deze verkenningen zullen door mijn ministerie worden ge\u00c3\u00abvalueerd, op basis waarvan in SGR2 deel 3 een keuze zal worden gemaakt over hoe de robuuste verbindingen nader wordt ingevuld. In dit kader wordt de Kamer ge\u00c3\u00afnformeerd over de voortgang. Het is een provinciale verantwoordelijkheid om de uiteindelijke begrenzing van de robuuste verbindingen vast te stellen. ]"}