{"Bibliografische_omschrijving": "Vragen van de leden Vendrik en Tonkens (beiden GroenLinks) aan de minister van Volksgezondheid, Welzijn en Sport en de staatssecretaris van Verkeer en Waterstaat over de risico's van internet via het stopcontact. (Ingezonden 9 juli 2002); Antwoord", "Bestand": "17Kb", "Permalink": "\nhttp://www.geencommentaar.nl/parlando/index.php?action=doc&filename=KVR16094\n", "Inhoud": "Internet via het stopcontact zonder aanvullende afscherming van elektriciteitsdraden levert een door het hele huis vertakte stralingsbron op van hoogfrequente straling, waarbij mensen en dieren als antenne kunnen fungeren en apparatuur verstoord wordt. NUON is met een proef bezig om internet via het stopcontact beschikbaar te stellen, terwijl de gezondheidseffecten van de hoogfrequente straling nog niet bekend zijn.", "Rubriek": "Communicatie, media en informatievoorziening (Netwerken) Energie, water en grondstoffen (Elektriciteit) Gezondheidszorg (Overig)", "Trefwoorden": "Computernetwerken Elektriciteit Gezondheidszorg", "Vindplaats": "Kamervragen met antwoord 2001-2002, nr. 1512, Tweede Kamer", "Afkomstig van": "2010212450", "Indiener": "Volksgezondheid, Welzijn en Sport (VWS)", "Partij vertegenwoordiger": "<persoon partij=\"GroenLinks\">Vendrik</persoon>", "Datum_reaktie": "\n", "Datum_indiening": "<persoon partij=\"GroenLinks\">Tonkens</persoon>", "vraag 1": "Bent u ervan op de hoogte dat energiebedrijf NUON in de wijk Rijkerswoerd in Arnhem een proef doet met internet via het stopcontact (\u00c2\u00abDigistroom\u00c2\u00bb) en dat het bij een geslaagd experiment internet via het stopcontact beschikbaar wil stellen in Noord- en Zuid-Holland, Gelderland, Flevoland en Friesland? ", "vraag 2": "Bent u ervan op de hoogte dat internet via het stopcontact zonder aanvullende afscherming van elektriciteitsdraden een door het hele huis vertakte stralingsbron van hoogfrequente straling (30 MHz) oplevert, waarbij mensen en dieren als antenne kunnen fungeren en apparatuur gestoord wordt? En dat deze hoogfrequente straling niet alleen plaatsvindt bij de klanten van internet via het stopcontact, maar bij iedereen die op het betreffende elektriciteitsnet is aangesloten? ", "vraag 3": "Wat zijn de risico\u00e2\u20ac\u2122s voor de volksgezondheid van dergelijke hoogfrequente straling (30 MHz) in woningen? ", "vraag 4": "Bent u ervan op de hoogte dat wanneer de proef van NUON permanent wordt ingevoerd, NUON aan het kleine stukje bandbreedte rond 30 MHz niet meer genoeg heeft en het gebruik van aanzienlijk hogere frequenties voor de hand ligt, waarbij levende wezens eerder als antenne zullen fungeren en daarbij dus meer straling opvangen? Wat zijn de risico\u00e2\u20ac\u2122s voor de volksgezondheid in dat geval? ", "vraag 5": "Beschikt NUON over een machtiging van het ministerie van Verkeer en Waterstaat om (ether)frequentieruimte te mogen gebruiken, aangezien de niet of beperkt afgeschermde elektriciteitsdraden bij internet via het stopcontact fungeren als zendantenne, waardoor NUON in het gebied waarin internet via het stopcontact wordt aangeboden, automatisch (ether)frequentieruimte in gebruik neemt? Zo neen, vindt u dat NUON deze machtiging zou moeten hebben? ", "vraag 6": "Is het waar dat de invoering van internet via het stopcontact ertoe leidt dat de omroepzenders met meer vermogen moeten uitzenden om storing te beperken en zodoende de bestaande uitzendkwaliteit te waarborgen? Wat zijn hiervan de risico\u00e2\u20ac\u2122s voor de volksgezondheid? ", "vraag 7": "Deelt u de mening dat er regels gesteld moeten worden aan het stralingsniveau en de maximale frequentie van dergelijke beperkt afgeschermde signalen (van internet via het stopcontact), vergelijkbaar met de inrichtingseisen voor kabeltoepassingen (omroep e.d.)? ", "vraag 8": "Indien internet via het stopcontact gezondheidsrisico\u00e2\u20ac\u2122s heeft, bent u dan bereid stappen te ondernemen om de gezondheidsrisico\u00e2\u20ac\u2122s te verminderen door bijvoorbeeld technische maatregelen voor te schrijven of een verbod? ", "vraag 9": "Deelt u de mening dat zolang de gezondheidseffecten niet bekend zijn het voorzorgprincipe gehanteerd dient te worden? ", "antwoord 1": "[Ja, het experiment loopt nog. De uitkomsten daarvan zijn nog niet geheel bekend. Het is daarom niet bekend of NUON na afloop van het experiment over kan gaan tot een operationeel systeem. Aan het experiment wordt meegewerkt door de Divisie Telecom van de Inspectie Verkeer en Waterstaat vanwege de zogenaamde EMC-aspecten (de mogelijke be\u00c3\u00afnvloeding van elektrische apparatuur en radiodiensten)", "antwoord 2": "Bij internet via het stopcontact maakt NUON gebruik van frequenties tussen 3 en 30 MHz. Hierbij vloeit er een stroom met een frequentie van maximaal 30 MHz door het bestaande elektriciteitsnet in het huis. De mogelijkheid bestaat dat apparatuur wordt gestoord. In Europees verband wordt gewerkt aan normen om dit soort storingen te voorkomen. Naast de apparatuur benodigd voor \u00c2\u00abinternet via het stopcontact\u00c2\u00bb veroorzaken vrijwel alle elektrische apparaten (zoals wasmachines, computers, elektrisch gereedschap en televisies), die aangesloten zijn op het energienet hoogfrequente signalen op de bedrading van dat net. Deze hoogfrequente signalen kunnen leiden tot de emissie (uitstraling) van elektromagnetische velden. Omdat elektromagnetische velden verstorend kunnen werken op het functioneren van andere elektrische apparaten en radio-ontvangsystemen (de EMC-problematiek) worden middels regulering en normen eisen gesteld aan de maximale niveaus van de signalen op de bedrading", "antwoord 3": "De niveaus van de elektromagnetische velden die bij deze signaalniveaus kunnen ontstaan zijn vele malen lager (een factor 100 tot 1000 lager) dan de blootstellingniveaus, die zijn opgenomen in de Europese aanbeveling van nr. 1999/519/EG van 12 juli 1999 betreffende de beperking van blootstelling van de bevolking aan elektromagnetische velden van 0 Hz \u00e2\u20ac\u201c 300 GHz. Er zijn dan ook geen risico\u00e2\u20ac\u2122s voor de volksgezondheid te verwachten", "antwoord 4": "Het gaat hier niet om een klein stukje bandbreedte rond 30 MHz maar om een grote bandbreedte van circa 2 MHz tot 30 MHz. Een uitbreiding boven 30 MHz is vanwege de eigenschappen van het elektriciteitsnet onwaarschijnlijk", "antwoord 5": "Het gebruik van bekabeling voor het transport van signalen is geen gebruik van frequenties via de ether en er is derhalve daarvoor geen vergunning vereist op grond van artikel 3.3. van de Telecommunicatiewet. Eventuele uitstraling van hoogfrequente signalen is inherent aan de eigenschap van een product (dat geldt ook voor alle andere elektrische producten en systemen) en de gebruikte bekabeling. Dit is een EMC-probleem en wordt middels specifieke regulering en normering geregeld", "antwoord 6": "Indien niet adequaat geregeld kan de toepassing van internet via het stopcontact mogelijk leiden tot vermindering van de ontvangst van bepaalde radiosignalen. Dit aspect is momenteel onderwerp van studie zowel in Nederland als in Europees verband. Het doel is internet via het stopcontact compatibel te maken met bestaande en geplande radiodiensten. Er is geen enkele reden om toe te staan dat omroepzenders met meer vermogen zullen gaan uitzenden", "antwoord 7": "Ja, en in nationaal en Europees verband wordt momenteel gewerkt aan het totstandkomen van dergelijke regels voor wat betreft de niveaus van de signalen. Nederland participeert in het totstandkomen van deze normen en regels. Metingen naar aanleiding van de NUON-proef, alsmede resultaten van een studie naar de EMC-aspecten tengevolge van het toepassen van internet via het stopcontact, beide uitgevoerd door de Inspectie Verkeer en Waterstaat Divisie Telecom, worden meegenomen in het Europese overleg om tot regels en normen te komen", "antwoord 8": "De hier gebruikte signaalniveaus en de daardoor veroorzaakte veldsterkten zijn ver beneden de aanbevolen blootstellingsniveaus. Ik zie derhalve geen noodzaak om maatregelen te treffen", "antwoord 9": "Een correcte toepassing van het voorzorgsbeginsel maakt dat maatregelen alleen genomen kunnen worden, indien er wetenschappelijk onderbouwde aanwijzingen zijn van mogelijke negatieve gezondheidseffecten. De geadviseerde blootstellingsniveaus zijn wetenschappelijk onderbouwd. Indien de veldsterkten onder deze bloostellingsniveaus blijven zijn er geen negatieve gezondheidseffecten te verwachten. Toepassing van het voorzorgsbeginsel ligt daarom niet in de rede. ]"}