{"Bibliografische_omschrijving": "Vragen van de leden Atsma en Mosterd (beiden CDA) aan de minister van Landbouw, Natuurbeheer en Visserij over MKZ en Kootwijkerbroek. (Ingezonden 18 februari 2002); Antwoord", "Bestand": "14Kb", "Permalink": "\nhttp://www.geencommentaar.nl/parlando/index.php?action=doc&filename=KVR15262\n", "Inhoud": "Vragen over het testen van monsters, onder andere van het bedrijf van Teunissen. Aanvullende vragen naar aanleiding van de antwoorden in de brief van minister Brinkhorst (LNV) van 17 januari 2002 over MKZ en Kootwijkerbroek, kenmerk VVA 02.67/GK.", "Rubriek": "Veeteelt (Veeziekten)", "Trefwoorden": "Mond- en klauwzeer", "Vindplaats": "Kamervragen met antwoord 2001-2002, nr. 799, Tweede Kamer", "Afkomstig van": "2010206440", "Indiener": "Landbouw, Natuurbeheer en Visserij (LNV)", "Partij vertegenwoordiger": "<persoon partij=\"CDA\">Atsma</persoon>", "Datum_reaktie": "\n", "Datum_indiening": "<persoon partij=\"CDA\">Mosterd</persoon>", "vraag 1": "Waarom zijn niet alle aanwezige monsters ingezet in de virusisolatietest van 26 maart op lammerniercellen, nu er wordt gesteld dat er op 28 maart een positieve uitslag was van de virusisolatietest op monster RAA0005462-2 en dat daarom geen tweede test is ingezet? Is de test van het genoemde monster gestart op 26 maart? Waren op 26 maart nog zeven andere heparinemonsters van het bedrijf van Teunissen aanwezig bij ID Lelystad (te weten drie van de eerste inzending en vier van de tweede inzending) waaronder een van hetzelfde dier als het monster RAA0005462-2? ", "vraag 2": "Is er na het ontstaan van alle twijfel en commotie over MKZ in Kootwijkerbroek ook een hertest op het tweede monster van hetzelfde dier uitgevoerd? Zo neen, waarom niet? Zo ja, wat was dan de uitslag en hoe is die gecommuniceerd? ", "vraag 3": "Op welk tijdstip is men gestart met de eerste test op de monsters van het bedrijf van Teunissen? ", "vraag 4": "Hoe is gewaarborgd dat verschillende inzendingen van de avond van 20 maart niet zijn verwisseld ondanks het buiten gebruik zijn van het informatiesysteem? ", "vraag 5": "Wie heeft de eerste testen uitgevoerd en welke documenten zijn daarbij gebruikt? ", "vraag 6": "Waarom moest er een extern komen om de monsters van de taxichauffeur in ontvangst te nemen? Waren er geen mensen van ID Lelystad aanwezig die dit konden doen? Aanvullende vragen naar aanleiding van de antwoorden in uw brief van 17 januari 2002 over MKZ en Kootwijkerbroek, kenmerk VVA 02.67/GK. De eerste twee aanvullende vragen hebben specifiek betrekking op antwoord 21 van genoemde brief en de overige vragen hebben betrekking op antwoord 22 van de genoemde brief. ", "antwoord 1": "[In totaal zijn acht heparinemonsters, genomen op het bedrijf in Kootwijkerbroek, gezonden naar ID-Lelystad. De eerste vier monsters zijn in de nacht van 20 op 21 maart 2001 gearriveerd, de tweede vier een dag later. Om elk misverstand te voorkomen zij hieraan toegevoegd dat het hier gaat om monsters van meer dan \u00c3\u00a9\u00c3\u00a9n dier. Alle monsters zijn ingezet voor de virusisolatietest op varkensniercellen, met uiteindelijk een negatieve uitslag. Nadat op 28 maart 2001 het heparinemonster RAA 0005462-2 in de virusisolatietest op lammerniercellen een positieve uitslag had gegeven, was er geen reden meer de andere heparinemonsters ook nog in te zetten voor de virusisolatietest op lammerniercellen. In het antwoord op vraag 21 van de heren Atsma en Mosterd zoals ik dat de Kamer op 17 januari 2002 heb doen toekomen, heb ik een en ander zeer uitvoerig uiteengezet. Ik heb daaraan niets meer toe te voegen", "antwoord 2": "De eerste heparinemonsters zijn in de nacht van 20 op 21 maart 2001 in Lelystad gearriveerd. Er is nog diezelfde nacht met de testen begonnen", "antwoord 3": "Elk binnenkomend monster wordt bij ID-Lelystad volgens een vastgestelde procedure verwerkt. Het al of niet operationeel zijn van het geautomatiseerde systeem is daarbij niet van betekenis; elke inzending wordt uniek gecodeerd en afzonderlijk bewerkt", "antwoord 4": "De testen zijn door verschillende medewerkers van ID-Lelystad volgens de geldende procedures uitgevoerd. De betrokken medewerkers zijn ervaren in de virologische laboratoriumdiagnostiek", "antwoord 5": "Deze vraag moet, naar van de zijde van ID-Lelystad is verzekerd, op een misverstand berusten. Van de inzet van een externe kracht is geen sprake geweest. ]"}