{"Bibliografische_omschrijving": "Vragen van de leden Blaauw en De Vries (beiden VVD) aan de minister van Verkeer en Waterstaat en de staatssecretaris van Financi\u00c3\u00abn over de 40-percentsregeling van de Wet vermindering afdracht loonbelasting en premie volksverzekeringen voor de in Nederland wonende zeevarenden. (Ingezonden 22 maart 2002); Antwoord", "Bestand": "13Kb", "Permalink": "\nhttp://www.geencommentaar.nl/parlando/index.php?action=doc&filename=KVR15885\n", "Inhoud": "Vragen over de eis die aan genoemde wet is toegevoegd, dat de vermindering alleen wordt verleend voor in Nederland wonende zeevarenden. Vanwege gezinsomstandigheden kiezen zeevarenden vaak domicilie buiten Nederland.", "Rubriek": "Belastingen (Loonbelasting) Sociale zekerheid (Sociale verzekeringspremies) Verkeer, vervoer en waterstaat (Zeescheepvaart)", "Trefwoorden": "Loonbelasting Sociale verzekeringspremies Volksverzekeringen Zeelieden", "Vindplaats": "Kamervragen met antwoord 2001-2002, nr. 1339, Tweede Kamer", "Afkomstig van": "2010208270", "Indiener": "Verkeer en Waterstaat (VW)", "Partij vertegenwoordiger": "<persoon partij=\"VVD\">Blaauw</persoon>", "Datum_reaktie": "\n", "Datum_indiening": "<persoon partij=\"VVD\">De Vries</persoon>", "vraag 1": "Is het u bekend dat per 1 januari aan de 40-percentsregeling van de Wet vermindering afdracht loonbelasting en premie volksverzekeringen in verband met de wijziging van artikel 2 van de Wet op de loonbelasting 1964 in het kader van de Belastingherziening 2001, de eis is toegevoegd dat de vermindering slechts wordt verleend voor in Nederland wonende zeevarenden? ", "vraag 2": "Bent u bereid, gezien de wereldwijde inzet van de Nederlandse zeevarenden welke vaak wegens gezinsomstandigheden noopt tot domicilie kiezen buiten Nederland, reparatiewetgeving uit te voeren zodat voor de Nederlandse zeevarenden die niet in Nederland wonen doch wel belastingplichtig zijn in Nederland ook de 40-percentsregeling gaat gelden? ", "antwoord 1": "[Ja", "antwoord 2": "Binnen de afdrachtvermindering zeevaart bestaan twee tarieven, te weten een tarief van 40% van het loon en een tarief van 10% van het loon. In het kader van de belastingherziening 2001 is het werknemersbegrip met ingang van 1 januari 2001 verruimd. Deze verruiming zou als neveneffect hebben dat het aantal zeevarenden dat onder het 40%-tarief zou vallen, zou toenemen. Om dit ongewenste effect weg te nemen, is toen als voorwaarde voor het 40%-tarief in de regeling opgenomen dat de zeevarende in Nederland woont. Ook voor dit onderwerp zal het volgende kabinet besluiten of en zo ja op welke wijze de regeling weer zo veel mogelijk kan aansluiten bij de situatie van voor 2001. ]"}