{"Bibliografische_omschrijving": "Vragen van het lid Karimi (GroenLinks) aan de minister van Buitenlandse Zaken over het weigeren van journalisten, cameramensen en fotografen door de Isra\u00c3\u00ablische autoriteiten. (Ingezonden 4 juli 2002); Antwoord", "Bestand": "13Kb", "Permalink": "\nhttp://www.geencommentaar.nl/parlando/index.php?action=doc&filename=KVR15990\n", "Inhoud": "In toenemende mate weigert Isra\u00c3\u00abl journalisten, cameramensen, fotografen en medewerkers van NGO's de toegang tot Isra\u00c3\u00abl en de bezette Palestijnse gebieden.", "Rubriek": "Communicatie, media en informatievoorziening (Pers) Staats- en bestuursrecht (Grondrechten)", "Trefwoorden": "Isra\u00c3\u00abl Mensenrechten Pers", "Vindplaats": "Kamervragen met antwoord 2001-2002, nr. 1429, Tweede Kamer", "Afkomstig van": "2010212300", "Indiener": "Buitenlandse Zaken (BUZA)", "Partij vertegenwoordiger": "<persoon partij=\"GroenLinks\">Karimi</persoon>", "Datum_reaktie": "\n", "Datum_indiening": "2002-07-18", "vraag 1": "Is het u bekend dat de Isra\u00c3\u00ablische autoriteiten in toenemende mate journalisten, cameramensen en fotografen alsook medewerkers van internationale (vredes)coalities en NGO\u00e2\u20ac\u2122s de toegang tot Isra\u00c3\u00abl weigeren? Wat is volgens u de verklaring voor dit beleid? ", "vraag 2": "Is het waar dat de afgelopen dagen (week 27) tenminste vier Nederlanders (waaronder een fotograaf) de toegang tot Isra\u00c3\u00abl geweigerd is? Wat zijn de offici\u00c3\u00able redenen voor deze weigeringen? ", "vraag 3": "Vindt u dat de aanwezigheid van een onafhankelijke pers van essentieel belang is voor een objectieve berichtgeving vanuit Isra\u00c3\u00abl en de bezette Palestijnse gebieden? ", "vraag 4": "Bent u bereid om bilateraal en in EU-verband druk uit te oefenen op de Isra\u00c3\u00ablische autoriteiten opdat de toegang van de Nederlandse en Europese pers tot Isra\u00c3\u00abl en de bezette Palestijnse gebieden gewaarborgd blijft? ", "antwoord 1": "[Het is de regering bekend dat in de afgelopen periode hulpverleners en vertegenwoordigers van NGO\u00e2\u20ac\u2122s de toegang tot Isra\u00c3\u00abl is geweigerd of het land zijn uitgezet. Blijkens woordvoering van Isra\u00c3\u00ablische zijde houdt een en ander verband met \u00c2\u00abbescherming van het nationale belang\u00c2\u00bb", "antwoord 2": "Er is de regering \u00c3\u00a9\u00c3\u00a9n geval bekend, omdat betrokkene dit bij de Ambassade in Tel Aviv heeft gemeld. Het betreft de weigering van toelating tot Isra\u00c3\u00abl van een Nederlandse fotograaf. De Isra\u00c3\u00ablische autoriteiten gaven als reden dat de uitnodiging waarover betrokkene zei te beschikken niet in orde zou zijn", "antwoord 3": "De aanwezigheid van en berichtgeving door onafhankelijke media is uiteraard van groot belang voor objectieve verslaglegging van de ontwikkelingen in de regio. Bij het enkele Nederlandse geval dat de Nederlandse regering bekend is, te weten de geweigerde fotograaf, heeft de Nederlandse Ambassade zowel de luchthavenautoriteiten als het Ministerie van Buitenlandse Zaken verzocht betrokken fotograaf doorgang te verlenen. De Isra\u00c3\u00ablische autoriteiten bleven echter bij hun weigering. ]"}