{"Bibliografische_omschrijving": "Vragen van het lid Rietkerk (CDA) aan de minister van Justitie over de sluiting van het Huis van Bewaring De Blokhuispoort. (Ingezonden 18 januari 2002); Antwoord", "Bestand": "14Kb", "Permalink": "\nhttp://www.geencommentaar.nl/parlando/index.php?action=doc&filename=KVR14959\n", "Inhoud": "Deze vragen dienen ter aanvulling op eerdere vragen terzake van de Tweede-Kamerleden Duijkers en Van Oven, ingezonden 17 januari 2002, Aanhangsel van de Handelingen II, 2001-2001, 539.", "Rubriek": "Criminaliteit en openbare orde (Gevangeniswezen en penitentiair recht)", "Trefwoorden": "Huizen van bewaring", "Vindplaats": "Kamervragen met antwoord 2001-2002, nr. 540, Tweede Kamer", "Afkomstig van": "2010204690", "Indiener": "Justitie (JUS)", "Partij vertegenwoordiger": "<persoon partij=\"CDA\">Rietkerk</persoon>", "Datum_reaktie": "\n", "Datum_indiening": "2002-01-23", "vraag 1": "Kunt u in aanvulling op de door de leden Duijkers en Van Oven, 15 januari 2002 gestelde vragen inzake de sluiting van het Huis van Bewaring \u00c2\u00abDe Blokhuispoort\u00c2\u00bb aangeven of er sprake is van een reden van financi\u00c3\u00able aard? Zo ja, in hoeverre staat dit in relatie tot de vastgestelde bezuinigingen in deze kabinetsperiode van 115 miljoen gulden? Waarom sluit u per saldo zo veel cellen in een tijd van acuut cellentekort? ", "vraag 2": "Wat gaat er gebeuren met de werknemers van de Blokhuispoort, aangezien een nieuw huis van bewaring in Groningen pas in 2005 staat gepland? Worden zij elders in het land ingezet? Is de minister voornemens om deze werknemers in te zetten om de ergste personeelsproblemen op te vangen? ", "vraag 3": "Wat vindt u van de uitspraak van de Abvakabo-FNV dat de keuze voor uitbreiding van cellen in de Randstad ten koste van het Noorden onlogisch is, omdat het personeelstekort in de Randstad het grootste is? ", "antwoord 1": "[Het besluit om vervangende nieuwbouw in Groningen te realiseren waarbij de huizen van bewaring Groningen en Leeuwarden gesloten worden, is primair ingegeven door de staat waarin het huis van bewaring Groningen verkeert en de onmogelijkheid in het huis van bewaring De Blokhuispoort de noodzakelijke aanpassingen door te voeren om aan de huidige richtlijnen voor huisvesting voor gedetineerden te voldoen. Bij De Blokhuispoort houdt dit verband met de monumentale status van het gebouw. Daarnaast spelen ook financi\u00c3\u00able redenen een rol, reeds nu is er sprake van relatieve hoge huisvestingskosten. Door verdere aanpassingen zouden deze huisvestingskosten nog hoger worden. Het besluit staat los van de vastgestelde bezuinigingen van 115 miljoen gulden en ligt ook zonder de bezuinigingstaakstelling in de rede. Voor het antwoord op uw vraag waarom per saldo zo veel cellen in een tijd van acuut cellentekort worden gesloten wordt verwezen naar het antwoord op vraag 2 gesteld door de leden Duijkers en Van Oven", "antwoord 2": "Zoals reeds hierboven aangegeven is van daadwerkelijke sluiting pas sprake als de vervangende nieuwbouw gereed is gekomen. De veronderstelde situatie dat het personeel nu al elders moet of kan worden ingezet, doet zich derhalve niet voor", "antwoord 3": "Momenteel is het niet eenvoudig om personeel in de Randstad te werven. Dit is \u00c3\u00a9\u00c3\u00a9n van de redenen om het werken in het gevangeniswezen aantrekkelijker te maken. Ik verwijs in dit verband naar de nota Investeren in personele zorg DJI. Tegen de achtergrond hiervan zie ik geen reden het beleidsuitgangspunt om de planning van de beschikbare celcapaciteit primair te baseren op de regionale behoefte, te verlaten. ]"}