{"Bibliografische_omschrijving": "Vragen van het lid Van Middelkoop (ChristenUnie) aan de ministers van Buitenlandse Zaken en voor Grote Steden- en Integratiebeleid over de goedkeuring van het Kaderverdrag inzake de bescherming van nationale minderheden. (Ingezonden 7 maart 2002); Antwoord", "Bestand": "16Kb", "Permalink": "\nhttp://www.geencommentaar.nl/parlando/index.php?action=doc&filename=KVR15563\n", "Inhoud": "Vragen over de stagnatie bij de goedkeuringsprocedure van het (Europese) Kaderverdrag inzake de bescherming van nationale minderheden in de Eerste Kamer.", "Rubriek": "Cultuur en taal (Overig) Staats- en bestuursrecht (Grondrechten) Welzijn (Minderheden)", "Trefwoorden": "Friese taal Mensenrechten Minderheden", "Vindplaats": "Kamervragen met antwoord 2001-2002, nr. 1058, Tweede Kamer", "Afkomstig van": "2010207790", "Indiener": "Buitenlandse Zaken (BUZA)", "Partij vertegenwoordiger": "<persoon partij=\"ChristenUnie\">Van Middelkoop</persoon>", "Datum_reaktie": "\n", "Datum_indiening": "2002-04-24", "vraag 1": "Welke landen van de Raad van Europa en welke niet-lidstaten hebben inmiddels het Kaderverdrag inzake de bescherming van nationale minderheden goedgekeurd? ", "vraag 2": "Onderschrijft u, zoals verwoord in de toelichting bij het voorstel tot goedkeuring van het verdag, nog altijd het belang van dit beschermingsverdrag met een juridisch bindend karakter? Zo ja, acht u het dan niet beschamend dat in ons land de goedkeuringsprocedure al 10 maanden stagneert? ", "vraag 3": "Wat onderneemt u thans om de meerderheid van de Eerste Kamer te overtuigen? Waarom kost dit zoveel tijd? ", "vraag 4": "Denkt u de stemming in de Eerste Kamer met vertrouwen tegemoet te kunnen zien wanneer u zich alsnog bereid verklaart bij de bekrachtiging een verklaring af te leggen waarin wordt aangegeven dat in Nederland het verdrag uitsluitend zal worden toegepast op de Friezen? Zo ja, wilt u die bereidheid dan uiten? ", "vraag 5": "Dient uw oorspronkelijk voornemen om het verdrag ook van toepassing te doen zijn op de doelgroepen van het Nederlandse minderhedenbeleid niet ondergeschikt te zijn aan het internationale c.q. Europese belang dat is gemoeid met ratificatie van het verdrag door het land dat ook het vestigingsland is van de OVSE-instelling, het Hoge Commissariaat voor de Nationale Minderheden? ", "vraag 6": "Wilt u zich inspannen voor een spoedige afhandeling van de goedkeuringsprocedure, zodat Nederland over kan gaan tot bekrachtiging van dit belangrijke kaderverdrag? ", "antwoord 1": "[De volgende lidstaten van de Raad van Europa zijn thans partij bij het Kaderverdrag inzake de bescherming van nationale minderheden: Albani\u00c3\u00ab, Armeni\u00c3\u00ab, Azerbeidzjan, Bulgarije, Cyprus, Denemarken, Duitsland, Estland, Finland, Hongarije, Ierland, Itali\u00c3\u00ab, Kroati\u00c3\u00ab, Liechtenstein, Litouwen, de voormalige Joegoslavische Republiek Macedoni\u00c3\u00ab, Malta, Moldavi\u00c3\u00ab, Noorwegen, Oekra\u00c3\u00afne, Oostenrijk, Polen, Roemeni\u00c3\u00ab, de Russische Federatie, San Marino, Slowakije, Sloveni\u00c3\u00ab, Spanje, de Tsjechische Republiek, het Verenigd Koninkrijk, Zweden en Zwitserland. De niet-lidstaten Bosni\u00c3\u00ab-Herzegovina en Joegoslavi\u00c3\u00ab zijn eveneens partij bij het verdrag. Het verdrag is voorts ondertekend door de lidstaten Belgi\u00c3\u00ab, Georgi\u00c3\u00ab, Griekenland, IJsland, Letland, Luxemburg, Nederland en Portugal, doch deze landen hebben het Kaderverdrag nog niet geratificeerd", "antwoord 2": "Hoe wenselijk ratificatie ook is, er dient niet uit het oog te worden verloren dat het Nederlandse recht thans voldoet aan het in het Kaderverdrag gestelde. Deze conclusie is getrokken na een onderzoek naar de mogelijke implicaties. Niettemin zijn de in het Kaderverdrag neergelegde beginselen wel juridisch relevant aangezien zij beogen te beschermen tegen intrekking of afzwakking van bestaande wettelijke bepalingen die betrekking hebben op minderheden", "antwoord 3": "Uitgaande van de schriftelijke behandeling en de eerste termijn van de mondelinge behandeling in de Eerste Kamer kan niet worden uitgesloten dat het goedkeuringswetsvoorstel in de Eerste Kamer geen meerderheid zal verkrijgen. Gelet hierop is het mogelijk dat er in de Eerste Kamer een meerderheid is om bij de bekrachtiging van het Kaderverdrag een Verklaring af te leggen waarin wordt aangegeven dat in Nederland het verdrag uitsluitend zal worden toegepast op Friezen. De Tweede Kamer, met uitzondering van de SGP, stemde echter in 2001 voor het goedkeuringswetsvoorstel, met inbegrip van de Verklaring dat het verdrag van toepassing zal zijn op Friezen en de etnische minderheden die behoren tot de doelgroepen van het integratiebeleid. Een onverhoopte verwerping van het voorstel in de Eerste Kamer is derhalve niet de aangewezen weg", "antwoord 4": "Dat beoogd wordt het Kaderverdrag van toepassing te doen zijn op de Friezen en de etnische minderheden die behoren tot de doelgroepen van het integratiebeleid is consistent met de lijn die reeds sinds 1991 door Nederland is ingezet. Nederland gaf met die lijn internationaal een duidelijk signaal af hoe belangrijk het de positie van etnische minderheden acht. Overigens is uit informele contacten met de Raad van Europa gebleken dat de Raad de brede invulling van het begrip \u00c2\u00abnationale minderheid\u00c2\u00bb door Nederland zeer toejuicht. Ook op VN-niveau heeft de Nederlandse regering steun gekregen voor haar standpunt het begrip \u00c2\u00abnationale minderheid\u00c2\u00bb breed in te vullen. Tijdens de behandeling van de Nederlandse rapportage aan het CERD-comit\u00c3\u00a9 (8 en 9 augustus 2000) bleek dat dit comit\u00c3\u00a9 uit het oogpunt van discriminatiebestrijding en bevordering van tolerantie tussen verschillende culturen ingenomen was met de voorstellen het Kaderverdrag ook van toepassing te verklaren op de etnische minderheden die behoren tot de doelgroepen van het integratiebeleid", "antwoord 5": "Gelet op de verschillende opvattingen van de meerderheid van de fracties in de Tweede en de Eerste Kamer ben ik van mening dat een nieuw kabinet een beslissing moet nemen over de verdere afhandeling van het wetsvoorstel tot goedkeuring van het Kaderverdrag inzake de bescherming van nationale minderheden. ]"}