{"Bibliografische_omschrijving": "Vragen van het lid De Vries (VVD) aan de staatssecretaris van Financi\u00c3\u00abn over het priv\u00c3\u00a9-gebruik van de bestelauto. (Ingezonden 28 februari 2002); Antwoord", "Bestand": "17Kb", "Permalink": "\nhttp://www.geencommentaar.nl/parlando/index.php?action=doc&filename=KVR15518\n", "Inhoud": "Vragen over het autokostenforfait en onduidelijkheden daaromtrent wat betreft bestelauto's. Deze vragen dienen ter aanvulling op eerdere vragen ter zake van het lid Dijsselbloem ingezonden 27 februari 2002, Aanhangsel van de Handelingen II, 2001-2002, 932.", "Rubriek": "Belastingen (Loonbelasting) Verkeer, vervoer en waterstaat (Motorrijtuigen)", "Trefwoorden": "Indirecte belastingen Reiskostenvergoedingen Woon-werkverkeer", "Vindplaats": "Kamervragen met antwoord 2001-2002, nr. 1021, Tweede Kamer", "Afkomstig van": "2010207260", "Indiener": "Financi\u00c3\u00abn (FIN)", "Partij vertegenwoordiger": "<persoon partij=\"VVD\">De Vries</persoon>", "Datum_reaktie": "\n", "Datum_indiening": "2002-04-16", "vraag 1": "Is het u bekend dat ten gevolge van uw Besluit van 30 januari 2002 nr. DGB2001/1744M inzake het priv\u00c3\u00a9-gebruik van de auto, er veel verwarring is ontstaan bij berijders van een (bestel)auto en hun werkgevers? ", "vraag 2": "Is het waar dat ook bestelauto\u00e2\u20ac\u2122s die zijn ingericht, en als zodanig uiterlijk kenbaar zijn, om te worden gebruikt door de politie, door de brandweer, voor het vervoer van zieken en gewonden, voor het vervoer van stoffelijke overschotten, voor het vervoer van gevangenen, voor het vervoer van zieke of gewonde dieren, of voor geldtransport, indien zij (nog) voldoen aan de voorwaarden voor teruggaaf van de BPM en uitsluitend bedrijfsmatig wordt gebruikt voor het specifieke doel, niet onder het autokostenforfait vallen? Zo neen, waarom niet? Zo ja, waarom is dit niet in bovengenoemd besluit opgenomen nu veel van bovengenoemde auto\u00e2\u20ac\u2122s als bestelauto zijn aan te merken? ", "vraag 3": "Hoe dient een werkgever te beoordelen of het \u00c2\u00abtot het bedrijfsmatig gebruik hoort\u00c2\u00bb dergelijke auto\u00e2\u20ac\u2122s mee naar huis te nemen? ", "vraag 4": "Is waar dat bestelauto\u00e2\u20ac\u2122s die \u00c2\u00abdoor aard of inrichting uitsluitend of nagenoeg uitsluitend geschikt zijn voor het vervoer van goederen\u00c2\u00bb ook gebruikt mogen worden voor het woon-werkverkeer zonder dat deze kilometers worden aangemerkt als priv\u00c3\u00a9 in het kader van het autokostenforfait? ", "vraag 5": "Waarom wordt het woon-werkverkeer afgelegd met een bestelauto die \u00c2\u00abbeperkt geschikt is voor priv\u00c3\u00a9-gebruik\u00c2\u00bb niet aangemerkt als priv\u00c3\u00a9? ", "vraag 6": "Waarom dienen bestelauto\u00e2\u20ac\u2122s die gebruikt worden tijdens een wachtdienst aan aanvullende voorwaarden te voldoen, als de berijder wil voorkomen dat de woon-werkkilometers meetellen als priv\u00c3\u00a9? Is deze bepaling voor bestelauto\u00e2\u20ac\u2122s die beperkt geschikt zijn voor priv\u00c3\u00a9-gebruik niet overbodig geworden? ", "vraag 7": "Is het, met het oog op de op korte afstanden veroorzaakte milieuschade, wijs om slechts carpoolen over een grotere afstand dan 10 kilometer niet mee te laten tellen als priv\u00c3\u00a9-kilometers in het kader van het woon-werkverkeer? ", "vraag 8": "Welk percentage autokostenforfait wordt toegepast ten aanzien van ondernemers met handelsvoorraden en wagenparken? ", "vraag 9": "Wat wordt in bovengenoemd besluit verstaan onder een \u00c2\u00abdirecteur-grootaandeelhouder (DGA)\u00c2\u00bb en wat onder een \u00c2\u00abwerknemer/aandeelhouder\u00c2\u00bb? ", "vraag 10": "Betekent artikel 22, eerste lid, onderdeel e, van de Uitvoeringsregeling inkomstenbelasting 2001 dat de DGA van een eenmans-BV zichzelf een verklaring moet verschaffen? ", "vraag 11": "Vindt u, mede gelet op het bovenstaande, dat de autokostenfictie nog is uit te leggen aan de gemiddelde werkgever alsmede aan de gemiddelde berijder van een (bestel)auto? ", "antwoord 1": "[De reacties op het besluit duiden niet zozeer op verwarring dan wel op bezwaren van bepaalde beroepsgroepen tegen de in hun ogen onterechte bijtelling voor het woon\u00e2\u20ac\u201cwerkverkeer. Ik heb hiervoor inmiddels een verzachting aangekondigd. Zie mijn antwoorden van 29 maart 2002 op de vragen van het lid Dijsselbloem en de vragen van het lid De Vries", "antwoord 2": "Ja. In onderdeel 6 van het besluit is, door de koppeling aan de teruggaafmogelijkheid van de BPM, abusievelijk alleen uitgegaan van personenauto\u00e2\u20ac\u2122s. Het is de bedoeling dat de daar omschreven regeling ook geldt voor bestelauto\u00e2\u20ac\u2122s in deze bijzondere categorie\u00c3\u00abn, die uitsluitend bedrijfsmatig worden gebruikt voor het specifieke doel. Het besluit zal op dit punt worden aangepast", "antwoord 3": "Als de chauffeur de in vraag 2 bedoelde auto niet louter mee naar huis neemt om vervoer van woning naar werk te hebben, maar mede in het kader van de met die auto te verrichten werkzaamheden, valt het woon\u00e2\u20ac\u201cwerkverkeer onder bedrijfsmatig gebruik. Bij de hier bedoelde categorie\u00c3\u00abn auto\u00e2\u20ac\u2122s zal dit in de regel het geval zijn", "antwoord 4": "Ja", "antwoord 5": "Ook het regelmatig woon\u00e2\u20ac\u201cwerkverkeer met bestelauto\u00e2\u20ac\u2122s die beperkt geschikt zijn voor priv\u00c3\u00a9-gebruik wordt in aanmerking genomen voor de bepaling van de priv\u00c3\u00a9bijtelling. In de eerdergenoemde antwoorden op de vragen van mevrouw De Vries en de heer Dijsselbloem wordt de aangepaste regeling voor zulke auto\u00e2\u20ac\u2122s omschreven", "antwoord 6": "Op grond van de in onderdeel 12 van het besluit gegeven goedkeuring worden ritten tijdens een wachtdienst, inclusief woon\u00e2\u20ac\u201cwerkverkeer, als zakelijke ritten beschouwd. De voorwaarden voor die goedkeuring bevestigen het voornamelijk zakelijke karakter van deze ritten en de noodzaak om de bedrijfsauto te gebruiken. Deze goedkeuring geldt voor zowel personenauto\u00e2\u20ac\u2122s als bestelauto\u00e2\u20ac\u2122s. Voor een deel van de bestelauto\u00e2\u20ac\u2122s die onder de 10%-bijtelling vallen is deze goedkeuring wellicht overbodig geworden. Worden er met zulke bestelauto\u00e2\u20ac\u2122s buiten de wachtdiensten geen priv\u00c3\u00a9kilometers gereden, dan biedt de goedkeuring echter nog steeds een ruimere tegemoetkoming omdat dan in het geheel geen bijtelling hoeft plaats te vinden", "antwoord 7": "Het woon\u00e2\u20ac\u201cwerkverkeer over reisafstanden tot 10 kilometer wordt sedert de aftopping van het reiskostenforfait niet meer fiscaal gefacilieerd. Ik vind het niet juist om daarop een uitzondering te maken voor carpoolen met een auto van de zaak", "antwoord 8": "Het toe te passen percentage hangt af van de individuele omstandigheden, zoals de vraag wie de auto heeft gebruikt en over welke periode, het soort auto, het feitelijke gebruik, de vraag of er al dan niet een kilometerregistratie heeft plaatsgevonden, enzovoort. Hierover kunnen in bepaalde situaties tevoren afspraken worden gemaakt met de Belastingdienst. Zie ook het besluit van 5 maart 2002, nr. CPP2001/3082M, V-N 2002/14.19, waarin een voorbeeld van zo\u00e2\u20ac\u2122n afspraak is opgenomen", "antwoord 9": "Met \u00c2\u00abdirecteur-grootaandeelhouder\u00c2\u00bb wordt bedoeld degene die een aanmerkelijk belang heeft in de vennootschap waarvan hij directeur is. In de praktijk zal het vaak gaan om de directeur van de eenmans-BV. De term \u00c2\u00abwerknemer/aandeelhouder\u00c2\u00bb wordt in het besluit gebruikt in verband met het arrest HR 15 december 1999, nr. 32 263, BNB 2000/211 c* , waarin de Hoge Raad besliste dat de enige werknemer van een vennootschap die een aanmerkelijk belang heeft in die vennootschap mag worden uitgesloten van de faciliteit van de werknemersspaarregeling. Normaal gesproken zal deze enige werknemer natuurlijk tevens de directeur zijn", "antwoord 10": "Formeel is het de BV die de verklaring verschaft. Uiteraard realiseer ik mij dat aan een dergelijke verklaring bij een eenmans-BV niet dezelfde waarde kan worden toegekend als aan een verklaring tussen een werkgever en een werknemer die onafhankelijk tegenover elkaar staan", "antwoord 11": "Ja. Een regeling als deze dient, net als elke andere regel te voldoen aan het in internationale verdragen neergelegde beginsel van gelijke behandeling, ook als de regels daardoor ingewikkelder worden. Wat ik aan de samenleving niet zou kunnen uitleggen en voor de rechter niet zou kunnen verdedigen, is dat mensen die in een auto van de zaak rijden gevrijwaard zouden moeten worden van fiscale maatregelen in de sfeer van het woon\u00e2\u20ac\u201cwerkverkeer, die wel gelden voor mensen die in een eigen auto rijden. ]"}