{"Bibliografische_omschrijving": "Vragen van het lid Giskes (D66) over de belastingplicht van au-pairgezinnen. (Ingezonden 13 juni 1995); Antwoord", "Bestand": "14Kb", "Permalink": "\nhttp://www.geencommentaar.nl/parlando/index.php?action=doc&filename=KVR1620\n", "Inhoud": "Belastingen (Loonbelasting) Welzijn (Kinderopvang)", "Rubriek": "Kinderopvang Loonbelasting", "Trefwoorden": "Kamervragen met antwoord 1994-1995, nr. 972, Tweede Kamer", "Vindplaats": "Financi\u00c3\u00abn", "Afkomstig van": "<persoon partij=\"D66\">Giskes</persoon>", "Indiener": "\n", "Partij vertegenwoordiger": "1995-06-28", "Datum_reaktie": "1995-06-13", "Datum_indiening": "KVR1620", "vraag 1": "Bent u bereid op korte termijn met de landelijke organisaties voor de plaatsing van au-pairs, een (beleidsmatige) oplossing te zoeken voor de fiscale status van gastgezinnen opdat die niet langer als werkgever in de zin van de Loonbelasting zullen worden aangemerkt? ", "vraag 2": "Wilt u bij dit overleg tevens aangeven of u voornemens bent niet op het verleden terug te komen, zodat naheffingsaanslagen over het verleden achterwege kunnen blijven? ", "vraag 3": "Bent u bereid de Kamer zo spoedig mogelijk na dit overleg, over de uitkomsten te informeren? ", "antwoord 1": "[Ik zal de \u00c2\u00abStichting Exis KLIX\u00c2\u00bb en \u00c2\u00abAU PAIR International\u00c2\u00bb binnenkort uitnodigen voor een gesprek. Met dit voor au-pairs meer inzicht te geven over de toepassing van de bepalingen van de Wet op de loonbelasting 1964 en hen te informeren over het voorlichtingsmateriaal dat met betrekking tot deze toepassing beschikbaar is. Een en ander kunnen zij gebruiken bij het opstellen van de overeenkomsten die au-pairs aangaan en het gericht voorlichten van de direct betrokkenen. Dat laat echter onverlet dat de bestaande wetgeving en jurisprudentie bij de beoordeling of sprake is van een dienstbetrekking niet ter zijde kunnen worden geschoven", "antwoord 2": "Bij dat overleg zal ik ook aangeven op welke wijze met het verleden zal worden omgesprongen", "antwoord 3": "Ik zal de Kamer zo spoedig mogelijk na dit overleg schriftelijk informeren omtrent het verloop van het gesprek. ]"}