{"Bibliografische_omschrijving": "Vragen van het lid Noorman-den Uyl (PvdA) aan de ministers van Sociale Zaken en Werkgelegenheid en van Binnenlandse Zaken en Koninksrijksrelaties over samenloop van WAO- en pre-pensioenuitkeringen bij ambtenaren waardoor zij netto meer inkomen overhouden dan het oorspronkelijke salaris. (Ingezonden 20 augustus 2002); Antwoord", "Bestand": "15Kb", "Permalink": "\nhttp://www.geencommentaar.nl/parlando/index.php?action=doc&filename=KVR16351\n", "Inhoud": "Vragen naar aanleiding van een artikel in de Volkskrant van 19 augustus 2002 over het inkomen van oud-ambtenaren. Deze vragen dienen ter aanvulling op eerdere vragen terzake van het lid Rosenm\u00c3\u00b6ller, ingezonden 20 augustus 2002.", "Rubriek": "Inkomen en rechtspositie (VUT en pensionering) Sociale zekerheid (Arbeidsongeschiktheidsvoorzieningen (Ziektewet, WAO, AAW, IOAW, IOAZ)) Sociale zekerheid (Ouderdomsvoorzieningen en pensioenen (AOW)) Staats- en bestuursrecht (Rijksoverheid)", "Trefwoorden": "Onderwijsgevenden Overheidspersoneel Pensioenen WAO", "Vindplaats": "Kamervragen met antwoord 2002-2003, nr. 59, Tweede Kamer", "Afkomstig van": "2010214210", "Indiener": "Sociale Zaken en Werkgelegenheid (SZW) Binnenlandse Zaken en Koninkrijksrelaties (BZK)", "Partij vertegenwoordiger": "<persoon partij=\"PvdA\">Noorman-den Uyl</persoon>", "Datum_reaktie": "\n", "Datum_indiening": "2002-09-27", "vraag 1": "Hoeveel oud-ambtenaren hebben door de combinatie van WAO-uitkering en pre-pensioen meer inkomen gekregen dan hun oorspronkelijke salaris en om hoeveel procent inkomensvooruitgang gaat het? ", "vraag 2": "Welke keuringstermijnen zijn op deze groep van ambtenaren van toepassing? Zijn deze uitgevoerd? Zo niet, wanneer worden ze uitgevoerd? Zo ja, wat zijn hiervan de resultaten? ", "vraag 3": "Zijn aan deze ambtenaren passende functies aangeboden bij (toegenomen) arbeidsgeschiktheid dan wel zullen zij worden aangeboden voor hun arbeidsgeschikte deel, en waar bestaat de passende arbeid uit? ", "vraag 4": "In hoeverre is er sprake van terugwerkende kracht naar aanleiding van het besluit van januari 2002, dat de optelsom van uitkeringen en pre-pensioen of VUT bij ambtenaren maximeert op 75% van het oude salaris? ", "antwoord 1": "[Volgens gegevens van het ABP is bij 4276 oud-ambtenaren (overheid en onderwijs) sprake van samenloop van een WAO-uitkering en FPU. Bij ongeveer 700 oud-ambtenaren heeft deze samenloop geleid tot een uitkeringsniveau dat meer is dan hun oorspronkelijke salaris. Bij het merendeel hiervan gaat het om een uitkeringsniveau dat maximaal 10% hoger ligt dan dat oorspronkelijke salaris. Bij een beperkt aantal oud-ambtenaren gaat het om een uitkeringsniveau dat ligt tussen de 110% en 125% van dat salaris (gegevens ultimo april 2001)", "antwoord 2": "Voor deze groep gelden de in de WAO genoemde keuringstermijnen. Dit betekent dat een herkeuring plaats vindt na 1 jaar en na 5 jaar recht op WAO. Daarnaast is de mogelijkheid aanwezig dat de behandelende verzekeringsarts de betrokkene tussentijds oproept voor een zogenaamde professionele herbeoordeling. Aangezien deze groep niet apart wordt geregistreerd door de UWV is niet vast te stellen in welke mate de betreffende herkeuringen ook daadwerkelijk zijn uitgevoerd. In het algemeen speelt dat hier sprake is van achterstanden bij de uitvoering van de herbeoordelingen. Hierover heeft de ambtsvoorganger van de minister van SZW de Kamer ge\u00c3\u00afnformeerd met een brief van 8 juli jl. In hoeverre de herbeoordelingen van de betrokken groep hebben geleid tot een wijziging van de arbeidsongeschiktheid is, omdat de betrokken groep niet apart wordt geregistreerd, niet bekend", "antwoord 3": "Aangezien deze groep niet apart geregistreerd wordt door de UWV kan niet nagegaan worden in hoeverre voor deze specifieke groep passende functies zijn aangeboden. Eveneens onbekend is in hoeveel gevallen er een re\u00c3\u00afntegratietraject is ingezet", "antwoord 4": "Bij de wijziging van de anticumulatiebepalingen terzake hebben sociale partners bekeken of bij deze wijziging terugwerkende kracht mogelijk is. Sociale partners hebben zich daarbij laten voorlichten door prof. dr. E. Lutjens. Deze deskundige acht, vanuit het oogpunt van rechtszekerheid, aantasting van verkregen rechten niet mogelijk. Gegeven dat oordeel was met centrales van overheidspersoneel geen overeenstemming te bereiken over een wijziging met terugwerkende kracht. ]"}