{"Bibliografische_omschrijving": "Vragen van het lid Poppe (SP) aan de minister van Volkshuisvesting, Ruimtelijke Ordening en Milieubeheer over afvalverbranding door cementfabriek ENCI in Maastricht. (Ingezonden 6 februari 2002); Antwoord", "Bestand": "14Kb", "Permalink": "\nhttp://www.geencommentaar.nl/parlando/index.php?action=doc&filename=KVR15523\n", "Inhoud": "Deze vragen dienen ter aanvulling op eerdere vragen van het lid Van der Steenhoven, ingezonden 6 februari 2002, Aanhangsel van de Handelingen II, 2001-2002, 1024.", "Rubriek": "Milieu (Afvalverwerking) Milieu (Gevaarlijke stoffen)", "Trefwoorden": "Afvalverwerking Gevaarlijke stoffen", "Vindplaats": "Kamervragen met antwoord 2001-2002, nr. 1025, Tweede Kamer", "Afkomstig van": "2010205560", "Indiener": "Volkshuisvesting, Ruimtelijke Ordening en Milieubeheer (VROM)", "Partij vertegenwoordiger": "<persoon partij=\"SP\">Poppe</persoon>", "Datum_reaktie": "\n", "Datum_indiening": "2002-04-17", "vraag 1": "Is het waar dat bij het opstellen van de vergunning in 1998 voor de meeste stoffen geen emissieplafond is gesteld? Zo ja, kunt u verklaren waarom het bevoegd gezag i.c. de Provincie Limburg dit heeft nagelaten? ", "vraag 2": "Bent u van mening dat zo\u00e2\u20ac\u2122n hoge uitstoot van \u00c3\u00a9\u00c3\u00a9n enkele bron een gevaar oplevert voor de volksgezondheid in het algemeen en voor de omwonenden in het bijzonder? Zo neen, waarom niet? ", "vraag 3": "Deelt u de mening dat, gezien het gevaar voor de volksgezondheid en het milieu, er emissieplafonds voor de diverse stoffen ingesteld moeten worden zodat de uitstoot op jaarbasis niet boven die gemiddelde AVI uitkomt en/of dat de huidige normen zodanig aangescherpt worden dat ook hiermee de uitstoot op jaarbasis niet boven de gemiddelde AVI uitkomt? Zo neen, waarom niet? Zo ja, welke stappen gaat u ondernemen om dit te bereiken? ", "antwoord 1": "[Ja, alleen voor de stoffen NO x en SO is in de milieuvergunning van ENCI naast concentratie-eisen ook een emissieplafond in de vorm van jaarvrachten vastgelegd. Voor de andere stoffen zoals totaal stof, zoutzuur, fluorwaterstof, zware metalen en dioxines zijn concentratie-eisen als mg/m of ng/m opgenomen. In de vigerende milieuvergunning van ENCI is het gemiddeld aantal draaiuren per jaar van de cementoven en het rookgasvolume opgenomen. Door nu de concentratie-eis te vermenigvuldigen met het aantal bedrijfsuren en het rookgasvolume is in feite een emissieplafond gefixeerd", "antwoord 2": "Nee, van een gevaar voor de volksgezondheid is mijns inziens hier geen sprake. Wel is er sprake van geuroverlast en zeer lage concentraties van stoffen zonder drempelwaarde. Gezondheidseffecten als gevolg van een zeer beperkte blootstelling aan stoffen zonder drempelwaarde zijn nooit geheel uit te sluiten, doch erg onwaarschijnlijk. Voor kwik heeft de GGD Zuidelijk Zuid Limburg met verspreidingsmodellen berekend dat de ENCI slechts een zeer geringe bijdrage geeft aan de totale blootstelling van de bevolking, namelijk minder dan 0,001%. Deze blootstelling ligt overigens op circa 25% van de TDI (tolerable daily intake)", "antwoord 3": "Voor deze vraag verwijs ik naar de antwoorden op de vragen van de heer Van der Steenhoven . ]"}