{"Bibliografische_omschrijving": "Vragen van de leden Dittrich en Hoekema (beiden D66) aan de minister van Buitenlandse Zaken over de onthoofding van drie homoseksuelen. (Ingezonden 9 januari 2002); Antwoord", "Bestand": "13Kb", "Permalink": "\nhttp://www.geencommentaar.nl/parlando/index.php?action=doc&filename=KVR14995\n", "Inhoud": "Vragen over berichten dat in Saoedi-Arabi\u00c3\u00ab drie mannen zijn onthoofd, omdat ze homoseksueel zijn, en over Nederlandse inzet om hiertegen te protesteren.", "Rubriek": "Staats- en bestuursrecht (Grondrechten)", "Trefwoorden": "Homoseksuelen Mensenrechten Saudi-Arabi\u00c3\u00ab", "Vindplaats": "Kamervragen met antwoord 2001-2002, nr. 566, Tweede Kamer", "Afkomstig van": "2010204200", "Indiener": "Buitenlandse Zaken (BUZA)", "Partij vertegenwoordiger": "<persoon partij=\"D66\">Dittrich</persoon>", "Datum_reaktie": "\n", "Datum_indiening": "<persoon partij=\"D66\">Hoekema</persoon>", "vraag 1": "Kent u de berichten dat in Saoedi-Arabi\u00c3\u00ab onlangs drie mannen zijn onthoofd, omdat zij homoseksueel zijn? Hoe reageert u op deze berichten? ", "vraag 2": "Welke acties hebt u richting Saoedische overheid (regering, ambassadeur) ondernomen om hier ten scherpste tegen te protesteren? ", "vraag 3": "Welke acties onderneemt de EU in dit kader? En welke rol speelt Nederland daarbij? ", "antwoord 1": "[Ja, ik heb kennisgenomen van de onthoofdingen. Aanleiding zou, volgens in Riyad verkregen informatie, zijn gewelddadige verkrachting en pedofiele handelingen. Uiteraard zijn Nederland en de EU verklaard tegenstander van de doodstraf in alle voorkomende gevallen", "antwoord 2": "Nederland heeft de onthoofding van de drie homoseksuelen in Saoedi-Arabi\u00c3\u00ab in EU-kader aan de orde gesteld. In eerste instantie is besloten terzake nadere informatie in te winnen via de ambassades in Riyad met het oog op mogelijke volgende stappen. Indien op grond van deze informatie moet worden geconcludeerd dat is gehandeld in strijd met de minimumstandaarden die de EU hanteert in haar anti-doodstrafbeleid, gebaseerd op de zgn. ECOSOC waarborgen, acht ik termen aanwezig om de Saoedische autoriteiten hierop aan te spreken. Medio 2001 is reeds in een algemene d\u00c3\u00a9marche over mensenrechten het principi\u00c3\u00able standpunt van de EU tegen de doodstraf ter kennis gebracht van de Saoedische autoriteiten, waarbij op de ECOSOC waarborgen is gewezen. ]"}