{"Bibliografische_omschrijving": "Vragen van het lid Kamp (VVD) aan de minister van Justitie over de KLM en Europese regelgeving. (Ingezonden 16 oktober 2001); Mededeling", "Bestand": "13Kb", "Permalink": "\nhttp://www.geencommentaar.nl/parlando/index.php?action=doc&filename=KVR14586\n", "Inhoud": "Is het waar dat op grond van Europese regelgeving alleen de KLM gehouden is te controleren of haar passagiers die via Schiphol reizen in het bezit zijn van een geldig transitvisum en dat andere maatschappijen op Schiphol en in Europa deze verplichting niet hebben.", "Rubriek": "Criminaliteit en openbare orde (Persoonsregistratie en identificatie) Verkeer, vervoer en waterstaat (Luchtvaartterreinen)", "Trefwoorden": "Luchthavens Visa", "Vindplaats": "Kamervragen met antwoord 2001-2002, nr. 242, Tweede Kamer", "Afkomstig van": "2010201010", "Indiener": "Justitie (JUS)", "Partij vertegenwoordiger": "<persoon partij=\"VVD\">Kamp</persoon>", "Datum_reaktie": "\n", "Datum_indiening": "2001-11-12", "vraag 1": "Is het waar dat de KLM op grond van Europese regelgeving gehouden is te controleren of haar passagiers die via Schiphol reizen in het bezit zijn van een geldig transitvisum? ", "vraag 2": "Zijn de andere maatschappijen die passagiers via Schiphol laten reizen ook gehouden hun passagiers op transitvisa te controleren? Zo neen, waarom niet? ", "vraag 3": "Is het waar dat andere Europese luchtvaartmaatschappijen, zoals Air France en Lufthansa, op grond van Europese regelgeving, bedoeld in vraag 1, niet gehouden zijn om transitpassagiers die via Frankrijk en Duitsland reizen op transitvisa te controleren? ", "vraag 4": "Bent u van mening dat de Europese regelgeving, bedoeld in vraag 1, gelijkluidend dient te worden ge\u00c3\u00afnterpreteerd door alle lidstaten, c.q. Schengenlanden? ", "vraag 5": "Wat gaat u doen om dit te bereiken? ", "antwoord 1": "[]"}