{"Bibliografische_omschrijving": "Vragen van het lid Koenders (PvdA) aan de minister van Buitenlandse Zaken over mensenrechtenschendingen in Rusland en de Palestijnse gebieden en de rol van het Internationaal Strafhof. (Ingezonden 29 juli 2002); Antwoord", "Bestand": "15Kb", "Permalink": "\nhttp://www.geencommentaar.nl/parlando/index.php?action=doc&filename=KVR16068\n", "Inhoud": "Vragen over berichten van de Internationale Helsinki Federatie voor Mensenrechten (IHF) over het vermoorden van Tsjetsjenen door Russen, maatregelen daartegen vanuit OVSE, EU en VN, beoordeling door de UNHCR en de rol van het Internationaal Strafhof ten aanzien van de aanval met F16's op Hamas en terroristenleider Sheikh Salah Shehada.", "Rubriek": "Internationale betrekkingen (Verenigde Naties) Staats- en bestuursrecht (Grondrechten) Strafrecht en strafprocesrecht (Overig) Veiligheidsbeleid en defensie (Oorlogen en conflicten)", "Trefwoorden": "Internationaal strafrecht Mensenrechten Palestijnen Rusland VN", "Vindplaats": "Kamervragen met antwoord 2001-2002, nr. 1492, Tweede Kamer", "Afkomstig van": "2010213220", "Indiener": "Buitenlandse Zaken (BUZA)", "Partij vertegenwoordiger": "<persoon partij=\"PvdA\">Koenders</persoon>", "Datum_reaktie": "\n", "Datum_indiening": "2002-08-13", "vraag 1": "Hoe beoordeelt u de uiterst ernstige berichten van de Internationale Helsinki Federatie voor Mensenrechten (IHF) dat 50 tot 80 Tjetsjenen per maand door Russen in Tsjetsjeni\u00c3\u00ab worden vermoord? ", "vraag 2": "Welke maatregelen worden overwogen in het kader van de OVSE-missie, de EU en de VN? Welke initiatieven neemt Nederland daartoe? Wil de Nederlandse regering daarbij een statenklacht overwegen? ", "vraag 3": "Welke beoordeling geeft het Hoge VN-Commissariaat voor de Vluchtelingen (UNHCR) en welke consequenties trekt de Nederlandse regering daaruit? ", "vraag 4": "In hoeverre worden de berichten over mensenrechtenschendingen verergerd door het feit dat mensenrechten deels worden opgeofferd door de strijd tegen het terrorisme? Hoe beoordeelt u de opmerkingen van ex-VN-Commissaris voor de Mensenrechten Robinson, over dit spanningsveld en stelt u deze problematiek ten principale aan de orde bij de Algemene Vergadering van de VN? ", "vraag 5": "Hoe beoordeelt u hierbij de rol van het Internationaal Strafhof, bijvoorbeeld ten aanzien van de aanval met F16\u00e2\u20ac\u2122s op Hamas en terroristenleider Sheikh Salah Shehada, de positie van Premier Sharon en de planners van zelfmoordaanslagen? ", "antwoord 1": "[Het door u genoemde bericht van de Internationale Helsinki Federatie voor Mensenrechten is mij bekend. Dergelijke berichten versterken de indruk dat in Tsjetsjeni\u00c3\u00ab nog steeds ernstige mensenrechtenschendingen plaatsvinden, waartegen door de autoriteiten ter plaatse onvoldoende wordt opgetreden. Zulks werd in feite recent ook impliciet toegegeven door de nieuwe presidenti\u00c3\u00able vertegenwoordiger voor de mensenrechten in Tsjetsjeni\u00c3\u00ab Abdoel-Chakim Soeltygov (opvolger van Vladimir Kalamanov) tijdens diens eerste persconferentie. De in het rapport van de IHF genoemde kwantitatieve gegevens kunnen overigens niet op basis van andere bronnen worden bevestigd", "antwoord 2": "In internationaal kader blijft de zorg over de ontwikkelingen in Tsjetsjeni\u00c3\u00ab op de agenda, ook al is de EU er niet in geslaagd om dit jaar in de VN-Mensenrechtencommissie hetzij een kritische Voorzitterschapsverklaring, danwel wederom een resolutie hierover te doen aannemen. Zowel in het kader van overleg tussen de EU en de Russische Federatie, als in OVSE- en Raad van Europa kader blijft de Russische Federatie aangesproken worden op met name de tekortschietende maatregelen om verantwoordelijken voor mensenrechtenschendingen te bestraffen en nieuwe schendingen te voorkomen. Een dergelijke voortdurende druk vanuit de internationale gemeenschap lijkt op termijn de meest effectieve manier om daadwerkelijk verandering ten goede te bewerkstelligen", "antwoord 3": "Aangezien UNHCR niet permanent aanwezig is in Tsjetsjeni\u00c3\u00ab neemt de organisatie geen specifieke standpunten in ten aanzien van de situatie aldaar", "antwoord 4": "De regering is alert op de mogelijkheid dat landen in de strijd tegen terrorisme excessief geweld gebruiken of vergaande maatregelen treffen waardoor de rechten van burgers in het gedrang komen. De regering deelt het standpunt van de VN-Hoge Commissaris voor de Rechten van de Mens dat de acties van staten ter bestrijding van terrorisme in overeenstemming moeten zijn met de internationaal aanvaarde standaarden voor mensenrechten en internationaal humanitair recht. Het zou kortzichtig zijn om de aandacht voor mensenrechten te laten verslappen als gevolg van de strijd tegen het terrorisme. Indien nationale regeringen de mensenrechten respecteren, kan dit immers juist helpen om de voedingsbodem voor terrorisme weg te nemen. De regering zal dan ook elke gelegenheid waar dit onderwerp aan de orde is, te baat nemen om wereldwijde naleving van mensenrechten te bepleiten", "antwoord 5": "Het is in eerste aanleg aan de aanklager van het Internationaal Strafhof om op basis van verkregen informatie te beslissen of deze feiten onder de rechtsmacht van het Hof vallen. Zoals bekend, is er op dit moment nog geen aanklager benoemd en is het Internationaal Strafhof in die zin nog niet operationeel. De regering hecht eraan niet vooruit te lopen op mogelijke oordeelsvorming door het Internationaal Strafhof. Het zou op dit moment prematuur zijn een oordeel te vellen over de wijze waarop de toekomstige aanklager zijn of haar verantwoordelijkheden zou moeten invullen. ]"}