{"Bibliografische_omschrijving": "Vragen van het lid Koenders (PvdA) aan de minister van Buitenlandse Zaken over de Isra\u00c3\u00ablische aanval op het hoofdkwartier van Arafat in Gaza-stad. (Ingezonden 21 februari 2002); Antwoord", "Bestand": "13Kb", "Permalink": "\nhttp://www.geencommentaar.nl/parlando/index.php?action=doc&filename=KVR15234\n", "Inhoud": "Gevraagd wordt onder meer hoe Nederland zal reageren op de aanval van Isra\u00c3\u00ablische troepen op het hoofdkwartier van Arafat in Gaza-stad, waarbij 4 leden van de beveiliging zijn omgekomen.", "Rubriek": "Internationale betrekkingen (Overig) Veiligheidsbeleid en defensie (Oorlogen en conflicten)", "Trefwoorden": "Isra\u00c3\u00abl Oorlogen Palestijnen", "Vindplaats": "Kamervragen met antwoord 2001-2002, nr. 775, Tweede Kamer", "Afkomstig van": "2010206840", "Indiener": "Buitenlandse Zaken (BUZA)", "Partij vertegenwoordiger": "<persoon partij=\"PvdA\">Koenders</persoon>", "Datum_reaktie": "\n", "Datum_indiening": "2002-03-08", "vraag 1": "Op welke wijze neemt de Nederlandse Regering onverwijld afstand van de aanval van Isra\u00c3\u00ablische troepen op het hoofdkwartier van Arafat in Gaza-stad, waarbij vier leden van de beveiliging zijn omgekomen? ", "vraag 2": "Is de directe aanval op het hoofdkwartier van Arafat een nieuwe fase van escalatie in het Midden-Oosten-conflict en op welke wijze zal Nederland c.q. de EU hierop reageren? Welk specifiek spoedoverleg vindt hierover plaats met de Europese bondgenoten en de VS? Welke initiatieven neemt de Nederlandse Regering hiertoe? ", "vraag 3": "Waarom wordt door Nederland c.q. de EU en de VS onvoldoende echte druk op de partijen uitgeoefend, zodat het Mitchell-plan en het Tenet-plan zonder verdere negatieve escalatie worden uitgevoerd? ", "vraag 4": "Welke Nederlandse c.q. Europese initiatieven, die daadwerkelijk effectief zijn, worden nu geagendeerd? Welke rol speelt u daarbij? ", "antwoord 1": "[De escalatie van geweld over en weer van de afgelopen weken is zeer betreurenswaardig. Het aantal slachtoffers dat is gevallen bij zowel Palestijnse aanslagen als de harde Isra\u00c3\u00ablische vergeldingsacties, is steeds hoger en is aanleiding tot grote zorg over het verdere verloop van het conflict. Nederland kon zich dan ook volledig vinden in de verklaring die het EU-voorzitterschap uitgaf onder meer naar aanleiding van hogergenoemd incident waarin consternatie over het geweld werd uitgesproken, de nabestaanden werden gecondoleerd en beide partijen werden herinnerd aan de oproep die aan hen is gedaan tijdens de EU-top in Laken om de geweldspiraal te doorbreken", "antwoord 2": "De EU Hoge Vertegenwoordiger Solana kreeg tijdens de afgelopen Algemene Raad opdracht naar de regio af te reizen. Hij heeft daar met de partijen en andere hoofdrolspelers, waarbij met name aan de leden van het zogenaamde kwartet (VS, VN, Rusland, EU) moet worden gedacht, initiatieven besproken om de huidige impasse te doorbreken. De dialoog tussen Peres en Abu Alaa is onder meer aan de orde gekomen. Maar ook de recente idee\u00c3\u00abn van Saoedische origine \u00e2\u20ac\u201c die gericht zijn op onmiddellijke erkenning van Isra\u00c3\u00abl door Arabische staten als het zich bereid toont de bezetting op te heffen en zich terug te trekken achter de grenzen van 4 juni 1967 \u00e2\u20ac\u201c waren onderwerp van gesprek. Na zijn reis aan de regio is hij afgereisd naar Washington om over afstemming van het Europese en het Amerikaanse beleid te spreken", "antwoord 3": "De Europese Unie en de Amerikaanse regering hebben niet aflatend inspanningen geleverd om de partijen te bewegen de geweldspiraal te doorbreken en de politieke dialoog te hervatten conform de aanbevelingen van het Mitchell-rapport en het Tenet-plan. Voorts wil ik verwijzen naar mijn antwoorden op de mondeling gestelde vragen tijdens het vragenuur van dinsdag 26 februari jl. ]"}