{"Bibliografische_omschrijving": "Vragen van het lid Van der Vlies (SGP) aan de minister van Landbouw, Natuurbeheer en Visserij en de staatssecretaris van Onderwijs, Cultuur en Wetenschappen, dhr. Van der Ploeg, over het huisvestingsprobleem van het Zijdemuseum te Grijpskerke. (Ingezonden 19 november 1999); Antwoord", "Bestand": "14Kb", "Permalink": "\nhttp://www.geencommentaar.nl/parlando/index.php?action=doc&filename=KVR10796\n", "Inhoud": "Cultuur en taal (Musea) Cultuur en taal (Subsidies)", "Rubriek": "Cultuursubsidies Musea", "Trefwoorden": "Kamervragen met antwoord 1999-2000, nr. 477, Tweede Kamer", "Vindplaats": "2990003060", "Afkomstig van": "Landbouw, Natuurbeheer en Visserij", "Indiener": "<persoon partij=\"SGP\">Van der Vlies</persoon>", "Partij vertegenwoordiger": "\n", "Datum_reaktie": "1999-12-16", "Datum_indiening": "1999-11-19", "vraag 1": "Bent u op de hoogte van het urgente huisvestingsprobleem van het Zijdemuseum te Grijpskerke (gemeente Veere)? ", "vraag 2": "Erkent u het unieke karakter van dit museum, dat met zijn collecties en educatieve programma\u00e2\u20ac\u2122s zowel nationale als internationale belangstelling trekt? ", "vraag 3": "Deelt u de zienswijze dat het museum ook in het kader van de plattelandsvernieuwing een belangrijke functie heeft, om welke reden een subsidie is toegekend in het kader van de Subsidieregeling eenmalige projecten plattelandsvernieuwing en agrarisch natuurbeheer? ", "vraag 4": "Is u bekend, dat mede ten gevolge van het bedoelde huisvestingsprobleem een deel van de gelden die toegekend zijn in het kader van genoemde subsidieregeling nog niet is aangewend en ook niet zal kunnen worden aangewend voor uitbreiding van de collectie? ", "vraag 5": "Bent u in het licht van het bovenstaande bereid om zo spoedig mogelijk in samenspraak met het lokaal en provinciaal bestuur te zoeken naar financi\u00c3\u00able middelen om het urgente huisvestingsprobleem van het museum te helpen oplossen en daarmee de toekomst van het museum, dat gelet op het sinds 1996 zeer sterk toegenomen bezoekersaantal in een behoefte voorziet, veilig te stellen? ", "antwoord 1": "[Ja", "antwoord 2": "Het museum heeft interessante collecties en educatieve programma\u00e2\u20ac\u2122s die veel belangstelling trekken", "antwoord 3": "De Subsidieregeling eenmalige projecten plattelandsvernieuwing en agrarisch natuurbeheer heeft tot doel de stimulering van vernieuwende projecten voor het landelijk gebied. In dit kader is eind 1998 een bijdrage toegekend aan het Zijdemuseum. De provincie Zeeland heeft mij daartoe positief geadviseerd", "antwoord 4": "Ja. De einddeclaratie is momenteel in behandeling. Een deel van de oorspronkelijke aanvraag is daarin niet opgenomen omdat die niet is uitgevoerd", "antwoord 5": "Het zoeken naar financi\u00c3\u00able middelen voor het huisvestingsprobleem is de verantwoordelijkheid van het Zijdemuseum zelf. Door de Staatssecretaris van Onderwijs, Cultuur en Wetenschappen kan niet worden gesubsidieerd in deze kosten. Wel staan andere \u00e2\u20ac\u201c op musea gerichte \u00e2\u20ac\u201c subsidiemogelijkheden open bij de Mondriaan Stichting te Amsterdam Inmiddels is het museum er (tijdig) op gewezen dat in het kader van de komende Cultuurnota, mits nog voor 15 december 1999 ingediend, een beroep kan worden gedaan op de financi\u00c3\u00able middelen die de Staatssecretaris van Onderwijs, Cultuur en Wetenschappen voor de uitvoering van deze nota ter beschikking staan. ]"}