{"Bibliografische_omschrijving": "Vragen van de leden Verburg en Buijs (beiden CDA) aan de ministers van Sociale Zaken en Werkgelegenheid en van Volksgezondheid, Welzijn en Sport over de erkenning van diploma's van allochtone medici. (Ingezonden 25 juni 2002); Antwoord", "Bestand": "17Kb", "Permalink": "\nhttp://www.geencommentaar.nl/parlando/index.php?action=doc&filename=KVR15939\n", "Inhoud": "Artsen en andere medici, die over een verblijfsvergunning beschikken, hebben grote moeite om hun diploma gewaardeerd en erkend te krijgen.", "Rubriek": "Arbeid (Werknemers) Gezondheidszorg (Medische beroepen) Welzijn (Minderheden)", "Trefwoorden": "Artsen Buitenlandse werknemers Minderheden", "Vindplaats": "Kamervragen met antwoord 2001-2002, nr. 1383, Tweede Kamer", "Afkomstig van": "2010211870", "Indiener": "Volksgezondheid, Welzijn en Sport (VWS)", "Partij vertegenwoordiger": "<persoon partij=\"CDA\">Verburg</persoon>", "Datum_reaktie": "\n", "Datum_indiening": "<persoon partij=\"CDA\">Buijs</persoon>", "vraag 1": "Hebt u kennisgenomen van de uitzending van het actualiteitenprogramma \u00c2\u00ab2 Vandaag\u00c2\u00bb van 20 juni 2002 inzake het niet willen erkennen van elders behaalde diploma\u00e2\u20ac\u2122s en het onthouden van de kans om in de praktijk te tonen over welke ervaring en deskundigheid men beschikt? ", "vraag 2": "Is het u bekend dat het hier om ongeveer 500 nieuwkomers per jaar gaat, paradoxaal genoeg in een sector die al jaren wordt geplaagd door wachtlijsten en gebrek aan medici? ", "vraag 3": "Deelt u de mening dat het ontoelaatbaar is dat zorgvuldigheid in de beoordeling van kunde en ervaring op deze wijze vastlopen in stroperigheid en bureaucratie? ", "vraag 4": "Welke concrete stappen hebt u reeds genomen of zult u nemen om er voor te zorgen dat artsen en andere medici, die over een verblijfsvergunning beschikken, de kans krijgen om hun diploma gewaardeerd en erkend te krijgen alsmede de kans om aanvullende opleiding in theorie en praktijk te doen? ", "antwoord 1": "[Ja", "antwoord 2": "In de uitzending van \u00c2\u00ab2 Vandaag\u00c2\u00bb wordt gesproken over een aantal van 150 medici dat zich jaarlijks in Nederland zou melden, deels als vluchteling en deels om andere redenen. Naar mijn informatie ontbreekt het aan exacte gegevens over het aantal nieuwkomers, waaronder vluchtelingen, met een medische opleiding dat in Nederland verblijft. Wel is het mij bekend dat in het jaar 2000 een aantal van 257, en in 2001 254, aanvragen voor een verklaring van vakbekwaamheid door artsen, met een diploma van buiten de Europese Economische Ruimte (EER), is afgehandeld door het Ministerie van Volksgezondheid, Welzijn en Sport (VWS). Van deze aanvragen zijn er respectievelijk 141 en 142 als (nagenoeg) gelijkwaardig gewaardeerd, waardoor deze verzoekers de gelegenheid kregen zich (geclausuleerd) in het BIG-register voor artsen in te laten schrijven. Momenteel wordt de laatste hand gelegd aan een onderzoek naar de arbeidsmarktpositie van vluchtelingen, op basis van het besluit van het kabinet van juni 2000 om de kennis over vluchtelingen te verdiepen. (Uit: Plan van aanpak verbetering arbeidsmarktpositie hoger opgeleide vluchtelingen van het ministerie van Sociale Zaken en Werkgelegenheid)", "antwoord 3": "Ik deel uw mening niet dat zorgvuldigheid in de beoordeling van kunde en ervaring vastloopt in stroperigheid en bureaucratie. Zorgvuldigheid bij de beoordeling van de vakbekwaamheid van in het buitenland gediplomeerde artsen en andere beroepsgroepen is gerechtvaardigd vanuit het publieke belang van handhaving van de kwaliteit van de gezondheidszorg in Nederland en de bescherming van de consument. De Wet op de beroepen in de individuele gezondheidszorg (Wet BIG) geeft daarbij aan dat iedere arts aan de in Nederland gestelde opleidingseisen dient te voldoen voor registratie in het BIG-register. Dit geldt zowel voor in Nederland opgeleide artsen als in het buitenland gediplomeerde artsen. Echter, voor de arts van buiten de EER die in Nederland aan de slag wil komt meer kijken dan de beoordeling van de vakbekwaamheid als arts, namelijk het kennismaken met de Nederlandse gezondheidszorg, het verkrijgen van een verblijfsvergunning en tewerkstellingsvergunning, de beheersing van de Nederlandse taal \u00e2\u20ac\u201c in het kader van de Wet op de geneeskundige behandelingsovereenkomst (WGBO) dient een hulpverlener te kunnen communiceren met pati\u00c3\u00abnten en andere hulpverleners \u00e2\u20ac\u201c en eventueel het verkrijgen van een opleidingsplek aan een Nederlandse medische faculteit. In mijn antwoord op vraag 4 ga ik hier nader op in. Voor wat betreft de in de uitzending van \u00c2\u00ab2 Vandaag\u00c2\u00bb aangehaalde casussen van buitenlandse medici, wijs ik er op dat \u00c3\u00a9\u00c3\u00a9n van de buitenlandse artsen in het jaar 1997 van de Commissie Buitenslands Gediplomeerden Volksgezondheid (CBGV) het aanbod heeft gekregen een kennis- en vaardighedentoets af te leggen. Hiervan is door betrokkene geen gebruik gemaakt. Bij de andere buitenlandse arts zijn verschillen geconstateerd in de door hem gevolgde opleidingen en opgedane beroepservaring, op grond waarvan het deskundigheidsniveau als arts is beoordeeld als niet gelijkwaardig met dat van een Nederlandse arts. De andere twee in het buitenland gediplomeerde medici traden anoniem voor het voetlicht, om welke reden ik niet kan nagaan wat de specifieke omstandigheden van hun situatie is", "antwoord 4": "Zoals in mijn antwoord op vraag 3 is aangegeven bestaat nu reeds de mogelijkheid voor buitenlandse artsen en andere medici om hun diploma gewaardeerd en erkend te krijgen. Ook is er voor sommigen van hen de mogelijkheid voor aanvullende opleiding in theorie en praktijk. Ik ben mij ervan bewust dat het voor buitenlandse beroepsbeoefenaren die hier in de gezondheidszorg willen gaan werken niet eenvoudig is hun weg te vinden binnen de procedures die zijn vastgesteld voor de verklaring van vakbekwaamheid, bij- en nascholingsmogelijkheden, de verblijfsvergunning en de tewerkstellingsvergunning. Om hen daarbij een helpende hand te bieden heb ik per 1 januari 2002 het Verwijspunt Buitenslands Gediplomeerden Volksgezondheid in het leven geroepen. Dit verwijspunt helpt de weg binnen de Nederlandse regelgeving te vinden en verwijst naar de juiste instantie. Verder merk ik op dat het kabinet in zijn standpunt op het rapport \u00c2\u00abNooit meer wachten\u00c2\u00bb de aanbeveling van de MDW-werkgroep \u00c2\u00abtoetredingsbelemmeringen medische beroepsbeoefenaren\u00c2\u00bb heeft onderschreven voor de invoering van een \u00c2\u00abtoelatingsexamen\u00c2\u00bb voor beroepsbeoefenaren die hun opleiding buiten de Europese Economische Ruimte hebben genoten. Het kabinet heeft daarbij aangetekend dat dit een toets zou moeten zijn die gericht is op het onderkennen van de actuele kennis en vaardigheden van de buitenslands gediplomeerde. Als dan leemten in kennis of vaardigheden worden geconstateerd zouden individueel toegesneden onderwijsprogramma\u00e2\u20ac\u2122s beschikbaar moeten komen om de verschillen te overbruggen. Momenteel wordt door de CBGV gewerkt aan het in kaart brengen van de consequenties van dit standpunt. Binnen de CBGV zijn gesprekken gestart met de beroepsgroepen van artsen, tandartsen en verpleegkundigen over de consequenties van een toelatingsexamen. Tevens is een eerste overleg geweest met de medische faculteiten. Overleg met de tandheelkundige faculteiten is in voorbereiding. De commissie streeft naar een zo groot mogelijke harmonisatie in methodiek van de verschillende beroepsgroepen met als uitgangspunten: zo veel mogelijk objectiviteit en rechtsgelijkheid. De commissie zal haar onderzoek v\u00c3\u00b3\u00c3\u00b3r het eind van dit jaar afronden. In het volgende voorjaar zal dan al het mogelijke in gang gezet worden om de nieuwe procedure te implementeren. In dit verband wijs ik u op de relevante passage in de brief van de Minister van Onderwijs, Cultuur en Wetenschappen en mij over het \u00c2\u00abimplementatieplan MDW-traject medische beroepen\u00c2\u00bb (IBE/BO-2282856) die op 27 juni 2002 aan de Kamer is gestuurd. Gezien de ingewikkeldheid van de gewenste omvorming van de procedure (het ontwikkelen van effectieve toetsen, de organisatie van die toetsen en de organisatie van de bijscholing) zal het nog wel enige tijd duren voordat deze zijn beslag heeft gekregen. De Kamer zal ook over dit implementatietraject nader worden ge\u00c3\u00afnformeerd. ]"}