{"Bibliografische_omschrijving": "Vragen van het lid Rouvoet (ChristenUnie) aan de ministers van Justitie en van Volksgezondheid, Welzijn en Sport over de exploitatie van kraslotenautomaten. (Ingezonden 25 september 2001); Mededeling", "Bestand": "13Kb", "Permalink": "\nhttp://www.geencommentaar.nl/parlando/index.php?action=doc&filename=KVR14502\n", "Inhoud": "Vragen over het toezicht op verkoop van krasloten aan jongeren onder de 18 jaar en gokverslaafden bij de kraslotenautomaten van de Stichting Nationale Sporttotalisator.", "Rubriek": "Overheidsfinanci\u00c3\u00abn (Kansspelen) Welzijn (Jeugdigen) Welzijn (Verslavingszorg)", "Trefwoorden": "Jeugdigen Kansspelen Verslaving", "Vindplaats": "Kamervragen met antwoord 2001-2002, nr. 167, Tweede Kamer", "Afkomstig van": "2010200220", "Indiener": "Justitie (JUS)", "Partij vertegenwoordiger": "<persoon partij=\"ChristenUnie\">Rouvoet</persoon>", "Datum_reaktie": "\n", "Datum_indiening": "2001-10-26", "vraag 1": "Bent u ervan op de hoogte dat de Stichting Nationale Sporttotalisator kraslotenautomaten exploiteert? Hoeveel van deze automaten zijn er landelijk? Zijn deze over het hele land verspreid dan wel geconcentreerd in bepaalde gemeenten? ", "vraag 2": "Hoe wordt het voorschrift van artikel 14d lid 1 van de Wet op de Kansspelen (namelijk dat personen onder de achttien jaar niet als deelnemer aan een instantloterij mogen worden toegelaten) bij het gebruik van de kraslotenautomaten gehandhaafd? ", "vraag 3": "Deelt u de vrees dat deze wijze van verkoop, meer nog dan de reguliere verkoop van krasloten, het risico in zich bergt dat mensen krasloten blijven kopen en dat gokverslaving aldus in de hand wordt gewerkt? Welke mogelijkheden zijn er om dat tegen te gaan? ", "vraag 4": "Bent u bereid, indien blijkt dat het toezicht op het gebruik van deze automaten door personen jonger dan achttien jaar en gokverslaafden tekortschiet, de exploitatie van deze automaten te verbieden? ", "antwoord 1": "[]"}