{"Bibliografische_omschrijving": "Vragen van het lid \u00c3\u2013rg\u00c3\u00bc (VVD) aan de staatssecretaris van Volksgezondheid, Welzijn en Sport en de minister van Justitie over tekorten in de opvang binnen de jeugdzorg. (Ingezonden 12 december 2001); Antwoord", "Bestand": "15Kb", "Permalink": "\nhttp://www.geencommentaar.nl/parlando/index.php?action=doc&filename=KVR14879\n", "Inhoud": "Herdruk in verband met ondertekening. Vragen over het opnemen van 12-minners in Justiti\u00c3\u00able Jeugdinrichtingen, ook wanneer het niet alleen om crisisplaatsingen gaat. Deze vragen dienen ter aanvulling op eerdere vragen hierover van de leden Kant en De Wit (Aanhangsel van de Handelingen II, 2001-2002, 453), en van het lid Arib (Aanhangsel van de Handelingen II, 2001-2002, 458).", "Rubriek": "Criminaliteit en openbare orde (Gevangeniswezen en penitentiair recht) Welzijn (Jeugdigen)", "Trefwoorden": "Gevangeniswezen Jeugdwelzijn", "Vindplaats": "Kamervragen met antwoord 2001-2002, nr. 459H, Tweede Kamer", "Afkomstig van": "2010203480", "Indiener": "Justitie (JUS)", "Partij vertegenwoordiger": "<persoon partij=\"VVD\">\u00c3\u2013rg\u00c3\u00bc</persoon>", "Datum_reaktie": "\n", "Datum_indiening": "2001-12-28", "vraag 1": "Is het waar dat met enige regelmaat 12-minners worden opgenomen in Justiti\u00c3\u00able Jeugdinrichtingen, ook wanneer het niet uitsluitend om crisisplaatsingen gaat? Zo ja, op basis van welke regelgeving gebeurt dit? ", "vraag 2": "Kan inzicht worden gegeven om hoeveel gevallen het hier gaat? ", "vraag 3": "Bent u bereid maatregelen te nemen teneinde te voorkomen dat 12-minners worden opgenomen in gevangenissen? Zo ja, welke? ", "antwoord 1": "[Incidenteel worden jeugdigen onder de 12 jaar geplaatst in een justiti\u00c3\u00able jeugdinrichting. In een justiti\u00c3\u00able jeugdinrichting worden jeugdigen geplaatst zowel op strafrechtelijke als op civielrechtelijke titel. Deze kinderen hebben met elkaar gemeen, dat ambulante of residenti\u00c3\u00able hulpverlening niet (meer) werkt, waardoor een door de kinderrechter aangestelde gezinsvoogd in het kader van een ondertoezichtstelling een machtiging gesloten plaatsing heeft moeten aanvragen. Het kind krijgt in deze procedure een advocaat toegewezen. In deze gevallen is er steeds sprake van dermate ernstige gedragsproblemen van het kind dat de kinderrechter een machtiging tot een gesloten plaatsing in een justiti\u00c3\u00able jeugdinrichting heeft verleend. Verantwoordelijk voor de plaatsing van het kind in een gesloten inrichting is de aangestelde gezinsvoogd. Zie voorts de beantwoording van vraag 2, Arib ", "antwoord 2": "Op grond van de bepalingen in het Burgerlijk Wetboek kan een jeugdige onder toezicht worden gesteld of kan de kinderrechter de voogdij opdragen aan een voogdij-instelling (art. 1:254 resp. 1:302 BW). In beide situaties kan, wanneer dit noodzakelijk is in het belang van de verzorging en opvoeding van de minderjarige of tot onderzoek van diens geestelijke of lichamelijke gesteldheid, de kinderrechter de (gezins)voogdij-instelling machtigen de minderjarige uit huis te plaatsen (art. 1:261 resp. 1:305 Bw). Voor plaatsing in een gesloten inrichting (een gesloten inrichting is in de praktijk steeds een justiti\u00c3\u00able jeugdinrichting) is een uitdrukkelijk daartoe strekkende machtiging van de kinderrechter nodig (art 1:261, derde lid, resp. 1:305, derde lid, BW). Criterium hierbij is of sprake is van ernstige gedragsproblemen. Deze maatregelen kunnen worden toegepast op de minderjarige dus ook ten aanzien van \u00c2\u00ab12-minners\u00c2\u00bb. De justiti\u00c3\u00able jeugdinrichtingen zijn volgens de Beginselenwet justiti\u00c3\u00able jeugdinrichtingen (artikelen 9 en 10) bestemd voor de opname van zowel jeugdigen die op strafrechtelijke titel moeten worden ingesloten als voor jeugdigen die op civielrechtelijke titel in een inrichting moeten worden geplaatst. Jeugdigen die op strafrechtelijke titel worden ingesloten in een justiti\u00c3\u00able jeugdinrichting zijn steeds 12 jaar of ouder, omdat daar de grens voor de toepassing van het strafrecht ligt. Een nadere grens voor de civielrechtelijk geplaatste jeugdigen is niet gesteld. Daarmee is het juridisch mogelijk dat * I.v.m. ondertekening. een minderjarige van 10 jaar in een justiti\u00c3\u00able jeugdinrichting verblijft. In de periode januari tot 11 december 2001 zijn 10 kinderen van 10 en 11 jaar in een justiti\u00c3\u00able jeugdinrichting geplaatst", "antwoord 3": "Zoals hiervoor is aangegeven krijgen de kinderen in een justiti\u00c3\u00able jeugdinrichtingen een adequate behandeling. ]"}