{"Bibliografische_omschrijving": "Vragen van het lid Gerkens (SP) aan de minister van Verkeer en Waterstaat over babywagens in bussen. (Ingezonden 31 juli 2002); Antwoord", "Bestand": "13Kb", "Permalink": "\nhttp://www.geencommentaar.nl/parlando/index.php?action=doc&filename=KVR16071\n", "Inhoud": "Vragen over de ontoegankelijkheid van bussen van Connexxion voor kinderwagens.", "Rubriek": "Verkeer, vervoer en waterstaat (Openbaar vervoer)", "Trefwoorden": "Openbaar vervoer", "Vindplaats": "Kamervragen met antwoord 2001-2002, nr. 1495, Tweede Kamer", "Afkomstig van": "2010213310", "Indiener": "Verkeer en Waterstaat (VW)", "Partij vertegenwoordiger": "<persoon partij=\"SP\">Gerkens</persoon>", "Datum_reaktie": "\n", "Datum_indiening": "2002-08-14", "vraag 1": "Bent u op de hoogte van de actie op babypagina\u00e2\u20ac\u2122s op internet om mensen op te roepen om brieven te sturen om hun beklag te doen over de ontoegankelijkheid van bussen van Connexxion voor kinderwagens? ", "vraag 2": "Is het waar dat enkele busvervoerders kinderwagens in de bussen weigeren? Zo ja, acht u dit wenselijk? ", "vraag 3": "Deelt u de mening dat het goed is voor moeders en kleine kinderen om te kunnen reizen en dat daarom kinderwagens in bussen vervoerd moeten kunnen worden? Zo ja, wat voor maatregelen gaat u nemen om bussen weer toegankelijk te maken voor kinderwagens? ", "antwoord 1": "[Ja, inmiddels ben ik op de hoogte", "antwoord 2": "Het is mij niet bekend dat er vervoerders zijn die in alle gevallen kinderwagens in bussen weigeren toe te laten. Wel is het mij bekend dat vervoerders in het algemeen beperkingen kunnen opleggen en in een aantal gevallen ook daadwerkelijk opleggen aan het vervoer van handbagage, waartoe ook kinderwagens en buggy\u00e2\u20ac\u2122s gerekend kunnen worden. Die beperkingen vloeien voornamelijk voort uit veiligheidsoverwegingen in het belang van reizigers en bestuurder. Ik acht het wenselijk dat vervoerders deze overwegingen betrekken bij het vaststellen van hun vervoervoorwaarden", "antwoord 3": "Uiteraard deel ik de mening dat het goed is voor moeders en kleine kinderen om te kunnen reizen. Hieruit vloeit echter niet automatisch voort dat in alle situaties met alle soorten kinderwagens op alle bussen gereisd moet kunnen worden. De toelaatbaarheid van verschillende soorten handbagage waaronder kinderwagens en buggy\u00e2\u20ac\u2122s is onder meer afhankelijk van de drukte in de bus, de omvang van de bagage, de inrichting van het voertuig en dergelijke. Het probleem ligt dus niet zozeer bij de toegankelijkheid van de bussen maar in de specifieke combinatie van een aantal genoemde factoren. De verscheidenheid aan situaties is dan ook zodanig groot dat het eindoordeel omtrent de toelaatbaarheid door de vervoerbedrijven, in mijn ogen terecht, wordt gelegd bij de chauffeur. Ik ben dan ook niet voornemens in dezen bijzondere maatregelen te treffen. Overigens kan elke overheid onder wiens verantwoordelijkheid het openbaar vervoer wordt verricht (gemeente, kaderwetgebied, provincie) haar eigen specifieke eisen stellen aan het OV-bedrijf; dat is echter een zaak van de betreffende overheid. ]"}