{"Bibliografische_omschrijving": "Vragen van de leden Terpstra en Van Blerck-Woerdman (beiden VVD) aan de minister van Volksgezondheid, Welzijn en Sport over het geneesmiddel Excellon. (Ingezonden 16 januari 2002); Antwoord", "Bestand": "13Kb", "Permalink": "\nhttp://www.geencommentaar.nl/parlando/index.php?action=doc&filename=KVR15027\n", "Inhoud": "Vragen over het niet toelaten op de Nederlandse markt van de Alzheimerremmer Aricept, die minder negatieve bijwerkingen heeft dan Excellon, de enige in Nederland toegelaten Alzheimerremmer.", "Rubriek": "Gezondheidszorg (Geneesmiddelen) Welzijn (Ouderen)", "Trefwoorden": "Geneesmiddelen Ouderen", "Vindplaats": "Kamervragen met antwoord 2001-2002, nr. 598, Tweede Kamer", "Afkomstig van": "2010204530", "Indiener": "Volksgezondheid, Welzijn en Sport (VWS)", "Partij vertegenwoordiger": "<persoon partij=\"VVD\">Terpstra</persoon>", "Datum_reaktie": "\n", "Datum_indiening": "<persoon partij=\"VVD\">Van Blerck-Woerdman</persoon>", "vraag 1": "Is het u bekend dat het enige in Nederland toegelaten geneesmiddel als remmer van de ziekte van Alzheimer, Excellon, meer negatieve bijwerkingen heeft dan bijvoorbeeld de Alzheimerremmer Aricept, dat onder andere in Belgi\u00c3\u00ab ook voor Nederlandse pati\u00c3\u00abnten beschikbaar is? ", "vraag 2": "Zijn de overwegingen van het College ter Beoordeling van Geneesmiddelen, die destijds ertoe hebben geleid dat er geen andere Alzheimerremmers dan Excellon werden toegelaten, nog steeds valide? ", "vraag 3": "Bent u bereid te bevorderen dat de Alzheimerremmer Aricept (met voor een bepaalde groep Alzheimerpati\u00c3\u00abnten dezelfde positieve effecten maar met minder negatieve bijwerkingen, zoals op grond van diverse trials in de medische gezondheidszorg is gebleken) eveneens op de Nederlandse markt wordt toegelaten, opdat artsen bij de behandeling en begeleiding van Alzheimerpati\u00c3\u00abnten meer keuze hebben? Zo neen, waarom niet? ", "antwoord 1": "[Neen. Ik heb informatie ingewonnen bij het College ter Beoordeling van Geneesmiddelen, daar zijn geen studies bekend waarin beide geneesmiddelen met elkaar vergeleken worden en waaruit dat zou blijken", "antwoord 2": "Exelon is door middel van de zogenaamde communautaire procedure tot de gehele Europese Gemeenschap toegelaten, daar lagen geen overwegingen van het College ter Beoordeling van Geneesmiddelen aan ten grondslag. Ten aanzien van andere Alzheimerremmers, waaronder Aricept, heeft het College ter Beoordeling van Geneesmiddelen geen beslissing genomen over toelating tot de Nederlandse markt", "antwoord 3": "De beslissing om een geneesmiddel tot de Nederlandse markt toe te laten is niet aan mij, maar aan het College ter Beoordeling van Geneesmiddelen. Indien artsen menen dat een behandeling met Aricept de voorkeur geniet boven een ander geneesmiddel voor deze aandoening kunnen zij de Inspectie door middel van een zogenaamde artsenverklaring verzoeken om toestemming voor invoer van dit geneesmiddel. ]"}