{"Bibliografische_omschrijving": "Vragen van het lid Kortram (PvdA) aan de staatssecretaris van Volkshuisvesting, Ruimtelijke Ordening en Milieubeheer over instorting parkeerdek in Tiel. (Ingezonden 14 februari 2002); Antwoord", "Bestand": "12Kb", "Permalink": "\nhttp://www.geencommentaar.nl/parlando/index.php?action=doc&filename=KVR15486\n", "Inhoud": "Vragen naar aanleiding van het instorten van het parkeerdek van het motel-restaurant Van der Valk in Tiel op 10 februari 2002.", "Rubriek": "Bouw (Bouwvergunningen) Bouw (Bouwvoorschriften) Staats- en bestuursrecht (Overig) Vrijetijdsbesteding (Horeca)", "Trefwoorden": "Bouwvergunningen Bouwvoorschriften Hotels Rechtshandhaving", "Vindplaats": "Kamervragen met antwoord 2001-2002, nr. 992, Tweede Kamer", "Afkomstig van": "2010206100", "Indiener": "Volkshuisvesting, Ruimtelijke Ordening en Milieubeheer (VROM)", "Partij vertegenwoordiger": "<persoon partij=\"PvdA\">Kortram</persoon>", "Datum_reaktie": "\n", "Datum_indiening": "2002-03-28", "vraag 1": "Heeft u kennisgenomen van het instorten van het parkeerdek van het motel-restaurant Van der Valk in Tiel op 10 februari jl.? ", "vraag 2": "Wat is de oorzaak van het instorten van bovengenoemd parkeerdek? ", "vraag 3": "Is voor het bouwen van deze parkeergarage plus parkeerdek een bouwvergunning verleend door gemeentelijke Bouw en Woningtoezicht en heeft er door hen controle plaatsgevonden tijdens en na de uitvoering van de bouwwerkzaamheden? ", "vraag 4": "Deelt u de mening dat de toets op (brand) veiligheid van de bouwconstructie een verantwoordelijkheid dient te blijven van de overheid? ", "antwoord 1": "[]"}