{"Bibliografische_omschrijving": "Vragen van het lid Hofstra (VVD) aan de minister van Verkeer en Waterstaat over de inspraakprocedure bij het project Haak om Leeuwarden (RW 31). (Ingezonden 25 juni 2002); Antwoord", "Bestand": "14Kb", "Permalink": "\nhttp://www.geencommentaar.nl/parlando/index.php?action=doc&filename=KVR15936\n", "Inhoud": "Vanuit het ministerie is een brief gestuurd naar de gemeente Leeuwarden, waarin vermeld staat dat er geen formele toestemming wordt gegeven voor voeren van inspraak over de startnotitie Haak om Leeuwarden (RW31).", "Rubriek": "Verkeer, vervoer en waterstaat (Wegen)", "Trefwoorden": "Inspraak Wegen", "Vindplaats": "Kamervragen met antwoord 2001-2002, nr. 1381, Tweede Kamer", "Afkomstig van": "2010211830", "Indiener": "Verkeer en Waterstaat (VW)", "Partij vertegenwoordiger": "<persoon partij=\"VVD\">Hofstra</persoon>", "Datum_reaktie": "\n", "Datum_indiening": "2002-07-09", "vraag 1": "Bent u bekend met het feit dat er vanuit uw ministerie een brief is gestuurd naar de gemeente Leeuwarden, waarin staat vermeld dat er geen formele toestemming wordt gegeven voor het voeren van inspraak over de startnotitie Haak om Leeuwarden (RW 31)? ", "vraag 2": "Kunt u aangeven op welke grond er geen toestemming is gegeven? ", "vraag 3": "Bent u van plan op korte termijn ook andere projecten in Nederland \u00e2\u20ac\u201c die niet in strijd zijn met het huidige beleid (SVV-II) \u00e2\u20ac\u201c te vertragen? Wilt u de Tweede Kamer hierover informeren? ", "vraag 4": "Is het waar dat de kosten voor de planstudie vooralsnog door de gemeente Leeuwarden en provincie Friesland worden gedragen? Zo ja, houdt dit in dat zij ook opdraaien voor de kosten, veroorzaakt door de vertraging? ", "vraag 5": "Is uw toestemming nodig voor het houden van een inspraakronde, als de kosten voor de planstudie bij de gemeente en provincie liggen en als het projectbureau niet vanuit uw ministerie wordt aangestuurd? ", "vraag 6": "Kunt u \u00e2\u20ac\u201c gezien de tijdsdruk bij het project Haak om Leeuwarden \u00e2\u20ac\u201c v\u00c3\u00b3\u00c3\u00b3r 10 juli aanstaande antwoord geven op bovenstaande vragen en ervoor zorgdragen dat de voorgenomen inspraak op tijd kan beginnen? ", "antwoord 1": "[Nee, ik ben niet bekend met het feit dat een dergelijke brief is verstuurd vanuit mijn ministerie. Wel is aan de gemeente en provincie mondeling medegedeeld dat de startnotitie ter visie gelegd kan worden, nadat de verwijzingen naar het NVVP in de startnotitie zijn aangepast", "antwoord 2": "Zie het antwoord bij vraag 1", "antwoord 3": "Ik wil vertragingen in het infrastructuurprogramma zo veel mogelijk voorkomen, maar dat neemt niet weg dat een aantal planstudies procedurele vertraging kan oplopen vanwege het feit dat ze gebaseerd zijn op de beleidskaders uit het NVVP. Ik heb de Kamer hierover reeds ge\u00c3\u00afnformeerd bij de beantwoording van de Kamervragen van de leden Eurlings en Bruls (CDA) over uitspraken inzake vertraging Waalbruggen, A50 en A73", "antwoord 4": "Ja, de kosten van de planstudie worden door de gemeente Leeuwarden en de provincie Friesland gedragen. Dit betekent dat ook de kosten die voortvloeien uit vertragingen voor risico zijn voor de gemeente Leeuwarden en de provincie Friesland", "antwoord 5": "Voor dit project geldt de procedure van Trac\u00c3\u00a9wet. Overeenkomstig de Trac\u00c3\u00a9wet bereidt de Minister van Verkeer en Waterstaat de trajectnota voor. De startnotitie is de voorbereiding op de trajectnota", "antwoord 6": "Ja. Ten aanzien van de tijdsdruk merk ik op dat de uitvoering van het project Rijksweg 31 Leeuwarden voor de periode na 2010 staat gepland. ]"}