{"Bibliografische_omschrijving": "Vragen van de leden Janssen van Raaij, Eerdmans, Stuger, Schonewille, Smolders, Groenink, Alblas, Dekker, Wiersma, Eberhart, Wijnschenk, Palm, Zeroual, Van As (allen LPF) aan de minister van Buitenlandse Zaken over het controversi\u00c3\u00able optreden van EU-commissaris Bolkestein. (Ingezonden 18 juni 2002); Antwoord", "Bestand": "14Kb", "Permalink": "\nhttp://www.geencommentaar.nl/parlando/index.php?action=doc&filename=KVR15918\n", "Inhoud": "Vragen naar aanleiding van de opmerking van Europees commissaris Bolkestein dat Nederland een pleefiguur zou slaan met Pim Fortuijn als premier.", "Rubriek": "Staats- en bestuursrecht (Kiesrecht) Staats- en bestuursrecht (Parlement)", "Trefwoorden": "Tweede Kamer Verkiezingen", "Vindplaats": "Kamervragen met antwoord 2001-2002, nr. 1365, Tweede Kamer", "Afkomstig van": "2010211580", "Indiener": "Buitenlandse Zaken (BUZA)", "Partij vertegenwoordiger": "<persoon partij=\"LPF\">Wiersma</persoon>", "Datum_reaktie": "\n", "Datum_indiening": "<persoon partij=\"LPF\">Dekker</persoon>", "vraag 1": "Heeft u kennisgenomen van de opmerking van het Nederlandse lid van de Europese Commissie over een lijsttrekker bij de verkiezingen in Nederland, als zou deze ons land een \u00c2\u00abpleefiguur\u00c2\u00bb laten slaan bij internationale optredens? ", "vraag 2": "Wilt u het Nederlandse lid van de Europese Commissie oproepen zich te onthouden van inmenging in de Nederlandse politieke situatie? ", "vraag 3": "Wilt u hem erop wijzen dat hij, gezien het democratische karakter van de Europese Unie (EU), eerbied heeft te tonen voor alle 150 aspirant- of gekozen volksvertegenwoordigers in de Tweede Kamer der Staten-Generaal? ", "vraag 4": "Meent u dat EU-commissaris Bolkestein Nederland een \u00c2\u00abtoiletfiguur\u00c2\u00bb heeft laten slaan? ", "antwoord 1": "[Ja , De heer Bolkestein vertegenwoordigt in zijn hoedanigheid van lid van de Europese Commissie niet de Nederlandse regering. Zoals in het EG-Verdrag bepaald (art. 213, lid 1 EG), worden de leden van de Commissie op grond van hun algemene bekwaamheden gekozen en bieden zij alle waarborgen voor onafhankelijkheid. Bij de vervulling van hun taken vragen noch aanvaarden zij instructies van enige regering of enig ander lichaam (art. 213, lid 2 EG). Het is niet aan de regering om Commissaris Bolkestein aan te spreken op specifieke uitlatingen", "antwoord 2": "De regering ziet geen reden om zich over de door Europees Commissaris Bolkestein gedane uitlatingen uit te spreken. ]"}