{"Bibliografische_omschrijving": "Vragen van de leden Rabbae en Sipkes (beiden GroenLinks) over de uitvoering van de Circulaire Langdurige Illegalen. (Ingezonden 1 juni 1995); Antwoord", "Bestand": "14Kb", "Permalink": "\nhttp://www.geencommentaar.nl/parlando/index.php?action=doc&filename=KVR1607\n", "Inhoud": "Welzijn (Vreemdelingen en asielzoekers)", "Rubriek": "Vreemdelingen", "Trefwoorden": "Kamervragen met antwoord 1994-1995, nr. 959, Tweede Kamer", "Vindplaats": "Justitie", "Afkomstig van": "<persoon partij=\"GroenLinks\">Rabbae</persoon>", "Indiener": "\n", "Partij vertegenwoordiger": "<persoon partij=\"GroenLinks\">Sipkes</persoon>", "Datum_reaktie": "\n", "Datum_indiening": "1995-06-26", "vraag 1": "Zijn u berichten bekend van advocaten waarvan het de klie\u00c2\u00a8nten praktisch onmogelijk gemaakt wordt een beroep te doen op de Circulaire Langdurig Illegalen van 7 maart j.l.? ", "vraag 2": "Onthouden voormalige werkgevers hun medewerking nogal eens, daar waar het gaat om de verstrekking van de noodzakelijke gegevens? ", "vraag 3": "Is het voor de betrokken vreemdelingen evenmin mogelijk de hen betreffende gegevens via de Belastingdienst te verkrijgen, omdat volgens een zegsman van deze Dienst de minister van Financie\u00c2\u00a8n opdracht heeft gegeven geen medewerking te verlenen? ", "vraag 4": "Bent u bereid al het mogelijke te doen om de belemmeringen ten aanzien van een goede uitvoering van de Circulaire weg te nemen? ", "antwoord 1": "[Neen", "antwoord 2": "Mij zijn slechts enkele individuele gevallen bekend waarbij een werkgever zijn medewerking heeft onthouden bij het verstrekken van gegevens. Dit hoeft overigens geen nadelige gevolgen te hebben omdat de gegevens van de bedrijfsvereniging over het algemeen voldoende zijn om een beslissing op de aanvraag te nemen", "antwoord 3": "Mij is geen verklaring bekend van een zegsman van de Belastingdienst als bedoeld in deze vraag. Evenmin is mij iets bekend over een opdracht van de minister van Financie\u00c2\u00a8n geen medewerking te verlenen in de hier bedoelde gevallen. Op grond van artikel 29, tweede lid, van de Wet Persoonsregistraties stelt de houder van persoonsregistraties de geregistreerde schriftelijk een volledig overzicht van de hem betreffende persoonsgegevens die in de registratie zijn opgenomen met inlichtingen over de herkomst ter beschikking. De Belastingsdienst is houder van een groot aantal verschillende persoonsregistraties, die elk een eigen reglement hebben. Personen die informatie over zichzelf willen hebben uit deze persoonregistraties kunnen hiertoe een schriftelijk verzoek indienen, waarbij zij hun sofinummer moeten vermelden. Van belang is dat de Belastingdienst sinds november 1991 geen sofinummers meer verstrekt aan illegale vreemdelingen", "antwoord 4": "Ja, voorzover dit tot mijn mogelijkheden behoort, de belemmeringen duidelijk zijn en dit past binnen de context van de circulaire. ]"}