{"Bibliografische_omschrijving": "Vragen van de leden Terpstra en Van Blerck-Woerdman (beiden VVD) aan de minister en staatssecretaris van Volksgezondheid, Welzijn en Sport over het gebruik van pepperspray in de zorgsector. (Ingezonden 1 juli 2002); Antwoord", "Bestand": "14Kb", "Permalink": "\nhttp://www.geencommentaar.nl/parlando/index.php?action=doc&filename=KVR16006\n", "Inhoud": "Gezondheidszorg (Geestelijke gezondheidszorg)", "Rubriek": "Geestelijke gezondheidszorg", "Trefwoorden": "Kamervragen met antwoord 2001-2002, nr. 1442, Tweede Kamer", "Vindplaats": "2010212150", "Afkomstig van": "Volksgezondheid, Welzijn en Sport (VWS)", "Indiener": "<persoon partij=\"VVD\">Terpstra</persoon>", "Partij vertegenwoordiger": "\n", "Datum_reaktie": "<persoon partij=\"VVD\">Van Blerck-Woerdman</persoon>", "Datum_indiening": "\n", "vraag 1": "Heeft u kennisgenomen van het bericht in een aantal GPD-bladen van 27 juni 2002 over gebruik van pepperspray in de zorgsector? ", "vraag 2": "Is het waar dat pepperspray wordt gebruikt in instellingen voor mensen met een handicap dan wel in de psychiatrie? Zo ja, kunt u inzicht geven sinds wanneer dit het geval zou zijn, hoe vaak en onder welke omstandigheden? Is hier toestemming voor vereist, gevraagd c.q. verleend? In hoeverre bestaan daarvoor dwangmiddelen? ", "vraag 3": "Is de Inspectie voor de Gezondheidszorg, zoals het bericht stelt, ingelicht over het gebruik van pepperspray in de zorg? Zo ja, wat was de reactie van de Inspectie naar de betreffende instelling(en), en heeft de Inspectie u op de hoogte gesteld van dit ernstige feit? Zo ja, wat was uw reactie? ", "vraag 4": "Acht u het gebruik van pepperspray of gelijksoortige geweldsmiddelen aanvaardbaar? Zo ja, op grond waarvan bent u deze mening toegedaan? Zo neen, is er enige reden om de Inspectie te verzoeken extra alert te zijn op dit soort onaanvaardbare praktijken? ", "antwoord 1": "[Ja", "antwoord 2": "Nee, mij is het gebruik van pepperspray binnen genoemde sectoren niet bekend. Er is hiervoor dan ook geen toestemming gevraagd of verleend. Volgens het Besluit middelen en maatregelen Bopz zijn bij noodgevallen slechts de volgende interventies toegestaan: separeren, afzonderen, fixeren, ongewilde toediening van vocht en/of voedsel. Het gebruik van pepperspray valt niet binnen deze termen", "antwoord 3": "Nee", "antwoord 4": "Nee, ik acht het gebruik van pepperspray of gelijksoortige geweldsmiddelen in de zorg niet aanvaardbaar. In noodsituaties waarbij heftige agressie optreedt zal zonodig een beroep op de politie gedaan moeten worden. Nee, ik zie geen reden om de Inspectie te verzoeken extra alert te zijn op het gebruik van pepperspray. De Vereniging Gehandicaptenzorg Nederland (VGN) heeft namelijk navraag gedaan bij verschillende instellingen en de FvO (ouderverenigingen). Dit heeft niet geleid tot enige aanwijzing voor het voorkomen van vermeend gebruik van pepperspray. Bovendien vindt in GOG-verband (Gestructureerd Overleg Gehandicaptenzorg) geregeld overleg plaats tussen VWS en vertegenwoordigers van verontruste ouders (verenigd in Werkverband van Ouders en Familieverenigingen van Instellingen voor mensen met een verstandelijke handicap, onderdeel van de Federatie van Ouderverenigingen). Tijdens deze overleggen is nooit melding gemaakt van het gebruik van pepperspray in de zorg voor mensen met een verstandelijke handicap. ]"}