{"Bibliografische_omschrijving": "Vragen van het lid Aasted Madsen-van Stiphout (CDA) aan de minister van Volksgezondheid, Welzijn en Sport over de verblijfstoeslag voor sterk gedragsgestoorde verstandelijk gehandicapten; SGLVG en SGEVG. (Ingezonden 29 juli 2002); Antwoord", "Bestand": "16Kb", "Permalink": "\nhttp://www.geencommentaar.nl/parlando/index.php?action=doc&filename=KVR16097\n", "Inhoud": "Het ministerie heeft in juni 2002 de regels voor het aanvragen van een verblijfstoeslag voor sterk gedragsgestoorde verstandelijk gehandicapten gewijzigd. Wordt dit onder andere veroorzaakt door het ver overschrijden van het aantal voorspelde aanvragen?", "Rubriek": "Gezondheidszorg (Zorginstellingen) Gezondheidszorg (Zorgverzekeringen) Welzijn (Geestelijk gehandicapten)", "Trefwoorden": "Geestelijk gehandicapten Geestelijke gezondheidszorg Gezondheidszorgsubsidies", "Vindplaats": "Kamervragen met antwoord 2001-2002, nr. 1515, Tweede Kamer", "Afkomstig van": "2010213130", "Indiener": "Volksgezondheid, Welzijn en Sport (VWS)", "Partij vertegenwoordiger": "<persoon partij=\"CDA\">Aasted Madsen-van Stiphout</persoon>", "Datum_reaktie": "\n", "Datum_indiening": "2002-08-20", "vraag 1": "Bent u op de hoogte van de frustratie die bij de Zorgkantoren, het LCIG, de zorgaanbieders en de consulententeams is ontstaan over de in juni 2002 door het ministerie gewijzigde regels voor het aanvragen van een verblijfstoeslag voor \u00c2\u00absterk gedragsgestoorde licht verstandelijk gehandicapten\u00c2\u00bb en \u00c2\u00absterk gedragsgestoorde ernstig verstandelijk gehandicapten\u00c2\u00bb? ", "vraag 2": "In welke mate vindt deze wijziging van de regels zijn oorzaak in het aantal aanvragen, dat het door het College Bouw Ziekenhuisvoorzieningen voorspelde aantal van 800 tot 1100 ver overschrijdt? ", "vraag 3": "Bent u op de hoogte van de tekst in LCIG Nieuwsbrief 6, van juni 2002, luidend: \u00c2\u00abHet LCIG heeft met onmiddellijke ingang de werkzaamheden voor de afgifte van SGLGV-indicaties be\u00c3\u00abindigd, tot het moment dat er afspraken zijn over de te volgen procedure en de daarbij behorende financi\u00c3\u00able consequenties\u00c2\u00bb? ", "vraag 4": "Wat is het beleid ten aanzien van de reeds ge\u00c3\u00afndiceerde verblijfstoeslagen ten aanzien van de financiering en dus de continuering van de in gang gezette behandelingen? ", "vraag 5": "Wanneer verwacht u dat de zogenaamde \u00c2\u00abzorgzwaartefinanciering\u00c2\u00bb in werking treedt? ", "antwoord 1": "[De Taskforce wachtlijsten (VWS en Zorgverzekeraars Nederland (ZN)) heeft aan de zorgkantoren, LVIO/LCIG en CVZ haar zorgen geuit over het feit dat de procedure voor het toekennen van SGLVG/SGEVG verblijfstoeslagen wellicht voor meerdere interpretaties vatbaar is (zie antwoord op vraag 2). De Taskforce wachtlijsten heeft de zorgkantoren, CVZ en LVIO/LCIG verzocht om \u00e2\u20ac\u201c vanuit de verantwoordelijkheid die de partijen hebben binnen de wachtlijstaanpak \u00e2\u20ac\u201c de huidige gang van zaken te onderzoeken en nadere afspraken te maken om een kwalitatief hoogwaardige procedure te garanderen. Op 27 juni 2002 heeft ZN \u00e2\u20ac\u201c in overleg met VWS, CVZ en de indicatieorganen \u00e2\u20ac\u201c een procedure opgesteld en als advies naar de zorgkantoren verzonden, om deze SGLVG/SGEVG verblijfstoeslag toe te kennen. Het LCIG heeft op 24 juli 2002 een gewijzigd indicatieprotocol opgesteld", "antwoord 2": "Vanuit de monitoringfunctie heeft de Taskforce wachtlijsten geconstateerd dat het aantal aanvragen voor een SGLVG verblijfstoeslag groter is dan aanvankelijk verwacht. Het College Bouw Ziekenhuisvoorzieningen stelt in haar signaleringsrapport intramurale voorzieningen voor SGLVG, 28 mei 2001 dat een aantal van 800 tot 1100 te verwachten is. Voor dit signaleringsonderzoek is uitgebreid onderzoek verricht en met de betrokken partijen gesproken. Momenteel zijn er ruim 2500 aanvragen in procedure. De Taskforce heeft geconstateerd dat dit een ontwikkeling is die om een nadere verklaring en toelichting vraagt. Geconstateerd is na overleg met het LCIG en ZN dat de procedure niet altijd eenduidig wordt gehanteerd. Zo zouden er onduidelijkheden zijn over de reikwijdte van SGLVG, het consulententeam wordt niet altijd ingeschakeld, soms worden indicatieadviezen niet op individuele basis afgegeven etc. Daarnaast hebben zorgkantoren niet altijd inzichtelijk welk zorgplan er vanuit een zorgaanbieder ten grondslag ligt aan de extra zorg die wordt geboden aan een cli\u00c3\u00abnt. Mede door deze signalen heeft de Taskforce zich afgevraagd of de procedure niet voor meerdere interpretaties vatbaar is", "antwoord 3": "Ja", "antwoord 4": "De door ZN opgestelde procedure zegt hierover het volgende: Al afgegeven SGLVG/SGEVG verblijfstoeslagen dienen binnen drie maanden, door het zorgkantoor, te worden getoetst volgens de beschreven procedure. Eventueel ontbrekende informatie en ontbrekende individuele indicaties dienen zo mogelijk alsnog te worden verkregen en beschikbaar te worden gesteld aan het zorgkantoor. Indien blijkt dat aan zorgvragers, bijvoorbeeld door het niet in aanmerking komen voor een individuele indicatie voor aanvullende zorg, ten onrechte een SGLVG/SGEVG verblijfstoeslag is toegekend die reeds in een toelatingswijziging van de betrokken zorgaanbieder is verwerkt, dient de toelating van de zorgaanbieder op de 1e van de volgende maand aan de geconstateerde situatie te worden aangepast. VWS wordt van de uitkomst door het zorgkantoor op de hoogte gesteld. Dit betekent dus dat er geen sprake is van een terugwerkende kracht. Wel van zo spoedig mogelijke stopzetting, namelijk op de 1e van de volgende maand. Toetsing van al ingediende aanvragen SGLVG/SGEVG verblijfstoeslagen Momenteel ligt een groot aantal aanvragen bij VWS. Voor al deze aanvragen geldt dat deze alsnog aan de hierboven beschreven procedure en indien betrokken zorgvragers nog niet in het bezit zijn van een geldige indicatie, aan de, vast te stellen, set van indicatievereisten en het indicatieprotocol moeten voldoen", "antwoord 5": "1 januari 2003. Hierover wordt u nog separaat nader ge\u00c3\u00afnformeerd. ]"}