{"Bibliografische_omschrijving": "Vragen van de leden Rijpstra en Cornielje (beiden VVD) aan de staatssecretaris van Onderwijs, Cultuur en Wetenschappen, mw. Adelmund en de minister van Onderwijs, Cultuur en Wetenschappen over niet afgestudeerde ALO-studenten die benoemd worden op vacatures lichamelijke opvoeding. (Ingezonden 1 november 2001); Antwoord", "Bestand": "13Kb", "Permalink": "\nhttp://www.geencommentaar.nl/parlando/index.php?action=doc&filename=KVR14633\n", "Inhoud": "Vragen over aanstelling van niet afgestudeerde ALO-studenten door scholen voor voortgezet onderwijs als docent lichamelijke opvoeding.", "Rubriek": "Inkomen en rechtspositie (Werving en selectie) Voortgezet onderwijs (Formatie in het voortgezet onderwijs) Voortgezet onderwijs (Onderwijspersoneel)", "Trefwoorden": "Creatieve- en expressievakken Formatie in het onderwijs Onderwijsgevenden voortgezet onderwijs Werving en selectie", "Vindplaats": "Kamervragen met antwoord 2001-2002, nr. 282, Tweede Kamer", "Afkomstig van": "2010201800", "Indiener": "Onderwijs, Cultuur en Wetenschappen (OCW)", "Partij vertegenwoordiger": "<persoon partij=\"VVD\">Rijpstra</persoon>", "Datum_reaktie": "\n", "Datum_indiening": "<persoon partij=\"VVD\">Cornielje</persoon>", "vraag 1": "Is het waar dat in toenemende mate niet afgestudeerde ALO-studenten, niet zijnde leraren in opleiding (LIO\u00e2\u20ac\u2122s), door scholen voor voortgezet onderwijs worden benoemd op vacatures lichamelijke opvoeding? ", "vraag 2": "Zo ja, op basis van welke regeling kunnen deze aanstellingen plaatsvinden? ", "vraag 3": "Welke gevolgen heeft dit voor LIO\u00e2\u20ac\u2122s, zij-instromers met een hoger onderwijs diploma, en anderen? ", "vraag 4": "Geeft dit u aanleiding tot nadere actie? ", "antwoord 1": "[Er zijn geen cijfers bekend over de mate waarin niet afgestudeerde ALO-studenten, niet zijnde leraren in opleiding, door scholen voor voortgezet onderwijs worden benoemd op vacatures lichamelijke opvoeding. Wel heb ik kennis genomen van de brief van het directieoverleg van de Academies van lichamelijke Opvoeding (ALODO) waarin hiervan melding wordt gemaakt. Uit deze brief spreekt enige ongerustheid als het gaat over verantwoordelijkheid en aansprakelijkheid, omdat deze studenten niet voldoen aan alle bekwaamheidseisen. Ik deel deze zorg, omdat het veiligheidsaspect een extra dimensie geeft aan de lessen lichamelijke opvoeding", "antwoord 2": "Scholen kunnen op basis van artikel 33.3 WVO lessen laten verzorgen door docenten die niet voldoen aan de benoembaarheidsvereisten. De inspectie kan deze ontheffing van de benoembaarheidsvereisten verlenen. Artikel 33.3 WVO biedt dus ook de mogelijkheid niet-afgestudeerde ALO-studenten aan te stellen", "antwoord 3": "Op zichzelf heeft de situatie als beschreven in vraag en antwoord 1 geen gevolgen voor LIO\u00e2\u20ac\u2122s, zij-instromers en anderen. Met de inspectie is afgesproken dat zij pas dispensatie verleent op grond van art. 33.3 WVO, wanneer de school aantoonbaar niet heeft kunnen voorzien in een vacature door middel van het aanstellen van een zij-instromer in het beroep of een LIO. De scholen zijn in de zomer van dit jaar schriftelijk door de inspectie op de hoogte gesteld over de werkwijze van de inspectie bij dispensaties", "antwoord 4": "De inspectie heeft mij laten weten dat zij bij verzoeken tot dispensatie op grond van art. 33.3 WVO bijzondere aandacht zal geven aan verzoeken voor docenten lichamelijke opvoeding. Als de school er niet in geslaagd is een zij-instromer in het beroep of een LIO aan te stellen, zal de inspectie nagaan of de kandidaat-docent naar het oordeel van de opleiding voldoende basiskennis heeft ten aanzien van aspecten van veiligheid. ]"}