{"Bibliografische_omschrijving": "Vragen van het lid Kant (SP) aan de minister-president over de heer Zorreguieta. (Ingezonden 4 december 2001); Antwoord", "Bestand": "14Kb", "Permalink": "\nhttp://www.geencommentaar.nl/parlando/index.php?action=doc&filename=KVR14728\n", "Inhoud": "Vragen naar aanleiding van het boek \"Het leven van Zorreguieta\", waaruit blijkt dat de heer Zorreguieta meer wist van de verdwijningen onder het militaire regime van Videla dan hij in zijn offici\u00c3\u00able verklaring heeft vastgelegd.", "Rubriek": "Staats- en bestuursrecht (Grondrechten)", "Trefwoorden": "Argentini\u00c3\u00ab Mensenrechten", "Vindplaats": "Kamervragen met antwoord 2001-2002, nr. 357, Tweede Kamer", "Afkomstig van": "2010203170", "Indiener": "Algemene Zaken (AZ)", "Partij vertegenwoordiger": "<persoon partij=\"SP\">Kant</persoon>", "Datum_reaktie": "\n", "Datum_indiening": "2001-12-07", "vraag 1": "Wat is uw reactie op de nieuwe inzichten \u00e2\u20ac\u201c op basis van het boek \u00c2\u00abhet leven van Zorreguieta\u00c2\u00bb \u00e2\u20ac\u201c dat de heer Zorreguieta meer wist van de verdwijningen onder het militaire regime van Videla dan hij in zijn offici\u00c3\u00able verklaring heeft vastgelegd? 1, 2 ", "vraag 2": "Hoe duidt u de opmerking van de heer Zorreguieta: \u00c2\u00abIk ben toch niet op mijn achterhoofd gevallen. Als ik zou toegeven dat ik er wel van wist, zou ik mezelf als medeplichtig verklaren\u00c2\u00bb? 1, 2 ", "vraag 3": "Welke gevolgen hebben deze nieuwe inzichten en de uitspraak volgens u voor de geloofwaardigheid van de offici\u00c3\u00able verklaring van de heer Zorreguieta? ", "vraag 4": "Wie heeft de heer Zorreguieta gemaand tot zwijgen en waarom? ", "vraag 5": "Wat is uw mening over het feit dat ons Koningshuis gelieerd wordt aan een familie waarvan nu duidelijk is dat het hoofd geweten heeft van de misdaden van het regime Videla en desalniettemin tot het einde toe hiervan deel is blijven uitmaken? ", "vraag 6": "Wat is uw mening over de opvatting van de heer Zorreguieta, \u00e2\u20ac\u201c met betrekking tot de vermissingen dat er meer te voorschijn zijn gekomen dan verdwenen? \u00e2\u20ac\u201c over de moeders van de Plaza de Mayo, die hij de moeders van de terroristen noemt? ", "vraag 7": "Geeft de combinatie van dit soort opvattingen \u00e2\u20ac\u201c en verschillende andere in het boek \u00e2\u20ac\u201c met de opmerking \u00c2\u00abAlex begrijpt mij\u00c2\u00bb daarbij doelend op de kroonprins \u00e2\u20ac\u201c niet aan dat de al bestaande en komende band tussen het Koningshuis en deze man permanent tot discussie kan leiden; bijvoorbeeld omdat het, zoals in dit geval, vragen oproept over de opvatting van de Kroonprins? ", "vraag 8": "Is het niet gewenst \u00e2\u20ac\u201c gezien uw eerdere uitspraak dat rekening gehouden moet worden met de gevoelens van nabestaanden \u00e2\u20ac\u201c dat u deze uitspraken verwerpt of op zijn minst tegenspreekt; opdat er geen misverstand kan ontstaan waar de Nederlandse regering staat, omdat het onweersproken blijft? ", "antwoord 1": "[Van de aangehaalde opmerkingen heb ik kennis genomen. Zij komen uitsluitend voor rekening van degene uit wiens mond zij zijn opgetekend, althans voor zover zij door betrokkene zijn geautoriseerd", "antwoord 2": "Een verzoek aan de heer Zorreguieta om te zwijgen is door of namens de regering niet gedaan", "antwoord 3": "Voor de beantwoording van deze vraag verwijs ik naar hetgeen hierboven is geantwoord en naar mijn inbreng bij de parlementaire behandeling van de aankondiging van de verloving en de toestemmingswet voor het huwelijk ", "antwoord 4": "Voor openbare uitspraken van leden van het koninklijk huis die het openbaar belang raken, geldt de ministeri\u00c3\u00able verantwoordelijkheid. Dit is hier niet aan de orde. ]"}