{"Bibliografische_omschrijving": "Vragen van het lid Albayrak (PvdA) aan de staatssecretaris van Defensie over ouder wordende vrouwen bij defensie. (Ingezonden 4 november 1999); Antwoord", "Bestand": "15Kb", "Permalink": "\nhttp://www.geencommentaar.nl/parlando/index.php?action=doc&filename=KVR10634\n", "Inhoud": "Vragen naar aanleiding van een onderzoek van oktober 1999 dat is gedaan in opdracht van de AbvaKabo en de Nederlandse Politie Bond naar de positie van 40+ vrouwen werkzaam bij politie, defensie en belastingdienst.", "Rubriek": "Arbeid (Werknemers) Inkomen en rechtspositie (Personeelsbeleid) Veiligheidsbeleid en defensie (Algemeen) Welzijn (Vrouwen)", "Trefwoorden": "Defensie Personeelsbeleid Vrouwen Werknemers", "Vindplaats": "Kamervragen met antwoord 1999-2000, nr. 338, Tweede Kamer", "Afkomstig van": "2990002320", "Indiener": "Defensie (DEF)", "Partij vertegenwoordiger": "<persoon partij=\"PvdA\">Albayrak</persoon>", "Datum_reaktie": "\n", "Datum_indiening": "1999-11-23", "vraag 1": "Hebt u kennisgenomen van een onderzoek dat is gedaan in opdracht van de AbvaKabo en de Nederlandse Politie Bond naar de positie van 40+ vrouwen werkzaam bij politie, defensie en belastingdienst (oktober 1999)? ", "vraag 2": "Hoe wordt bij Defensie (in alle krijgsmachtsdelen) omgegaan met leeftijdsbewust personeelsbeleid als het gaat om vrouwen boven de 40 jaar? Hoe ziet bij Defensie \u00c2\u00abloopbaanonderhoud\u00c2\u00bb van vrouwen boven de 40 jaar eruit? ", "vraag 3": "In hoeverre bestaat bij Defensie de mogelijkheid voor deze groep vrouwen om vervroegd uit te treden? ", "vraag 4": "Hoeveel vrouwen boven de 40 jaar zijn in dienst bij Defensie? ", "vraag 5": "Wat is uw reactie op het feit dat uit het onderzoek naar voren komt dat meer dan de helft (55%) van de respondenten bij Defensie het werk (soms) als zwaar ervaart? ", "vraag 6": "Bent u bereid om de positie van deze doelgroep beter in kaart te brengen? ", "antwoord 1": "[Ja. Bij het onderzoek waren overigens geen vrouwelijke militairen betrokken", "antwoord 2": "Bij de plaatsing van defensiepersoneel (zowel burger als militair) en bij het loopbaanbeleid wordt reeds rekening gehouden met leeftijd en fysieke mogelijkheden. Om echter tot een meer gestructureerd en moderner beleid te komen is in het arbeidsvoorwaardenakkoord 1999/2000 afgesproken dat uiterlijk 1 augustus 2000 een volwaardig leeftijdsbewust personeelsbeleid zal worden geformuleerd. Daarin zal ook worden ingegaan op de positie van oudere vrouwelijke werknemers. Daarnaast vindt \u00e2\u20ac\u201c zoals beschreven in de Beleidsbrief Emancipatie Defensie (TK 25 436 nr. 1) \u00e2\u20ac\u201c voor vrouwen sowieso een nadrukkelijke loopbaanbegeleiding plaats, teneinde hen te behouden voor de defensie-organisatie. Overigens heeft Defensie onlangs de studie \u00c2\u00abVrouwen en Ergonomie\u00c2\u00bb afgerond. Bij de krijgsmacht werd nog vaak gewerkt met uitrusting en systemen die van oudsher waren ge\u00c3\u00abnt op het gebruik ervan door mannelijke militairen. Het onderzoek geeft aan dat de aanpassing van zowel het materieel als de procedures kunnen leiden tot een vermindering van de fysieke belasting van militairen. Hierdoor zal een aantal functies toegankelijker zijn voor \u00e2\u20ac\u201c zowel jongere als oudere \u00e2\u20ac\u201c vrouwen. De uitkomsten van het onderzoek onderstrepen de noodzaak van een snelle invoering van het genoemde leeftijdsbewust personeelsbeleid en de implementatie van de maatregelen uit de studie \u00c2\u00abVrouwen en Ergonomie\u00c2\u00bb", "antwoord 3": "Voor het burger personeel geldt de FPU-regeling. Voor militairen geldt de generieke voorziening van een vervroegde uittreding. Afhankelijk van het krijgsmachtdeel en de categorie waartoe zij behoren, krijgen militairen leeftijdsontslag bij het bereiken van de leeftijd van vijftig jaar oplopend tot 55 jaar", "antwoord 4": "Bij Defensie werken momenteel 1849 vrouwen boven de veertig jaar waarvan 188 militairen. ]"}