{"Bibliografische_omschrijving": "Vragen van het lid Visser-van Doorn (CDA) aan de staatssecretaris van Onderwijs, Cultuur en Wetenschappen, dhr. Van der Ploeg, over de studio Groningen van de NLBB. (Ingezonden 26 februari 2002); Antwoord", "Bestand": "17Kb", "Permalink": "\nhttp://www.geencommentaar.nl/parlando/index.php?action=doc&filename=KVR15322\n", "Inhoud": "Vragen over de op handen zijnde sluiting van de studio Groningen van de Nederlandse Luister- en braillebibliotheek, vanwege het vervallen van de rijkssubsidie, en de gevolgen hiervan voor blinden en slechtzienden in die regio. Deze vragen dienen ter aanvulling op eerdere vragen terzake van het lid Kant, ingezonden 21 februari 2002, 2010206780.", "Rubriek": "Communicatie, media en informatievoorziening (Bibliotheken) Cultuur en taal (Subsidies) Welzijn (Lichamelijk gehandicapten)", "Trefwoorden": "Bibliotheken Cultuursubsidies Lichamelijk gehandicapten", "Vindplaats": "Kamervragen met antwoord 2001-2002, nr. 846, Tweede Kamer", "Afkomstig van": "2010206940", "Indiener": "Onderwijs, Cultuur en Wetenschappen (OCW)", "Partij vertegenwoordiger": "<persoon partij=\"CDA\">Visser-van Doorn</persoon>", "Datum_reaktie": "\n", "Datum_indiening": "2002-03-18", "vraag 1": "Bent u op de hoogte van de op handen zijnde sluiting van de studio Groningen van de Nederlandse Luister- en Braillebibliotheek vanwege het vervallen van de rijkssubsidie? ", "vraag 2": "Bent u bekend met het belang van deze studio voor de blinden in de provincie Groningen? ", "vraag 3": "Bent u bekend met het feit dat deze Groningse studio goed loopt, genoeg vrijwilligers aan kan trekken en een groot bereik heeft onder blinden en slechtzienden? ", "vraag 4": "Kunt u inzicht geven in de effecten van sluiting van de Groningse studio, in het bijzonder voor de kwaliteit van de dienstverlening, de betrokkenheid van vrijwilligers en het faciliteren van voorzieningen in de streektaal? ", "vraag 5": "Kunt u bevorderen dat de studio in Groningen open blijft? ", "vraag 6": "Op welke manier wilt u het huidige voorzieningenniveau handhaven? ", "antwoord 1": "[Vanaf 1 januari 2002 berust de gehele verantwoordelijkheid voor de productie van audiomaterialen \u00e2\u20ac\u201c en daarmee voor het netwerk van 31 audiostudio\u00e2\u20ac\u2122s in den lande \u00e2\u20ac\u201c bij de koepelorganisatie FNB. Naar ik heb begrepen heeft de FNB geen intentie de audioproductie in Groningen te be\u00c3\u00abindigen. Verder wijs ik erop dat er sinds decentralisering van productietaken bij de FNB per 1 januari 2002 een onderscheid gemaakt moet worden tussen de audiostudio Groningen en de loketlocatie die de NLBB aldaar beheert. Voor de loketfunctie van de NLBB ontvangt de NLBB een lump-sum subsidie van 450 000 jaarlijks. Het staat de NLBB vrij zelf haar loketfunctie op verschillende locaties in te richten. Het kan zijn dat de NLBB de loketfunctie in Groningen wil be\u00c3\u00abindigen", "antwoord 2": "Ja", "antwoord 3": "Ja. Hierbij merk ik aan dat de formulering \u00c2\u00abgoed loopt\u00c2\u00bb niet automatisch impliceert dat de studio bedrijfsmatig effici\u00c3\u00abnt is. In de loop van dit jaar zullen alle studio\u00e2\u20ac\u2122s worden omgebouwd voor digitale opname in plaats van de huidige analoge. Dit zal een bijstelling van het aantal benodigde geluidstechnici tot gevolg hebben", "antwoord 4": "Het faciliteren van voorzieningen in de streektaal is geen taak van de facilitaire voorziening voor blinden en slechtzienden zoals centraal belegd bij de FNB. Binnen het budget voor zogenoemd consumentenwerk dat vanuit het departement direct aan de afzonderlijke instellingen wordt toegekend, kan iedere instelling, de NLBB incluis, aan individuele gebruikerswensen tegemoet komen, waaronder het faciliteren van voorzieningen in de streektaal. Een en ander is derhalve een keuze van de NLBB. Voor nadere informatie terzake verwijs ik u naar mijn antwoorden op de vragen van het lid Kant (SP) over de problemen bij de NLBB. \n, Mijn beleid is erop gericht het huidige voorzieningenniveau voor blinden en slechtzienden substantieel te verbeteren. lk verwijs u tevens naar mijn antwoorden op de vragen van de heren \u00c3\u2013rg\u00c3\u00bc en Passtoors. ]"}