{"Bibliografische_omschrijving": "Vragen van het lid Van Dijke (ChristenUnie) aan de minister van Binnenlandse Zaken en Koninkrijksrelaties over de demonstratie te Assen ter herdenking van de Armeense genocide. (Ingezonden 2 mei 2002); Mededeling", "Bestand": "13Kb", "Permalink": "\nhttp://www.geencommentaar.nl/parlando/index.php?action=doc&filename=KVR15753\n", "Inhoud": "Bij een demonstratie in Assen ter gelegenheid van de herdenking van de Armeense genocide, moest in opdracht van de politie bepaalde woorden uit de meegedragen spandoeken worden geknipt.", "Rubriek": "Criminaliteit en openbare orde (Politie) Staats- en bestuursrecht (Grondrechten)", "Trefwoorden": "Demonstraties Mensenrechten Politie", "Vindplaats": "Kamervragen met antwoord 2001-2002, nr. 1224, Tweede Kamer", "Afkomstig van": "2010209890", "Indiener": "Binnenlandse Zaken en Koninkrijksrelaties (BZK)", "Partij vertegenwoordiger": "<persoon partij=\"ChristenUnie\">Van Dijke</persoon>", "Datum_reaktie": "\n", "Datum_indiening": "2002-06-04", "vraag 1": "Hebt u kennisgenomen van de demonstratie die woensdag 24 april jl. plaatsvond in Assen ter gelegenheid van de herdenking van de Armeense genocide (1915), waarvoor toestemming was verleend door het College van Burgemeester & Wethouders en door de politie? ", "vraag 2": "Is het u bekend dat uit de bij deze demonstratie gedragen spandoeken, in opdracht van de politie, bepaalde woorden (zoals \u00c2\u00abTurkije\u00c2\u00bb of \u00c2\u00abTurkse overheid\u00c2\u00bb) moesten worden geknipt? ", "vraag 3": "Op welke gronden kon worden gelast dat deze woorden moesten worden geschrapt? ", "vraag 4": "Was er naar uw mening grond voor het genoemde optreden van de politie bij deze demonstratie? ", "vraag 5": "In welke gevallen is de politie gemachtigd om teksten van spandoeken die worden meegedragen bij een demonstratie te wijzigen? ", "vraag 6": "Deelt u de mening dat er bij de genoemde demonstratie geen problemen van openbare orde waren, die een dergelijk ingrijpen van de politie noodzakelijk maakte? Is er reden aan te nemen dat ten onrechte een inbreuk is gemaakt op de vrijheid van meningsuiting en de regelingen uit de Wet Openbare Manifestaties? ", "antwoord 1": "[]"}