{"Bibliografische_omschrijving": "Vragen van het lid Gerkens (SP) aan de minister van Economische Zaken over het netwerkbedrijf van KPNQwest. (Ingezonden 11 juni 2002); antwoord", "Bestand": "12Kb", "Permalink": "\nhttp://www.geencommentaar.nl/parlando/index.php?action=doc&filename=KVR15922\n", "Inhoud": "Gevraagd wordt of de minister van Economische Zaken vindt dat de Staat garant moet staan voor de verplichtingen van het netwerkbedrijf van KPNQwest om te voorkomen dat dit netwerk stil komt te liggen.", "Rubriek": "Communicatie, media en informatievoorziening (Netwerken) Communicatie, media en informatievoorziening (Telecommunicatie)", "Trefwoorden": "Computernetwerken Kabelnetten Telecommunicatie", "Vindplaats": "Kamervragen met antwoord 2001-2002, nr. 1368, Tweede Kamer", "Afkomstig van": "2010211310", "Indiener": "Economische Zaken (EZ)", "Partij vertegenwoordiger": "<persoon partij=\"SP\">Gerkens</persoon>", "Datum_reaktie": "\n", "Datum_indiening": "2002-06-11", "vraag 1": "Deelt u de mening dat de Staat garant moet staan voor de verplichtingen van het netwerkbedrijf van KPNQwest om te voorkomen dat dit netwerk maandag 10 juni a.s. stil komt te liggen? ", "vraag 2": "Kunt u deze vraag beantwoorden in de brief die de Kamer aan u gevraagd heeft afgelopen dinsdag 4 juni jl. bij de regeling van werkzaamheden en die de Kamer graag op maandag 10 juni zou willen ontvangen? Deze vragen zijn beantwoord door minister Jorritsma-Lebbink (Economische Zaken) bij brief van 11 juni 2002, kamerstuk 28 000 XIII, ", "antwoord 1": "[]"}