{"Bibliografische_omschrijving": "Vragen van het lid Van Heemst (PvdA) aan de minister van Justitie over de ontsnapping van de van terrorisme verdachte Algerijn. (Ingezonden 11 juni 2002); Antwoord", "Bestand": "12Kb", "Permalink": "\nhttp://www.geencommentaar.nl/parlando/index.php?action=doc&filename=KVR15811\n", "Inhoud": "Aanvullende vragen op eerder gestelde vragen van het lid Rietkerk,, 7 juni 2002 en het lid Dittrich,, 11 juni 2002, over de omstandigheden van de ontsnapping van een van terrorisme verdachte Algerijn uit het Huis van Bewaring in Breda.", "Rubriek": "Criminaliteit en openbare orde (Gevangeniswezen en penitentiair recht)", "Trefwoorden": "Gevangeniswezen", "Vindplaats": "Kamervragen met antwoord 2001-2002, nr. 1271, Tweede Kamer", "Afkomstig van": "2010211260", "Indiener": "Justitie (JUS)", "Partij vertegenwoordiger": "<persoon partij=\"PvdA\">Van Heemst</persoon>", "Datum_reaktie": "\n", "Datum_indiening": "2002-06-17", "vraag 1": "Wanneer en hoe is de ontsnapping van een van terrorisme verdachte Algerijn uit het Huis van Bewaring te Breda ontdekt en welke maatregelen zijn vervolgens genomen? ", "vraag 2": "Was er minder personeel beschikbaar dan normaal gesproken het geval zou zijn geweest? ", "vraag 3": "Wilt u deze vragen en die van de leden Rietkerk en Dittrich beantwoorden voor aanstaande dinsdag, zodat de mogelijkheid bestaat over deze antwoorden volgende week te debatteren? Toelichting Deze vragen dienen ter aanvulling op eerdere vragen terzake van het lid Rietkerk d.d. 7 juni jl. en het lid Dittrich, ingezonden 11 juni jl. ", "antwoord 1": "[De ontsnapping is ontdekt in de vroege ochtend van 5 juni 2002 bij de start van het dagprogramma door een medewerker van de inrichting, die vanaf de parkeerplaats een laken aan de buitenmuur zag hangen. Naar de ontsnapping is een onderzoek ingesteld door het KLPD. Tevens is een intern onderzoek ingesteld in opdracht van de hoofddirecteur van de DJI. Wat betreft de beveiliging van de inrichting is onmiddellijk een aantal aanvullende maatregelen getroffen, waarvoor ik verwijs naar mijn antwoord op vraag 4 van de heer Rietkerk", "antwoord 2": "Nee", "antwoord 3": "Ja. ]"}