{"Bibliografische_omschrijving": "Vragen van het lid Van den Doel (VVD) aan de staatssecretaris van Defensie over huisvesting in Nederland van uit het buitenland teruggekeerde militairen. (Ingezonden 2 mei 2002); Antwoord", "Bestand": "13Kb", "Permalink": "\nhttp://www.geencommentaar.nl/parlando/index.php?action=doc&filename=KVR15736\n", "Inhoud": "Vragen over militairen die na een plaatsing in het buitenland naar Nederland terugkeren en dan grote problemen hebben met het verkrijgen van woonruimte in hun nieuwe standplaats.", "Rubriek": "Veiligheidsbeleid en defensie (Militairen) Volkshuisvesting (Huurwoningen) Volkshuisvesting (Woonruimteverdeling)", "Trefwoorden": "Huurwoningen Militairen Woonruimteverdeling", "Vindplaats": "Kamervragen met antwoord 2001-2002, nr. 1211, Tweede Kamer", "Afkomstig van": "2010209750", "Indiener": "Defensie (DEF)", "Partij vertegenwoordiger": "<persoon partij=\"VVD\">Van den Doel</persoon>", "Datum_reaktie": "\n", "Datum_indiening": "2002-05-30", "vraag 1": "Is het u bekend dat veel militairen, die na een plaatsing in het buitenland naar Nederland terugkeren, grote problemen hebben met het verkrijgen van woonruimte in hun nieuwe standplaats? ", "vraag 2": "Hoe lang van te voren worden in het buitenland geplaatste militairen op de hoogte gesteld van hun nieuwe standplaats in Nederland? Vindt u deze termijn adequaat mede gezien het feit dat ook nieuwe huisvesting moet worden gezocht? ", "vraag 3": "Ziet u een rol weggelegd voor Defensie als werkgever om het huisvestingsprobleem van uit het buitenland teruggekeerde militairen mede te helpen oplossen? Zo neen, waarom niet? ", "vraag 4": "Zo ja, bent u als werkgever bereid om met woningbouwcorporaties in die gemeenten waar onderdelen van de krijgsmacht zijn gevestigd, hierover bindende afspraken te maken? Zo neen, waarom niet? ", "antwoord 1": "[Het is bekend dat een aantal terugkerende defensiemedewerkers problemen ondervinden bij het verkrijgen van woonruimte. Het aantal geconstateerde en bekende probleemgevallen bedraagt op jaarbasis enige tientallen. In dergelijke gevallen kunnen defensiemedewerkers een beroep doen op ondersteuning door Defensie. Daarbij geldt het uitgangspunt dat de defensiemedewerker niet de verplichting heeft om in de buurt van de nieuwe standplaats te wonen, doch vrij is in de keuze van zijn woonplaats. Om problemen zoveel mogelijk te voorkomen verstrekt Defensie als werkgever voor aanvang van een buitenlandplaatsing uitvoerige informatie over aan de huisvesting gerelateerde zaken", "antwoord 2": "Het in het buitenland geplaatst defensiepersoneel wordt zo vroeg mogelijk, doch uiterlijk zes maanden voor het einde van de plaatsing, op de hoogte gebracht van de nieuwe standplaats. In de praktijk blijkt deze periode als voldoende te worden ervaren. In het geval dat zich problemen voordoen, kan de defensiemedewerker gebruik maken van de mogelijkheden die worden geboden door de centrale regeling \u00c2\u00abTijdelijke onderbrenging (terugkerende) militairen\u00c2\u00bb, die voorziet in tijdelijke huisvesting gedurende een overbruggingsperiode totdat de definitieve huisvesting kan worden betrokken", "antwoord 3": "Ja", "antwoord 4": "Gelet op de vrije keus van vestiging in Nederland bij terugkeer uit het buitenland en het geringe aantal geconstateerde gevallen waarin zich problemen voordoen, liggen bindende afspraken tussen Defensie en woningbouwcorporaties niet in de rede. In het beleidskader \u00c2\u00abFamily Support\u00c2\u00bb, waarin een groot aantal aanbevelingen is opgenomen teneinde de buitenlandplaatsingen aantrekkelijker te maken, zijn ook een aantal aanbevelingen over huisvesting van terugkerende militairen opgenomen. Ik zal u separaat over dit beleidskader \u00c2\u00abFamily Support\u00c2\u00bb alsmede het beoogde implementatietraject informeren. ]"}