{"Bibliografische_omschrijving": "Vragen van het lid Van der Knaap (CDA) aan de minister van Sociale Zaken en Werkgelegenheid en de staatssecretarissen van Binnenlandse Zaken en Koninkrijksrelaties en van Volkshuisvesting, Ruimtelijke Ordening en Milieubeheer over uitkeringen en huursubsidie aan Antillianen. (Ingezonden 7 december 2001); Mededeling", "Bestand": "12Kb", "Permalink": "\nhttp://www.geencommentaar.nl/parlando/index.php?action=doc&filename=KVR14912\n", "Inhoud": "Vragen over Antillianen die in Nederland een uitkering en/of huursubsidie krijgen, terwijl zij daarnaast inkomen hebben uit de verhuur van hun woning op de Antillen.", "Rubriek": "Sociale zekerheid (Misbruik sociale zekerheid) Volkshuisvesting (Subsidies) Volkshuisvesting (Woninghuren)", "Trefwoorden": "Huursubsidies Misbruik sociale verzekeringen Nederlandse Antillen Sociale uitkeringen", "Vindplaats": "Kamervragen met antwoord 2001-2002, nr. 498, Tweede Kamer", "Afkomstig van": "2010203420", "Indiener": "Sociale Zaken en Werkgelegenheid (SZW)", "Partij vertegenwoordiger": "<persoon partij=\"CDA\">Van der Knaap</persoon>", "Datum_reaktie": "\n", "Datum_indiening": "2002-01-15", "vraag 1": "Is het waar dat er in Nederland Antillianen verblijven die hier een uitkering en/of huursubsidie krijgen, terwijl zij daarnaast inkomen hebben uit de verhuur van hun op de Antillen aangehouden woning? ", "vraag 2": "Zo ja, wat is de omvang van dit verschijnsel en wat gaat u doen om hieraan een eind te maken? ", "antwoord 1": "[]"}