{"Bibliografische_omschrijving": "Vragen van de leden Jurgens (PvdA) en Van der Linden (CDA) op 20 november 2001 medegedeeld aan de Minister van Buitenlandse Zaken over de aanwezigheid van bewindslieden bij de halfjaarlijkse bijeenkomsten van het Comit\u00c3\u00a9 van Ministers van de Raad van Europa.; Antwoord", "Bestand": "15Kb", "Permalink": "\nhttp://www.geencommentaar.nl/parlando/index.php?action=doc&filename=KVR14707\n", "Inhoud": "Vragen over de redenen die ten grondslag liggen aan de afwezigheid van bewindslieden van het departement van Buitenlandse Zaken tijdens de halfjaarlijkse bijeenkomst van het Comit\u00c3\u00a9 van Ministers van de Raad van Europa te Straatsburg op 7 en 8 november 2001, juist nu de Raad een wezenlijke rol kan spelen ten aanzien van de internationale crisis, veroorzaakt door de aanslagen van 11 september 2001 in de Verenigde Staten.", "Rubriek": "Criminaliteit en openbare orde (Veiligheid) Internationale betrekkingen (Overig)", "Trefwoorden": "Raad van Europa Terrorisme", "Vindplaats": "Kamervragen met antwoord 2001-2002, nr. 2, Eerste Kamer", "Afkomstig van": "0", "Indiener": "Buitenlandse Zaken (BUZA)", "Partij vertegenwoordiger": "<persoon partij=\"PvdA\">Jurgens</persoon>", "Datum_reaktie": "\n", "Datum_indiening": "<persoon partij=\"CDA\">Van der Linden</persoon>", "vraag 1": "Welke prioriteitsstelling lag ten grondslag aan het feit dat noch de minister van Buitenlandse Zaken, noch een van de andere bewindslieden van zijn departement, aanwezig was op de halfjaarlijkse bijeenkomst van het Comit\u00c3\u00a9 van Ministers van de Raad van Europa te Straatsburg op 7 en 8 november jl., terwijl het merendeel van zijn EU-collega\u00e2\u20ac\u2122s \u00e2\u20ac\u201c inclusief het Belgisch voorzitterschap \u00e2\u20ac\u201c wel aanwezig was, en deze aanwezigheid vereist is om actief aan de beraadslagingen te kunnen deelnemen? ", "vraag 2": "Is de minister zich er van bewust dat de Raad van Europa, met zijn doelstellingen op het terrein van democratie, rechtsstaat en mensenrechten \u00e2\u20ac\u201c onder meer toegepast via ruim 170 verdragen alsmede met zijn brede samenstelling (43 lidstaten uit West- en Oost-Europa), juist in de huidige periode van besluitvorming over de internationale crisis veroorzaakt door de gruweldaden van 11 september in de Verenigde Staten, een wezenlijke rol kan spelen? ", "vraag 3": "Is de minister er zich voorts van bewust dat de Raad van Europa waardevolle overlegmechanismen in zich bergt, en een Hof voor de mensenrechten in stand houdt, die juist nu extra ondersteuning en aandacht vergen? ", "vraag 4": "Is de minister bereid zijn aandacht en zijn prioriteiten te herzien in het kader van het Nederlands lidmaatschap van de Raad van Europa, dan wel om dit deel van zijn portefeuille over te dragen aan een staatssecretaris die heel toepasselijk \u00c2\u00abEuropese Zaken\u00c2\u00bb in zijn portefeuille heeft? ", "vraag 5": "Is de minister \u00e2\u20ac\u201c of, in het gegeven geval, zijn staatssecretaris \u00e2\u20ac\u201c bereid de Staten-Generaal na afloop van de Vergadering van het Comit\u00c3\u00a9 van Ministers een verslag van de bijeenkomst te doen toekomen? ", "antwoord 1": "[Sinds 11 september jl. is \u00c3\u00a9\u00c3\u00a9n van de belangrijkste prioriteiten van mijn departement de bestrijding van het internationaal terrorisme. Aan de orde zijn hier o.a. onze activiteiten in de EU, NAVO en VN. Werkzaamheden in dit verband hebben de aanwezigheid van \u00c3\u00a9\u00c3\u00a9n van de bewindslieden van mijn departement in Straatsburg verhinderd. Mijn Belgische collega Michel heeft namens de EU-lidstaten de EU-standpunten omtrent de strijd tegen het terrorisme en de problemen bij het Hof toegelicht. Naast minister Michel waren van de EU alleen mijn collega\u00e2\u20ac\u2122s uit Griekenland en Luxemburg aanwezig. Behalve Nederland waren ook het VK, Duitsland, Denemarken, Frankrijk, Zweden en Spanje vertegenwoordigd door de Permanente Vertegenwoordiging", "antwoord 2": "Ja", "antwoord 3": "Ja. Nederland heeft binnen de Raad van Europa regelmatig de nadruk gelegd op de belangrijke rol die voor het EHRM is weggelegd. Zo is binnen het Comit\u00c3\u00a9 van Ministers gepleit voor een structurele aanpak van de financi\u00c3\u00able problemen van het Hof, alsmede voor een adequate aanpak van niet-naleving van Hofuitspraken. Daarnaast is Nederland voorstander van een effectieve en snelle tenuitvoerlegging van de aanbevelingen van het recente rapport van de Evaluatiecommissie. In dit rapport wordt een aantal aanbevelingen gedaan op welke manier het Hof meer effectief en effici\u00c3\u00abnt kan gaan werken", "antwoord 4": "De Raad van Europa waakt over de Europese waarden en normen op het gebied van mensenrechten, democratie en rechtsstaat. Het is vanuit deze optiek dat ik waarde hecht aan en mij heb ingezet en zal blijven inzetten voor deze organisatie. Overdracht van dit deel van mijn portefeuille aan de staatssecretaris is niet aan de orde", "antwoord 5": "Ja, ik zal de Staten-Generaal een brief sturen waarin verslag wordt gedaan van de 109de Bijeenkomst van het Comit\u00c3\u00a9 van Ministers van de Raad van Europa. ]"}