{"Bibliografische_omschrijving": "Vragen van het lid Dittrich (D66) aan de minister van Justitie over de ontsnapping van de van terrorisme verdachte Algerijn. (Ingezonden 11 juni 2002); Antwoord", "Bestand": "12Kb", "Permalink": "\nhttp://www.geencommentaar.nl/parlando/index.php?action=doc&filename=KVR15812\n", "Inhoud": "Aanvullende vragen op eerder gestelde vragen van het lid Rietkerk,, 7 juni 2002, over de omstandigheden van de ontsnapping van een van terrorisme verdachte Algerijn uit het Huis van Bewaring in Breda.", "Rubriek": "Criminaliteit en openbare orde (Gevangeniswezen en penitentiair recht)", "Trefwoorden": "Gevangeniswezen", "Vindplaats": "Kamervragen met antwoord 2001-2002, nr. 1272, Tweede Kamer", "Afkomstig van": "2010211270", "Indiener": "Justitie (JUS)", "Partij vertegenwoordiger": "<persoon partij=\"D66\">Dittrich</persoon>", "Datum_reaktie": "\n", "Datum_indiening": "2002-06-17", "vraag 1": "Welke inspanningen worden geleverd om de van terrorisme verdachte Algerijn die uit het het Huis van bewaring te Breda ontsnapte op te sporen? Wordt bij de opsporing samengewerkt met andere landen? Welke internationaal- en verdragsrechtelijke belemmeringen spelen bij de opsporing mogelijk een rol? ", "vraag 2": "Wordt in het Huis van bewaring te Breda gebruik gemaakt van particulier beveiligingspersoneel, en zo ja in welke mate? Wordt particulier beveiligingspersoneel ook ingezet voor gedetineerde-gebonden activiteiten? Op welke wijze heeft het gebruik van particulier beveiligingspersoneel mogelijk een rol gespeeld bij de oorzaak van de ontsnapping? ", "antwoord 1": "[Het onderzoeksteam dat het onderzoek verricht naar de feiten, waarvoor de verdachte is aangehouden, is zich mede gaan richten op het traceren van de ontsnapte persoon met het doel hem aan te houden. Er zijn direct na het bekend worden van de ontsnapping extra en gerichte opsporingsactiviteiten ontplooid. Daarnaast is de ontsnapte verdachte nationaal en internationaal gesignaleerd voor aanhouding. Er hebben zich geen verdragsrechtelijke belemmeringen voorgedaan bij de hiervoor bedoelde activiteiten", "antwoord 2": "In het Huis van Bewaring te Breda wordt geen particulier beveiligingspersoneel ingezet. ]"}