{"Bibliografische_omschrijving": "Vragen van de leden Azough en Halsema (beiden GroenLinks) aan de minister-president over de uitlatingen over het intrekken van het Nederlanderschap van de minister van Vreemdelingenbeleid en Integratie tijdens het debat, 5 september 2002. (Ingezonden 10 september 2002); Antwoord", "Bestand": "13Kb", "Permalink": "\nhttp://www.geencommentaar.nl/parlando/index.php?action=doc&filename=KVR16256\n", "Inhoud": "Vragen naar aanleiding van uitlatingen van minister Nawijn (VZI) over het intrekken van het Nederlanderschap van criminele Marokkanen met de Nederlandse en Marokkanse nationaliteit.", "Rubriek": "Burgerlijk recht en burgerlijk procesrecht (Internationaal privaatrecht) Criminaliteit en openbare orde (Criminaliteitsbestrijding en -preventie) Staats- en bestuursrecht (Vreemdelingenrecht) Welzijn (Minderheden)", "Trefwoorden": "Criminaliteitsbestrijding Minderheden Nationaliteitsrecht", "Vindplaats": "Kamervragen met antwoord 2001-2002, nr. 1659, Tweede Kamer", "Afkomstig van": "2010215220", "Indiener": "Algemene Zaken (AZ)", "Partij vertegenwoordiger": "<persoon partij=\"GroenLinks\">Azough</persoon>", "Datum_reaktie": "\n", "Datum_indiening": "<persoon partij=\"GroenLinks\">Halsema</persoon>", "vraag 1": "Bent u op de hoogte van de uitlatingen van de minister van Vreemdelingenbeleid en Integratie, Nawijn, over het intrekken van het Nederlanderschap van criminele Marokkanen met de Nederlandse en Marokkaanse nationaliteit tijdens het debat in de Tweede Kamer van 5 september jl.? ", "vraag 2": "Heeft de minister van Vreemdelingenbeleid en Integratie zijn opvatting voorafgaand aan het debat met de Tweede Kamer met u besproken? ", "vraag 3": "Vindt u dat het grondwettelijk mogelijk is de Nederlandse nationaliteit te ontnemen aan criminele Marokkaanse Nederlanders? Zo ja, vindt u het wenselijk? ", "vraag 4": "Bent u bereid deze vragen per ommegaande te beantwoorden? ", "antwoord 1": "[Ja", "antwoord 2": "Minister Nawijn en ik hebben in algemene zin over zijn uitlatingen in de media en het kader waarbinnen die geplaatst kunnen worden gesproken. Ik verwijs hiervoor naar mijn antwoorden op de vragen van de heer Dittrich, 29 augustus 2002", "antwoord 3": "Minister Nawijn heeft in het debat met uw Kamer aangegeven dat hij laat onderzoeken of juridisch mogelijk is om de Nederlandse nationaliteit te ontnemen aan Nederlanders met een dubbele nationaliteit die zich schuldig hebben gemaakt aan zware criminaliteit, en hoe andere landen met dergelijke situaties omgaan. Mocht blijken dat het mogelijk is om in dergelijke gevallen de Nederlandse nationaliteit te ontnemen en tot uitzetting over te gaan, is het aan de minister voor Vreemdelingenzaken en Integratie daar conclusies uit te trekken en concrete voorstellen bij het kabinet in te dienen. Dat wil niet op voorhand zeggen dat het kabinet vervolgens ook een voorstel zal indienen bij de Kamer. Immers, niet alles wat kan is ook wenselijk. Uitgangspunt is onder alle omstandigheden dat iedereen met een Nederlandse nationaliteit op gelijke wijze zal worden behandeld", "antwoord 4": "Bij deze. ]"}