{"Bibliografische_omschrijving": "Vragen van de leden Mosterd, Rietkerk en Schreijer-Pierik (allen CDA) aan de ministers van Justitie, van Landbouw, Natuurbeheer en Visserij en van Binnenlandse Zaken en Koninkrijksrelaties over het onderzoek van de milieu-inspectie en de AID inzake het Milieu Offensief te Wageningen. (Ingezonden 13 juni 2002); Antwoord", "Bestand": "13Kb", "Permalink": "\nhttp://www.geencommentaar.nl/parlando/index.php?action=doc&filename=KVR15998\n", "Inhoud": "Vragen over het onderzoek van milieu-inspectie en de AID van 1998 betreffende de activiteiten van Vereniging Milieu-Offensief (VMO), in het licht van het feit dat de verdachte van de moord op Pim Fortuyn een voortrekkende rol in die organisatie vervulde (Zie ook Aanhangsel Handelingen nr. 1391, Vergaderjaar 2001-2002).", "Rubriek": "Strafrecht en strafprocesrecht (Opsporingsonderzoek)", "Trefwoorden": "Milieuhygi\u00c3\u00abne Opsporingen Verdachten", "Vindplaats": "Kamervragen met antwoord 2001-2002, nr. 1434, Tweede Kamer", "Afkomstig van": "2010211450", "Indiener": "Justitie (JUS)", "Partij vertegenwoordiger": "<persoon partij=\"CDA\">Mosterd</persoon>", "Datum_reaktie": "\n", "Datum_indiening": "<persoon partij=\"CDA\">Rietkerk</persoon>", "vraag 1": "Herinnert u zich het onderzoek van de milieu-inspectie en de AID van 1998 betreffende de activiteiten van Milieu Offensief te Wageningen? ", "vraag 2": "Sinds wanneer was u op de hoogte van het feit dat de verdachte van de moord op Pim Fortuyn een toonaangevende en voortrekkende rol in de VMO vervulde? ", "vraag 3": "Waarom heeft het in het licht van het bovenstaande ruim een week geduurd voordat door Justitie onderzoek naar de administratie bij VMO is gedaan? Waarom is niet onmiddellijk na het bekend worden van de identiteit van de verdachte de volledige administratie van VMO in beslag genomen? ", "antwoord 1": "[Ja, het is mij bekend dat zowel de AID als de milieu-inspectie (VROM) in 1998 een ori\u00c3\u00abnterend onderzoek hebben ingesteld naar de activiteiten van de Vereniging Milieu Offensief (VMO), naar aanleiding van signalen, onder andere vanuit het agrarische bedrijfsleven. Het rapport van de milieu-inspectie is destijds ook naar de Tweede Kamer gezonden. In het onderzoek van de AID is nagegaan of de door VMO uitgeoefende activiteiten niet strijdig waren met wettelijke voorschriften. Uit dit onderzoek is niet gebleken dat leden van de VMO op enigerlei wijze de wet overtraden bij hun handelwijze namens de VMO", "antwoord 2": "Aangezien het strafrechtelijk onderzoek naar de moord op Pim Fortuyn nog onder de rechter is kunnen hierover in het belang van het onderzoek geen mededelingen worden gedaan, aangezien dit het verdere verloop van het strafrechtelijk onderzoek ernstig kan bemoeilijken. Het OM zal in een later stadium jegens de rechtbank ter zitting verantwoording afleggen over de toepassing van dwangmiddelen. ]"}