{"Bibliografische_omschrijving": "Vragen van de leden Cornielje en Cherribi (beiden VVD) aan de minister van Onderwijs, Cultuur en Wetenschappen over problemen van het NIOZ. (Ingezonden 20 februari 2002); Antwoord", "Bestand": "14Kb", "Permalink": "\nhttp://www.geencommentaar.nl/parlando/index.php?action=doc&filename=KVR15364\n", "Inhoud": "Vragen over de acute financi\u00c3\u00able problemen van het Koninklijke Nederlandse Instituut voor Onderzoek der Zee (NIOZ) op Texel.", "Rubriek": "Natuur (Algemeen) Wetenschap en technologie (Onderzoeksinstituten)", "Trefwoorden": "Natuurbescherming Oceanologie Onderzoeksinstituten", "Vindplaats": "Kamervragen met antwoord 2001-2002, nr. 886, Tweede Kamer", "Afkomstig van": "2010206560", "Indiener": "Onderwijs, Cultuur en Wetenschappen (OCW)", "Partij vertegenwoordiger": "<persoon partij=\"VVD\">Cornielje</persoon>", "Datum_reaktie": "\n", "Datum_indiening": "<persoon partij=\"VVD\">Cherribi</persoon>", "vraag 1": "Bent u op de hoogte van de acute financi\u00c3\u00able problemen van het op Texel gevestigde Koninklijke Nederlandse Instituut voor Onderzoek der Zee (NIOZ)? ", "vraag 2": "Deelt u de mening dat het NIOZ uniek is omdat het alle relevante wetenschapsgebieden zoals fysica, chemie, geologie, ecologie en marine biologie van de oceanografie combineert? ", "vraag 3": "Erkent u het essenti\u00c3\u00able belang van het instituut voor de Waddenzee, de Noordzee en de Oceanen? ", "vraag 4": "Erkent u het essenti\u00c3\u00able belang van het instituut binnen het kernthema \u00c2\u00abSysteem Aarde\u00c2\u00bb van NWO? ", "vraag 5": "Vindt u dat het grootste interdisciplinaire oceanografische onderzoeksinstituut voor Nederland niet verloren mag gaan? ", "vraag 6": "Klopt het dat tijdens de overgang in 1993 van het NIOZ van OCenW naar NWO de basissubsidie te laag is vastgesteld? ", "vraag 7": "Bent u bereid samen met andere betrokken ministers (VROM, LNV, VW, en EZ) en het NIOZ te zoeken naar oplossingen zodat het NIOZ voor Nederland behouden kan blijven en de Kamer hierover v\u00c3\u00b3\u00c3\u00b3r 18 maart 2002 te informeren? ", "antwoord 1": "[Ja", "antwoord 2": "Het NIOZ is een NWO-instituut en richt zich op onderzoek van de zee. Dat brengt met zich dat het instituut onderzoek verricht in die disciplines die voor dat onderzoek relevant zijn", "antwoord 3": "Het instituut doet nuttig en goed onderzoek naar aspecten van Waddenzee, Noordzee en oceanen", "antwoord 4": "Het kernthema \u00c2\u00absysteem Aarde\u00c2\u00bb is onderdeel van het strategisch plan van NWO \u00c2\u00abThema\u00e2\u20ac\u2122s met Talent\u00c2\u00bb. In de Voortgangsrapportage Wetenschapsbeleid heb ik in het algemeen aangegeven de keuze van thema\u00e2\u20ac\u2122s door NWO een verstandige te vinden", "antwoord 5": "Of een instituut moet blijven voortbestaan dan wel gesloten worden, hangt af van de kwaliteit van het onderzoek en van de uitkomsten van afweging met alternatieve bestedingsmogelijkheden. De kwaliteit van het onderzoek bij het NIOZ is goed en de afweging die het algemeen bestuur van NWO heeft gemaakt in zowel de door mij goedgekeurde jaarlijkse begrotingen als het nieuwe strategisch plan, acht ik evenwichtig. Ik kan mij dus vinden in de continuering van het NIOZ op de wijze waarop het algemeen bestuur van NWO die voorziet", "antwoord 6": "Een analyse van de manier waarop in 1993 de basissubsidie is vastgesteld vergt dossieronderzoek dat enige tijd kost. Ik zal deze vraag daarom later apart beantwoorden", "antwoord 7": "Ik acht het op dit moment niet zinvol te overleggen met collega\u00e2\u20ac\u2122s binnen het Kabinet over de financi\u00c3\u00able situatie van het NIOZ. Het bestaan van het NIOZ wordt immers niet bedreigd. Bovendien is het onderzoek dat het NIOZ uitvoert fundamenteel wetenschappelijk van aard zodat er geen reden is om andere ministers te vragen verantwoordelijkheid te dragen. ]"}