{"Bibliografische_omschrijving": "Vragen van het lid Kamp (VVD) aan de minister van Sociale Zaken en Werkgelegenheid over de horeca-cao. (Ingezonden 29 oktober 1999); Mededeling", "Bestand": "13Kb", "Permalink": "\nhttp://www.geencommentaar.nl/parlando/index.php?action=doc&filename=KVR10608\n", "Inhoud": "Vragen over de zorgvuldigheid die is betracht bij de toepassing van de representativiteitseis bij het algemeen verbindend verklaren van de horeca-cao, naar aanleiding van het rapport 'Onder en boven de streep: werknemersstatistieken in de horeca' van het onderzoeksbureau Research Voor Beleid.", "Rubriek": "Inkomen en rechtspositie (Arbeidsovereenkomsten en CAO's) Vrijetijdsbesteding (Horeca)", "Trefwoorden": "CAO's Horeca", "Vindplaats": "Kamervragen met antwoord 1999-2000, nr. 314, Tweede Kamer", "Afkomstig van": "2990001920", "Indiener": "Sociale Zaken en Werkgelegenheid", "Partij vertegenwoordiger": "<persoon partij=\"VVD\">Kamp</persoon>", "Datum_reaktie": "\n", "Datum_indiening": "1999-11-19", "vraag 1": "Kent u het rapport \u00c2\u00abOnder en boven de streep: werknemersstatistieken in de horeca\u00c2\u00bb van het onderzoeksbureau Research Voor Beleid? ", "vraag 2": "Deelt u de mening dat bij het algemeen verbindend verklaren van collectieve arbeidsovereenkomsten en in het bijzonder bij de toepassing van de representativiteitseis grote zorgvuldigheid moet worden betracht? ", "vraag 3": "Is het beschikken over een betrouwbare wijze van berekening van het representativiteitscijfer noodzakelijk om de representativiteitseis zorgvuldig te kunnen toepassen? ", "vraag 4": "Deelt u de mening van de onderzoekers dat in het geval van de horeca-cao een dergelijke berekeningswijze ontbreekt? ", "vraag 5": "Bent u van mening dat bij het algemeen verbindend verklaren van de horeca-cao op het punt van de representativiteit de vereiste grote zorgvuldigheid is betracht? Zo ja, waarop baseert u deze mening? ", "antwoord 1": "[]"}