{"Bibliografische_omschrijving": "Vragen van het lid Hoekema (D66) aan de minister van Buitenlandse Zaken over veroordeelde vliegtuigspotters. (Ingezonden 3 mei 2002); Antwoord", "Bestand": "13Kb", "Permalink": "\nhttp://www.geencommentaar.nl/parlando/index.php?action=doc&filename=KVR15686\n", "Inhoud": "Wat zijn de mogelijkheden voor de Nederlandse regering om te kunnen doen voor de veroordeelde vliegtuigspotters.", "Rubriek": "Strafrecht en strafprocesrecht (Overig) Strafrecht en strafprocesrecht (Straffen) Verkeer, vervoer en waterstaat (Luchtvaart) Vrijetijdsbesteding (Overig)", "Trefwoorden": "Internationaal strafrecht Luchtvaart Straffen Vrijetijdsbesteding", "Vindplaats": "Kamervragen met antwoord 2001-2002, nr. 1163, Tweede Kamer", "Afkomstig van": "2010209960", "Indiener": "Buitenlandse Zaken (BUZA)", "Partij vertegenwoordiger": "<persoon partij=\"D66\">Hoekema</persoon>", "Datum_reaktie": "\n", "Datum_indiening": "2002-05-23", "vraag 1": "Heeft u kennisgenomen van de veroordeling in Griekenland van twee vliegtuigspotters van Nederlandse nationaliteit tot de maximum-straf van drie jaar? ", "vraag 2": "Hoe beoordeelt u dit (zware) vonnis? ", "vraag 3": "Wat zijn uw verwachtingen van de verdere rechtsgang incl. hoger beroep en de mogelijkheid dat bij een eventueel in dat beroep bevestigde straf, deze in Nederland, eventueel in verkorte vorm, uit te zitten? Wat zijn de regelingen ter zake tussen Nederland en Griekenland? ", "vraag 4": "Bent u bereid en in staat om, zoals ook vorig jaar herfst bij het incident, consulaire bijstand te verlenen? ", "vraag 5": "Is hierover overleg (geweest) met uw Britse collega gezien de Britse nationaliteit van de andere spotters? ", "vraag 6": "Denkt u dat contacten met uw Griekse collega nog nuttig kunnen zijn? ", "antwoord 1": "[Ja", "antwoord 2": "Zoals bekend is tegen het vonnis door betrokkenen hoger beroep ingesteld. Nu deze zaak nog onder de Griekse rechter is, acht ik het niet op mijn weg enigerlei uitspraak te doen", "antwoord 3": "Ja, net zoals tijdens de arrestatie en het voorarrest zullen betrokkenen bij het vervolg van de rechtsgang kunnen rekenen op de gebruikelijke consulaire bijstand", "antwoord 4": "Bij het verlenen van consulaire bijstand en het volgen van de rechtszaak is regelmatig contact geweest tussen de Nederlandse en Britse ambassades in Griekenland", "antwoord 5": "Hangende het hoger beroep zijn contacten met mijn Griekse collega niet opportuun. ]"}