{"Bibliografische_omschrijving": "Vragen van het lid Rehwinkel (PvdA) aan de minister van Binnenlandse Zaken en Koninkrijksrelaties over de bezorging van kandidatenlijsten bij de kiezers. (Ingezonden 28 maart 2002); Antwoord", "Bestand": "14Kb", "Permalink": "\nhttp://www.geencommentaar.nl/parlando/index.php?action=doc&filename=KVR15565\n", "Inhoud": "Vragen over de bezorging van kandidatenlijsten voor de Tweede Kamerverkiezingen bij de kiezers. Deze vragen dienen ter aanvulling op eerdere vragen terzake van Tweede-Kamerlid Rehwinkel, ingezonden 20 februari 2002, 2010206550.", "Rubriek": "Staats- en bestuursrecht (Kiesrecht)", "Trefwoorden": "Verkiezingen", "Vindplaats": "Kamervragen met antwoord 2001-2002, nr. 1060, Tweede Kamer", "Afkomstig van": "2010208550", "Indiener": "Binnenlandse Zaken en Koninkrijksrelaties (BZK)", "Partij vertegenwoordiger": "<persoon partij=\"PvdA\">Rehwinkel</persoon>", "Datum_reaktie": "\n", "Datum_indiening": "2002-04-24", "vraag 1": "Ziet u het als uw verantwoordelijkheid om na te gaan of kandidatenlijsten voor verkiezingen werkelijk bij de kiezers worden bezorgd? ", "vraag 2": "Was u op de hoogte van het feit dat dit voorafgaande aan de gemeenteraads- en deelraadsverkiezingen niet in alle gemeenten is gebeurd (in strijd met artikel J1 van het kiesbesluit)? ", "vraag 3": "Kunt u een overzicht verschaffen van de gemeenten waar de kandidatenlijsten voor deze verkiezingen niet aan de kiezers zijn toegezonden? ", "vraag 4": "Bent u bereid te verzekeren dat de kandidatenlijsten voor de Tweede Kamerverkiezingen van 15 mei a.s. aan alle kiezers worden toegezonden? ", "antwoord 1": "[Artikel J 1, eerste lid, van het Kiesbesluit zoals dat v\u00c3\u00b3\u00c3\u00b3r de gemeenteraadsverkiezingen van 6 maart 2002 is gewijzigd (Stb. 2002, 98) verplicht gemeentebesturen om een kopie van de kandidatenlijsten uiterlijk op de vierde dag voor de stemming aan het adres van de kiezer te bezorgen. lk verwijs in dit verband naar mijn antwoord op eerdere vragen van het lid Rehwinkel (Aanhangsel Handelingen nr. 858, Vergaderjaar 2001\u00e2\u20ac\u201c2002). Artikel J 1 van het Kiesbesluit impliceert geen verantwoordelijkheid voor de minister van Binnenlandse Zaken en Koninkrijksrelaties om na te gaan of de kandidatenlijsten allemaal daadwerkelijk bij de kiezers worden bezorgd. Uiteraard ben ik steeds bereid om \u00e2\u20ac\u201c indien daarover meldingen bij mijn ministerie binnenkomen \u00e2\u20ac\u201c een gemeente die in gebreke lijkt te zijn, hierop aan te spreken", "antwoord 2": "Enkele kiezers hebben het Call centre Verkiezingen, dat door de Kiesraad en mijn ministerie gezamenlijk is ingericht, benaderd met vragen of opmerkingen over de bezorging van kandidatenlijsten. In die gevallen is daarover door medewerkers van het call centre contact opgenomen met de desbetreffende gemeenten, teneinde een toelichting te verkrijgen en de gemeente zonodig nogmaals op de verplichting, bedoeld in artikel J 1 van het Kiesbesluit, te wijzen", "antwoord 3": "Neen", "antwoord 4": "In mijn antwoord op de bovenbedoelde eerdere vragen van het lid Rehwinkel over dit onderwerp heb ik aangegeven dat artikel J 1, eerste lid, van het Kiesbesluit onder de aandacht van de gemeentebesturen is gebracht door middel van een circulaire en het boekje \u00c2\u00abVerkiezingen 2002\u00e2\u20ac\u201c2004, Antwoorden op de meest gestelde vragen\u00c2\u00bb. Voorts zijn alle kandidatenlijsten gepubliceerd in de Staatscourant van donderdag 18 april 2002. Deze publicatie is ook via de internetsites van mijn ministerie (www.minbzk.nl) en van de Staatscourant (www.sdu.nl/staatscourant/vandaag/ kieslijst.pdf) te raadplegen. lk meen met de antwoorden op deze en voorgaande vragen voldoende te hebben duidelijk gemaakt dat alle inspanningen erop zijn gericht om de kandidatenlijsten onder de aandacht van de kiezers te brengen. ]"}