{"Bibliografische_omschrijving": "Vragen van het lid Marijnissen (SP) aan de staatssecretaris van Financi\u00c3\u00abn over de vrijwillige reddingsbrigades. (Ingezonden 6 september 2001); Antwoord", "Bestand": "15Kb", "Permalink": "\nhttp://www.geencommentaar.nl/parlando/index.php?action=doc&filename=KVR14525\n", "Inhoud": "Vragen over de fiscale behandeling van voertuigen van de vrijwillige reddingsbrigades als \"bestelauto's\".", "Rubriek": "Belastingen (Belastingontheffing, -teruggave, -vermindering, -vrijstelling) Belastingen (Motorrijtuigenbelasting) Criminaliteit en openbare orde (Ongevallenpreventie en -hulpverlening)", "Trefwoorden": "Motorrijtuigenbelasting Ongevallen", "Vindplaats": "Kamervragen met antwoord 2001-2002, nr. 187, Tweede Kamer", "Afkomstig van": "2000115130", "Indiener": "Financi\u00c3\u00abn (FIN)", "Partij vertegenwoordiger": "<persoon partij=\"SP\">Marijnissen</persoon>", "Datum_reaktie": "\n", "Datum_indiening": "2001-10-31", "vraag 1": "Deelt u de mening dat de 180 vrijwillige reddingsbrigades met 30 000 leden een belangrijke maatschappelijke functie vervullen door het leveren van spoedeisende eerste hulp op en nabij het strand? Is het u bekend dat met de ministeries van Binnenlandse Zaken en Koninkrijksrelaties en van Verkeer en Waterstaat overleg plaatsvindt om deze brigades te erkennen als offici\u00c3\u00able hulpverleningsinstanties? ", "vraag 2": "Is het u bekend dat voertuigen van de vrijwillige reddingsbrigades in principe worden aangemerkt als bestelauto\u00e2\u20ac\u2122s in de zin van artikel 3, derde lid, van de Wet op de belasting van personenauto\u00e2\u20ac\u2122s en motorrijwielen 1992, maar dat sommige voertuigen extra hulpverlenend personeel kunnen vervoeren, waardoor belasting verschuldigd is op basis van deze wet, alsmede motorrijtuigenbelasting? ", "vraag 3": "Deelt u de mening dat het juist zou zijn als de reddingsbrigades krachtens artikel 15 van genoemde wet recht zouden hebben op teruggave van belasting op grond van die wet omdat vergelijkbare hulpverlenende instanties als de brandweer of de ambulance dat ook hebben? ", "vraag 4": "Deelt u de mening dat voertuigen van de reddingsbrigades doorgaans niet meer gebruik maken van de openbare weg dan de brandweer of ambulance? ", "vraag 5": "Vindt u het juist dat sommige reddingsbrigades geen vrijstelling voor de motorrijtuigenbelasting van hun inspecteur hebben gekregen, en anderen wel, terwijl vergelijkbare hulpverlenende instanties als de brandweer of de ambulance sowieso zijn vrijgesteld van motorrijtuigenbelasting? ", "antwoord 1": "[Ja", "antwoord 2": "Ja", "antwoord 3": "Op grond van artikel 15 van de Wet op de belasting van personenauto\u00e2\u20ac\u2122s en motorrijwielen 1992 (bpm) en artikel 72 van de Wet op de motorrijtuigenbelasting 1994 (mrb) is er een recht op teruggaaf van de bpm en een vrijstelling van de mrb voor onder andere personenauto\u00e2\u20ac\u2122s in gebruik bij de brandweer of in gebruik als ambulance. De teruggaaf en de vrijstelling zijn aan een aantal strikte voorwaarden verbonden wat betreft het gebruik en de uiterlijke herkenbaarheid van de auto\u00e2\u20ac\u2122s. Dit strekt ertoe de belastingvoordelen te verbinden aan het specifieke gebruik van deze personenauto\u00e2\u20ac\u2122s en te voorkomen dat ze zouden toevallen aan personenauto\u00e2\u20ac\u2122s die voor normaal personenvervoer worden ingezet. Door de belastingdienst worden nagenoeg alle auto\u00e2\u20ac\u2122s die thans in gebruik zijn bij de vrijwillige reddingsbrigades voor de bpm en mrb aangemerkt als bestelauto. Dit houdt in dat voor deze auto\u00e2\u20ac\u2122s geen bpm wordt betaald, terwijl voor de mrb het lagere bestelautotarief van toepassing is. Voor sommige auto\u00e2\u20ac\u2122s behoeft in het geheel geen mrb te worden betaald vanwege het geringe gebruik van de weg. Van de resterende in gebruik zijnde gewone personenauto\u00e2\u20ac\u2122s worden de bpm en mrb volledig geheven. De koepelorganisatie van de vrijwillige reddingsbrigades, de Koninklijke Nederlandse Bond tot het Redden van Drenkelingen (KNBRD), verzoekt voor deze auto\u00e2\u20ac\u2122s niet om een bijzondere regeling. W\u00c3\u00a8l bestaat bij de KNBRD het voornemen om een meer uniform wagenpark aan te schaffen. Uiterlijk zullen deze voertuigen zich kenmerken door een bepaalde \u00c2\u00abstriping\u00c2\u00bb en de aanwezigheid van het logo van de reddingsbrigade. De inrichting van deze voertuigen zal gelijkenis vertonen met ambulances. Met de KNBRD heb ik afgesproken dat dergelijke specifiek voor het redden van drenkelingen ingerichte auto\u00e2\u20ac\u2122s voor de bpm en de mrb gelijk zullen worden behandeld als ambulances. Daartoe zal een administratieve regeling worden getroffen waarin de voorwaarden voor de toepassing van de regeling worden neergelegd. ]"}