{"Bibliografische_omschrijving": "Vragen van het lid M B Vos (GroenLinks) over de aanwezigheid van gevaarlijk afval in de Cannerberg (Ingezonden 10 mei 1995); Antwoord", "Bestand": "16Kb", "Permalink": "\nhttp://www.geencommentaar.nl/parlando/index.php?action=doc&filename=KVR1564\n", "Inhoud": "Milieu (Gevaarlijke stoffen)", "Rubriek": "Gevaarlijke stoffen", "Trefwoorden": "Kamervragen met antwoord 1994-1995, nr. 917, Tweede Kamer", "Vindplaats": "Defensie", "Afkomstig van": "<persoon partij=\"GroenLinks\">M. B. Vos</persoon>", "Indiener": "\n", "Partij vertegenwoordiger": "1995-06-15", "Datum_reaktie": "1995-05-10", "Datum_indiening": "KVR1564", "vraag 1": "Zijn in het voormalige NAVO-complex in de Cannerberg grote hoeveelheden afval achtergelaten waaronder gevaarlijk afval? Zo ja, om hoeveel en welke soorten afval gaat het? ", "vraag 2": "Zijn ter plaatse verhoogde gehalten minerale olie, PAK\u00e2\u20ac\u2122s, kwik, cadmium en vluchtige aromatische en gehalogeneerde koolwaterstoffen aangetroffen? ", "vraag 3": "Zijn in het grondwater in de nabijheid van de Cannerberg gechloreerde koolwaterstoffen, nikkel, chroom en kwik aangetroffen? Is onderzocht of er een relatie bestaat tussen deze verontreinigingen en de aanwezigheid van gevaarlijk afval in de Cannerberg? Zo neen, bent u bereid dit alsnog te doen? ", "vraag 4": "Weigert uw ministerie tot op heden het afval uit de Cannerberg te verwijderen? Acht u dit in overeenstemming met de voorbeeldfunctie die de overheid dient te vervullen? ", "vraag 5": "Bent u bereid alsnog het in het gangenstelsel gestorte afval en mogelijke bodemverontreiniging op te ruimen op een wijze die de instemming heeft van het op grond van de milieuwetgeving bevoegde gezag en maatregelen te nemen om mogelijke (verder) verontreiniging van het grondwater als gevolg van de aanwezigheid van het afval te voorkomen? ", "antwoord 1": "[In de Cannerberg zijn in de afgelopen 30 jaar het mergel en het puin, dat bij uitbreidingswerkzaamheden vrijkwam, \u00e2\u20ac\u201c met medeweten van het Staatstoezicht op de Mijnen \u00e2\u20ac\u201c gestort in oude onbruikbare gangen. Uit een in 1993 gehouden justitieel onderzoek blijkt dat deze mergel plaatselijk is verontreinigd met ander (soms mogelijk schadelijk) afval, voornamelijk bouwafval. De totale hoeveelheid is ongeveer 13.000 m . Omdat er in de jaren zestig op ruime schaal asbest als isolatiemateriaal is gebruikt, is waarschijnlijk een deel van de stortplaatsen verontreinigd met asbeststof. Dit compliceert het onderzoek en de eventuele sanering aanzienlijk. De noodzaak om tot sanering van deze stortplaatsen over te gaan is nog niet vastgesteld. De aard van het gestorte materiaal is zeer divers (mergel, bouwafval, oliefilters, verfblikken, asbest, papier, etc.). Door aanvullend onderzoek te verrichten moet uitsluitsel worden gegeven over de aard van het gestorte materiaal en de risico\u00e2\u20ac\u2122s voor de bodem. Door een proefscheiding \u00c2\u00abin-situ\u00c2\u00bb op een nog aan te wijzen stortplaats moet daarin nader inzicht worden verkregen. In een groot deel van het gangenstelsel (ca. 6 km) is het asbest overigens nog aanwezig, hetzij in de vorm van isolatie-materiaal, hetzij in de vorm van asbeststof dat in de loop der jaren is verspreid", "antwoord 2": "Uit het tot nog toe verrichte onderzoek blijkt dat genoemde stoffen in verhoogde gehalten voorkomen in de genomen monsters. Omdat echter de samenstelling van de storten zeer divers is, kan niet worden aangegeven of de gevonden waarden representatief zijn voor al het gestorte materiaal. Ook hier zal aanvullend onderzoek uitsluitsel moeten geven. De gehalten vallen echter binnen de kaders van de Wet Bodembescherming. Er is op dit moment nog geen sprake van saneringsnoodzaak en/of gevaar voor volksgezondheid en milieu. Uitzondering hierop zijn twee locaties waar door lekkages en morsen een verontreiniging van de bodem is ontstaan met minerale olie. Deze locaties zijn reeds onderzocht. Sanering van de bodem is waarschijnlijk noodzakelijk. Verspreiding naar het grondwater heeft (nog) niet plaatsgevonden. Voor beide locaties zal in een gericht onderzoek worden nagegaan welke mogelijkheden er bestaan voor het saneren van de met olie verontreinigde bodem op de locaties. Conform de Wet Bodembescherming zal Defensie bovengenoemde locaties saneren, nadat de Provincie het saneringsplan heeft goedgekeurd", "antwoord 3": "Tijdens het grondwateronderzoek, dat in februari jl. is afgerond, zijn verhoogde concentraties van genoemde stoffen aangetroffen in de nabijheid van de Cannerberg. Een relatie tussen de verontreinigingen en de aanwezigheid van afval is niet te leggen. Er is momenteel nog geen sprake van een verhoogd risico", "antwoord 4": "Aanvullende onderzoeken moeten nader uitsluitsel geven omtrent de eventuele gevolgen van de opslag van het materiaal voor volksgezondheid en milieu. Het zonder meer weghalen van het gestorte puin en het afval zou in feite neerkomen op het verplaatsen van de stort, iets dat op zich het milieurendement niet verbetert. Momenteel wordt een nader onderzoek ingesteld. Het op doelmatige wijze oplossen van aantoonbare risico\u00e2\u20ac\u2122s voor de volksgezondheid en milieu acht ik in overeenstemming met de voorbeeldfunctie van de overheid. Het verplaatsen van de stort valt daar niet onder", "antwoord 5": "Ja, indien het bevoegde gezag (de Provincie Limburg) dit op grond van de Wet bodembescherming noodzakelijk acht. ]"}