{"Bibliografische_omschrijving": "Vragen van de leden Giskes en Versnel-Schmitz (beiden D66) over sponsor-activiteiten van het woningbedrijf Amsterdam. (Ingezonden 9 juni 1995); Antwoord", "Bestand": "15Kb", "Permalink": "\nhttp://www.geencommentaar.nl/parlando/index.php?action=doc&filename=KVR1614\n", "Inhoud": "Communicatie, media en informatievoorziening (Reclame) Volkshuisvesting (Overig)", "Rubriek": "Sponsoring Volkshuisvesting", "Trefwoorden": "Kamervragen met antwoord 1994-1995, nr. 966, Tweede Kamer", "Vindplaats": "Volkshuisvesting, Ruimtelijke Ordening en Milieubeheer", "Afkomstig van": "<persoon partij=\"D66\">Giskes</persoon>", "Indiener": "\n", "Partij vertegenwoordiger": "<persoon partij=\"D66\">Versnel-Schmitz</persoon>", "Datum_reaktie": "\n", "Datum_indiening": "1995-06-27", "vraag 1": "Sponsort het woningbedrijf Amsterdam het World Roots Festival? ", "vraag 2": "Welk bedrag is met deze sponsoring gemoeid? ", "vraag 3": "Passen dergelijke sponsor-activiteiten binnen het kader van de werkzaamheden van een woningcorporatie? ", "vraag 4": "Moeten woningcorporaties een rol kunnen hebben bij kunst-sponsoring? ", "vraag 5": "Hebt u over deze kwestie overleg gehad met de gemeente Amsterdam als toezichthouder? ", "antwoord 1": "[Ja", "antwoord 2": "Eenmalig tienduizend gulden", "antwoord 3": "De uitgaven die de Stichting Gemeentelijk Woningbedrijf in dit verband doet dienen getoetst te worden aan artikel 70 van de Woningwet, waarin staat dat toegelaten instellingen geen uitgaven mogen doen die niet in het belang van de volkshuisvesting zijn te achten. Bij het vormen van het oordeel dient tevens te worden meegewogen dat door het Besluit beheer sociale huursector (BBSH) ondermeer de verzelfstandiging van toegelaten instellingen wordt beoogd en uitgedragen, zodat toegelaten instellingen een eigen mate van vrijheid wordt toegekend ten aanzien van hun bedrijfsvoering en handelen, zolang deze bedrijfsvoering en dit handelen geen strijd met de voor hen geldende regelgeving oplevert. Uit de door de Stichting Gemeentelijk Woningbedrijf Amsterdam verstrekte informatie blijkt dat het vooralsnog gaat om een eenmalige bijdrage zonder verplichtingen voor volgende jaren. Tevens is gebleken dat de Stichting Gemeentelijk Woningbedrijf Amsterdam in de regel zeer terughoudend staat tegenover het doen van dit soort uitgaven. Overigens is een eenmalige bijdrage van f 10 000,\u00e2\u20ac\u201c ten opzichte van de totale reservepositie van de stichting ad 246 mln. en een jaarresultaat 1994 ad. 35 mln. als een relatief kleine uitgave te beschouwen. Als motivering voor het doen van deze uitgave voert de Stichting Gemeentelijk Woningbedrijf Amsterdam aan dat het festival tracht bij te dragen aan het kweken van begrip, goede verstandhoudingen en integratie tussen de diverse (allochtone) bevolkingsgroepen. De stichting voornoemd is de grootste sociale verhuurder in Amsterdam en kent in die zin dan ook de grootste diversiteit in herkomst onder de huurders. Met het bijdragen van de f 10 000,\u00e2\u20ac\u201c heeft de Stichting Gemeentelijk Woningbedrijf aan willen geven positief te staan tegenover initiatieven die de sociale cohesie op wijk en buurt niveau kunnen bevorderen. Dergelijke initiatieven die de leefbaarheid verhogen juich ik toe. Het geheel in ogenschouw nemend ben ik van mening dat de onderhavige sponsor-uitgave van de toegelaten instelling, niet aangemerkt behoeft te worden als zijnde strijdig met het belang van de volkshuisvesting", "antwoord 4": "Desgevraagd heeft de toegelaten instelling te kennen gegeven dat in het onderhavige geval geen sprake is van kunst doch van een culturele activiteit", "antwoord 5": "De gemeente Amsterdam heeft, als eerstelijnstoezichthouder, geen strijd aanwezig geacht met het belang van de volkshuisvesting en derhalve geen aanleiding gezien over deze kwestie in overleg te treden met de Stichting Gemeentelijk Woningbedrijf Amsterdam. Gegeven de motivatie onder 3 ben ik niet voornemens de gemeente Amsterdam over deze kwestie in termen van toezicht aan te spreken. ]"}