{"Bibliografische_omschrijving": "Vragen van het lid Kamp (VVD) aan de staatssecretaris van Sociale Zaken en Werkgelegenheid, dhr. Hoogervorst, over fraude door winkeliers. (Ingezonden 20 november 2001); Antwoord", "Bestand": "13Kb", "Permalink": "\nhttp://www.geencommentaar.nl/parlando/index.php?action=doc&filename=KVR14805\n", "Inhoud": "Vragen over een onderzoek van het Regionaal Interdisciplinair Fraudeteam Rotterdam naar fraude door winkeliers in twee Rotterdamse wijken.", "Rubriek": "Bedrijfsleven en industrie (Midden- en kleinbedrijf) Criminaliteit en openbare orde (Fraude)", "Trefwoorden": "Fraude Winkels", "Vindplaats": "Kamervragen met antwoord 2001-2002, nr. 421, Tweede Kamer", "Afkomstig van": "2010202430", "Indiener": "Sociale Zaken en Werkgelegenheid (SZW)", "Partij vertegenwoordiger": "<persoon partij=\"VVD\">Kamp</persoon>", "Datum_reaktie": "\n", "Datum_indiening": "2001-12-19", "vraag 1": "Heeft in 1999 en 2000 een onderzoek van het Regionaal Interdisciplinair Fraudeteam Rotterdam plaatsgevonden naar fraude door winkeliers in twee Rotterdamse wijken? ", "vraag 2": "Hoe beoordeelt u de resultaten van dit onderzoek? ", "vraag 3": "Hoe beoordeelt u de representativiteit van dit onderzoek? ", "vraag 4": "Welke consequenties voor het beleid gericht op het voorkomen en bestrijden van fraude zijn uit dit onderzoek getrokken? ", "antwoord 1": "[Ja", "antwoord 2": "De resultaten van het onderzoek geven een goed inzicht in de mate van fraudegevoeligheid van de onderzochte middenstand in de twee wijken. Van de onderzochte middenstanders was 60% allochtoon en 40% autochtoon. Uit het rapport blijkt o.a. dat samenloop met een uitkering vaker voorkomt bij autochtone winkeliers en dat omzetcorrecties en ondeugdelijke kasadministraties vaker voorkomen bij allochtone middenstanders. De conclusie van het onderzoek dat er diverse mogelijkheden zijn voor de onderzochte groep ondernemers om te frauderen onderstreept het belang van dergelijk onderzoek door de acht RIF\u00e2\u20ac\u2122s in ons land", "antwoord 3": "In het selectieproces is geselecteerd op basis van fraudegevoeligheid. Dit past bij het hoofddoel van de RIF\u00e2\u20ac\u2122s, te weten het signaleren van fraudegevoelige omstandigheden en structuren die gelegenheid tot fraude bieden. Gevolg is dat het representatieve karakter van dit onderzoek meer is gericht op de aard van de fraude die is aangetroffen en minder op de mate van fraude bij de middenstanders. Het gaat derhalve om mogelijke trends die geconstateerd kunnen worden in de twee onderzochte wijken en die mogelijkerwijs ook kunnen gelden voor andere wijken. Gezien het relatief grote aantal middenstanders dat in de twee wijken is onderzocht, is het volgens het rapport aannemelijk dat opmerkelijke uitkomsten als een trend kunnen worden beschouwd. Mogelijke trends hebben met name betrekking op de branches die in onderzoek zijn genomen", "antwoord 4": "De uitkomsten van het onderzoek hebben op een aantal terreinen reeds merkbare gevolgen. Zo heeft publiciteit rond het onderzoek er lokaal toe geleid dat bepaalde groepen \u00e2\u20ac\u201c met name allochtone \u00e2\u20ac\u201c ondernemers het initiatief hebben genomen om in eigen kring (zelfregulering) misbruik en oneigenlijk gebruik tegen te gaan. Hiernaast praat het RIF Rotterdam in enkele brancheverenigingen mee. Landelijk gezien worden de uitkomsten en aanbevelingen uit het onderzoek meegenomen in beleid dat op het desbetreffende terrein in ontwikkeling is. Voorbeelden hiervan zijn het wetsvoorstel Walvis, onder andere voor wat betreft de voorgestane vooraanmelding van nieuwe dienstverbanden, en beleidsonderzoek naar bestandsvergelijking en -koppeling. In samenwerking tussen de bij de RIF\u00e2\u20ac\u2122s betrokken instanties is een cursus in ontwikkeling voor startende allochtone ondernemers. ]"}