{"Bibliografische_omschrijving": "Vragen van de leden Van Rey, Van der Stoel en Klein Molekamp (allen VVD) over de toekenning van de uitkering aan \u00c2\u00absilicoseweduwen\u00c2\u00bb (Ingezonden 27 april 1995); Antwoord", "Bestand": "14Kb", "Permalink": "\nhttp://www.geencommentaar.nl/parlando/index.php?action=doc&filename=KVR1457\n", "Inhoud": "Arbeid (Arbeidsbescherming) Sociale zekerheid (Arbeidsongeschiktheidsvoorzieningen (Ziektewet, WAO, AAW, IOAW, IOAZ))", "Rubriek": "Eenmalige uitkering Kolenmijnen Ziekten", "Trefwoorden": "Kamervragen met antwoord 1994-1995, nr. 813, Tweede Kamer", "Vindplaats": "Sociale Zaken en Werkgelegenheid", "Afkomstig van": "<persoon partij=\"VVD\">Van Rey</persoon>", "Indiener": "\n", "Partij vertegenwoordiger": "<persoon partij=\"VVD\">Van der Stoel</persoon>", "Datum_reaktie": "\n", "Datum_indiening": "<persoon partij=\"VVD\">Klein Molekamp</persoon>", "vraag 1": "Kent u de uitspraak op 21 april jl. van de bestuursrechter in Maastricht inzake de toekenning van de uitkering aan \u00c2\u00absilicoseweduwen\u00c2\u00bb? ", "vraag 2": "Wordt het niet de hoogste tijd, dat de ereschuld wordt ingelost en op redelijke en billijke wijze wordt tegemoet gekomen aan de betrokkenen en hun weduwen? ", "vraag 3": "Op welke wijze is uw ministerie betrokken geweest bij de afwikkeling? ", "vraag 4": "Deelt u de mening dat de Stichting te weinig rekening heeft gehouden met het in de vragen 1 en 2 gestelde? ", "vraag 5": "Op welke wijze wilt u en/of de Stichting op zo kort mogelijke termijn deze afhandeling tot een goed einde brengen? ", "antwoord 1": "[Ja. 2 tot en met 5 Naar aanleiding van de in vraag 1 genoemde uitspraak merk ik op dat het niet aan mij is om uitspraken te doen over door de Stichting genomen beslissingen. Dat geldt te meer nu de Stichting de mogelijkheid heeft om tegen deze uitspraak hoger beroep in te stellen bij de Afdeling bestuursrechtspraak van de Raad van State. Voor de goede orde merk ik op dat ik voor de toekenning van eenmalige uitkeringen aan individuele personen geen verantwoordelijkheid draag. Ook kan van mijn kant op besluiten van de Stichting Silicose Oud-Mijnwerkers geen invloed worden uitgevoerd. De betrokkenheid van het ministerie van Sociale Zaken en Werkgelegenheid bij de afwikkeling van aanvragen om een eenmalige uitkering betreft met name het ter beschikking stellen van financie\u00c2\u00a8le middelen. Op 3 februari 1995 heeft de Stichting Silicose Oud-Mijnwerkers laten weten dat de verwachting was dat de gehele procedure rond de eenmalige uitkering eind dit jaar kan zijn afgerond. Van mijn kant heb ik Gedeputeerde Staten van Limburg in bijgevoegd schrijven van 17 februari 1995 meegedeeld het van belang te achten dat de afwikkeling niet verder wordt vertraagd op louter financie\u00c2\u00a8le gronden. Voor de volledigheid zijn voorts bijgevoegd de reaktie daarop, 7 maart 1995 van Gedeputeerde Staten van Limburg alsmede mijn brief van 3 mei jl. aan Gedeputeerde Staten van Limburg waarin mijn opvatting in deze nader wordt toegelicht. ]"}