{"Bibliografische_omschrijving": "Vragen van het lid Van Ardenne-van der Hoeven (CDA) aan de minister voor Ontwikkelingssamenwerking over stemgedrag van Nederland bij een Unesco-benoeming. (Ingezonden 11 november 1999); Antwoord", "Bestand": "14Kb", "Permalink": "\nhttp://www.geencommentaar.nl/parlando/index.php?action=doc&filename=KVR10657\n", "Inhoud": "Vragen over het stemmen van Nederland voor de benoeming van de heer Kolchiro Matsuura tot Directeur-Generaal van UNESCO. Deze vragen dienen ter aanvulling op eerdere vragen terzake van hetzelfde lid, ingezonden 28 oktober 1999 (2990001880) en vragen van de leden Van Baalen en Cherribi, ingezonden 8 november 1999 (2990002420).", "Rubriek": "Internationale betrekkingen (Verenigde Naties)", "Trefwoorden": "UNESCO", "Vindplaats": "Kamervragen met antwoord 1999-2000, nr. 356, Tweede Kamer", "Afkomstig van": "2990002650", "Indiener": "Ontwikkelingssamenwerking", "Partij vertegenwoordiger": "<persoon partij=\"CDA\">Van Ardenne-van der Hoeven</persoon>", "Datum_reaktie": "\n", "Datum_indiening": "1999-11-26", "vraag 1": "Waarom heeft Nederland voor de benoeming van de heer Kolchiro Matsuura tot directeur van de UNESCO gestemd? Was ons land aanvankelijk van plan niet op hem te stemmen? ", "vraag 2": "Heeft de Japanse regering druk uitgeoefend op de Nederlandse regering met het dreigement dat de Decima-viering het komend jaar geen doorgang zou vinden? ", "vraag 3": "Zo neen, waarom heeft Nederland alsnog voor de kandidatuur van de heer Kolchiro Matsuura gestemd hoewel Nederland openlijk heeft laten blijken de Japanse kandidaat niet geschikt te achten? ", "vraag 4": "Waarom is Nederland toegetreden tot het Uitvoerend Orgaan van UNESCO, terwijl de regering de organisatie ineffici\u00c3\u00abnt vindt en van mening is dat zij haar mandaat overschrijdt? ", "antwoord 1": "[De Uitvoerende Raad van UNESCO \u00e2\u20ac\u201c bestaande uit 58 landen \u00e2\u20ac\u201c heeft op 21 oktober met ruime meerderheid gekozen voor de Japanse kandidaat, de heer Matsuura. Nederland was op dat moment geen lid van de Uitvoerende Raad en heeft derhalve ook niet gestemd. Aangezien de benoeming van een nieuwe DG door de Algemene Conferentie op 12 november een formaliteit was, heeft Nederland besloten de beslissing van de Uitvoerende Raad te volgen en te stemmen voor de benoeming van Matsuura. Er stemden slechts 5 van de 188 lidstaten tegen", "antwoord 2": "Zoals gebruikelijk bij dit soort verkiezingen heeft Japan gelobbied voor de kandidatuur van de heer Matsuura. Daarbij is echter op geen enkele manier een relatie gelegd met de herdenking van 400 jaar betrekkingen in het jaar 2000", "antwoord 3": "De veronderstelling dat Nederland de Japanse kandidaat ongeschikt achtte, of dat Nederland zich op dergelijke wijze openlijk heeft uitgelaten, is onjuist", "antwoord 4": "Juist omdat Nederland vindt dat de effici\u00c3\u00abntie en effectiviteit van de organisatie moeten worden vergroot, heeft Nederland zitting genomen in de Uitvoerende Raad van UNESCO. ]"}