{"Bibliografische_omschrijving": "Vraag van het lid Hoekema (D66) aan de minister van Binnenlandse Zaken en Koninkrijksrelaties over de verschillen in tarieven tussen gemeenten. (Ingezonden 17 januari 2002); Antwoord", "Bestand": "13Kb", "Permalink": "\nhttp://www.geencommentaar.nl/parlando/index.php?action=doc&filename=KVR15105\n", "Inhoud": "Aanvullende vragen op eerder gestelde vragen van de leden Noorman-den Uyl, Horn en De Cloe, ingezonden 17 januari 2002 (Aanhangsel van de Handelingen II, 2001-2002, 661). Door gemeenten worden verschillende tarieven gehanteerd voor rijbewijzen, 65-pluskaarten en dergelijke, waarbij de burger niet de keuzevrijheid heeft om bij de goedkoopste gemeente zijn document aan te vragen.", "Rubriek": "Belastingen (Leges) Overheidsfinanci\u00c3\u00abn (Gemeentelijke financi\u00c3\u00abn)", "Trefwoorden": "Gemeentefinanci\u00c3\u00abn Leges", "Vindplaats": "Kamervragen met antwoord 2001-2002, nr. 662, Tweede Kamer", "Afkomstig van": "2010204610", "Indiener": "Binnenlandse Zaken en Koninkrijksrelaties (BZK)", "Partij vertegenwoordiger": "<persoon partij=\"D66\">Hoekema</persoon>", "Datum_reaktie": "\n", "Datum_indiening": "2002-02-20", "vraag 1": "Bent u bereid te overwegen om indien gemeentes eventuele tarief- maatregelen en -afspraken ontduiken, sanctiemaatregelen te nemen zoals een strafkorting uit het Gemeentefonds? ", "antwoord 1": "[Mij is niet bekend dat gemeenten verordeningen hebben die in strijd zijn met artikel 229b van de Gemeentewet en/of dat gemeenten aanslagen opleggen die dat artikel overtreden. Indien burgers van mening zijn dat de gemeente in strijd handelt met het genoemde artikel, dan kan hij in beroep gaan. Indien ik verneem dat een gemeente artikel 229b overtreedt, dan zal ik het desbetreffende besluit schorsen. Aanvullende instrumenten zoals een strafkorting op het gemeentefonds \u00e2\u20ac\u201c hetgeen volgens de huidige regelgeving niet mogelijk is \u00e2\u20ac\u201c zijn naar het zich nu laat aanzien niet nodig en wenselijk. Niettemin wil ik op het overleg met de VNG de naleving terzake aan de orde stellen; zie ook de beantwoording van de vragen van de leden Noorman-den Uyl, Horn en De Cloe. ]"}