{"Bibliografische_omschrijving": "Vragen van het lid Hoekema (D66) aan de staatssecretaris van Justitie en de minister voor Grote Steden- en Integratiebeleid over het Zelfzorg Arrangement voor asielzoekers. (Ingezonden 20 november 2001); Antwoord", "Bestand": "13Kb", "Permalink": "\nhttp://www.geencommentaar.nl/parlando/index.php?action=doc&filename=KVR14780\n", "Inhoud": "Vragen over berichten dat in een aantal grote steden (waaronder Amsterdam, Rotterdam en Den Haag) het Zelfzorg Arrangement (ZZA) voor asielzoekers wordt stopgezet.", "Rubriek": "Welzijn (Vreemdelingen en asielzoekers)", "Trefwoorden": "Vluchtelingen", "Vindplaats": "Kamervragen met antwoord 2001-2002, nr. 401, Tweede Kamer", "Afkomstig van": "2010202510", "Indiener": "Justitie (JUS)", "Partij vertegenwoordiger": "<persoon partij=\"D66\">Hoekema</persoon>", "Datum_reaktie": "\n", "Datum_indiening": "2001-12-17", "vraag 1": "Bent u op de hoogte van het feit dat in een aantal grote steden (met name Amsterdam, Rotterdam en Den Haag) het Zelfzorg Arrangement (ZZA) voor asielzoekers wordt stopgezet? ", "vraag 2": "Wat is de visie van de staatssecretaris op het beleid voor ZZA? Ziet u mogelijkheden de bezwaren van gemeenten met betrekking tot overbewoning te ondervangen? ", "vraag 3": "Hoe denkt de staatssecretaris nieuwe opvangplaatsen voor stopgezette ZZA\u00e2\u20ac\u2122s te realiseren, mede gezien de krapte in de centrale opvang? ", "vraag 4": "Bent u bereid met gemeenten te praten over de ZZA problematiek en in welke zin? ", "antwoord 1": "[Ja", "antwoord 2": "De ZZA-regeling is sinds begin april 1998 in gebruik vanwege de aanhoudend capacitaire noodsituatie in de opvang. Ook momenteel is voortzetting van de regeling noodzakelijk. Met de gemeenten Amsterdam, Rotterdam en Den Haag heeft het COA een overeenkomst afgesloten inhoudende dat er geen nieuwe plaatsingen van ZZA\u00e2\u20ac\u2122ers meer plaatsvinden in de betreffende gemeente. Het COA is hierover eveneens in overleg met de gemeente Utrecht. Ik ben overigens met het COA van mening dat een dergelijke afspraak met andere dan de 4 grote gemeenten, om beheersmatige redenen, niet mogelijk is. Teneinde controle op overbewoning door gemeenten mogelijk te maken worden alle gemeenten voorafgaand aan de komst van ZZA\u00e2\u20ac\u2122ers door het COA ge\u00c3\u00afnformeerd en dienen alle ZZA\u00e2\u20ac\u2122ers zich in te schrijven in de GBA van de gemeente waarin zij als ZZA\u00e2\u20ac\u2122er gehuisvest zijn. Bovendien bestaat de mogelijkheid dat in geval van overbewoning danwel andere vormen van aantoonbaar overlast op verzoek van gemeenten door het COA zal worden bezien of de ZZA\u00e2\u20ac\u2122er kan worden herplaatst in de centrale opvang", "antwoord 3": "De afspraak zoals gemaakt met de gemeenten Amsterdam, Rotterdam en Den Haag houdt in dat de instroom in de ZZA wordt bevroren onder beschikbaarstelling van voldoende aanvullende centrale opvangcapaciteit", "antwoord 4": "Tussen het Rijk en de VNG is bij herhaling overleg gevoerd over de werking van de ZZA-regeling. In overleg tussen partijen is afgesproken dat de ZZA-regeling wordt voortgezet en dat gemeenten zich met COA verstaan als het gaat om de uitvoering van de regeling op lokaal niveau. ]"}