{"Bibliografische_omschrijving": "Vragen van het lid Van Heemst (PvdA) aan de minister van Binnenlandse Zaken en Koninkrijksrelaties over de wet Victor. (Ingezonden 9 juli 2002); Antwoord", "Bestand": "14Kb", "Permalink": "\nhttp://www.geencommentaar.nl/parlando/index.php?action=doc&filename=KVR16129\n", "Inhoud": "Waarom staat de op 26 februari 2002 aangenomen Wet Victor pas op 4 juli in het Staatsblad (Stb. 2002, 348).", "Rubriek": "Criminaliteit en openbare orde (Drugsbestrijding) Criminaliteit en openbare orde (Handhaving openbare orde) Staats- en bestuursrecht (Wetgeving) Volkshuisvesting (Algemeen)", "Trefwoorden": "Drugsbestrijding Openbare orde en veiligheid Stadswijken Wet- en regelgeving Woningen", "Vindplaats": "Kamervragen met antwoord 2001-2002, nr. 1545, Tweede Kamer", "Afkomstig van": "2010212500", "Indiener": "Binnenlandse Zaken en Koninkrijksrelaties (BZK)", "Partij vertegenwoordiger": "<persoon partij=\"PvdA\">Van Heemst</persoon>", "Datum_reaktie": "\n", "Datum_indiening": "2002-08-22", "vraag 1": "Herinnert u zich dat de Eerste Kamer op 26 februari jl. de wet Victor heeft aangenomen? ", "vraag 2": "Waarom staat deze wet pas op 4 juli jl., dus bijna 4 1/2 maand later, in het Staatsblad? ", "vraag 3": "Wat gaat u ondernemen om een effectief gebruik van deze wet en de wet Victoria onder de aandacht van de gemeenten te brengen? ", "antwoord 1": "[Ja", "antwoord 2": "Plaatsing van een wet in het Staatsblad bij initiatiefvoorstellen neemt in het algemeen meer tijd in beslag dan bij regeringsvoorstellen, omdat na aanneming in de Eerste Kamer het voorstel nog de ministerraad dient te passeren. In het onderhavige geval heeft het voorstel in het kader van de behandeling in de ministerraad onderwerp uitgemaakt van intensieve besprekingen tussen de drie betrokken departementen. Hoewel het voorstel, zoals door mijn ambtsvoorganger ook meermalen in het parlement heeft aangegeven, in beginsel positief tegemoet kon worden getreden, bleek het noodzakelijk met name de verenigbaarheid daarvan met het EVRM (andermaal) aan de orde te stellen. Uiteindelijk bleken er, ondanks de verreikendheid van het voorstel (onder meer op het punt van onteigening met het oog op de handhaving van de openbare orde) geen verdere beletselen op dit vlak te bestaan en heeft de ministerraad met het voorstel ingestemd. Vervolgens is plaatsing in het Staatsblad ge\u00c3\u00abntameerd, doch daarbij moesten uiteraard wel de normale formaliteiten worden vervuld. Ik verwijs in dit verband ook naar het Draaiboek voor de wetgeving onder nr. 147, waar wordt opgemerkt dat, nadat een initiatiefvoorstel in de Eerste Kamer is aangenomen, nog het nodige moet worden gedaan alvorens het voorstel wet kan worden en in werking kan treden", "antwoord 3": "Zoals mijn ambtsvoorganger reeds in de Eerste Kamer op 19 februari jl. tijdens de plenaire behandeling van het wetsvoorstel Victor heeft aangegeven, zal het door de ministeries en de VNG opgerichte Steun- en informatiepunt drugs en veiligheid worden gevraagd om de invoering van de wettelijke instrumenten te begeleiden, bijvoorbeeld door het uitbrengen van een handleiding voor gemeentebesturen en het organiseren van studiedagen. Mijn ambtsvoorganger heeft het belang daarvan in die kamer onderstreept en ik sluit mij hierbij volledig aan. Ten aanzien van wet Victoria verwijs ik naar de brief van mijn ambtsvoorganger van 29 mei jl. aan de Voorzitter van de Tweede Kamer waarbij hij die kamer heeft doen toekomen het in de Eerste Kamer op 19 februari aangekondigde rapport Evaluatie van drugsinstrumenten, De gemeentelijke praktijk van het sluiten van panden op grond van artikel 174a van de Gemeentewet en artikel 13b van de Opiumwet. In dit rapport wordt met betrekking tot artikel 174a van de Gemeentewet (Wet Victoria), dat reeds op 26 maart 1997 in werking is getreden, opgemerkt dat de ge\u00c3\u00afnterviewde gemeenten alle goed op de hoogte zijn van het bestaan en het toepassingsbereik van die wet. Zij kennen de mogelijkheden en grenzen van de daarin aan de orde zijnde bevoegdheid. Ik heb op dit moment geen aanleiding te veronderstellen dat dit bij andere gemeenten anders ligt. In de brief van 29 mei heeft mijn ambtsvoorganger wel aangegeven dat beraad plaatsvindt over de bevindingen en conclusies die in dit rapport \u00e2\u20ac\u201c onder andere ten aanzien van die wet \u00e2\u20ac\u201c zijn vervat. Zodra dit beraad is afgerond zal de kamer hierover zonodig worden bericht. ]"}