{"Bibliografische_omschrijving": "Vragen van de leden Albayrak en Middel (beiden PvdA) aan de staatssecretaris van Justitie over de erkenning van documenten uit Noord-Irak. (Ingezonden 22 april 2002); Mededeling", "Bestand": "13Kb", "Permalink": "\nhttp://www.geencommentaar.nl/parlando/index.php?action=doc&filename=KVR15756\n", "Inhoud": "Vragen over beoordeling van documenten (met name huwelijksakten) uit Noord-Irak ten behoeve van een aanvraag voor gezinsvorming.", "Rubriek": "Staats- en bestuursrecht (Vreemdelingenrecht) Welzijn (Vreemdelingen en asielzoekers)", "Trefwoorden": "Irak Vreemdelingen", "Vindplaats": "Kamervragen met antwoord 2001-2002, nr. 1227, Tweede Kamer", "Afkomstig van": "2010209440", "Indiener": "Justitie (JUS)", "Partij vertegenwoordiger": "<persoon partij=\"PvdA\">Albayrak</persoon>", "Datum_reaktie": "\n", "Datum_indiening": "<persoon partij=\"PvdA\">Middel</persoon>", "vraag 1": "Bent u bekend met het feit dat over de authenticiteit van documenten (met name huwelijksakten) uit Noord-Irak, die ten behoeve van een aanvraag voor gezinsvorming door statushouders worden overgelegd, door de IND geen uitspraak wordt gedaan? ", "vraag 2": "Bent u ervan op de hoogte dat de consequentie van deze praktijk is dat personen uit Noord-Irak die over een verblijfsvergunning beschikken, hun partners uit Noord-Irak niet kunnen laten overkomen naar Nederland, terwijl ze overigens aan alle voorwaarden voor gezinsvorming voldoen? ", "vraag 3": "Bent u bereid \u00e2\u20ac\u201c gezien ook het door de regering gehuldigde standpunt dat Noord-Irak feitelijk over een regering beschikt \u00e2\u20ac\u201c te bezien hoe documenten uit Noord-Irak in het kader van gezinsvorming op authenticiteit kunnen worden beoordeeld als verder aan alle andere voorwaarden voor gezinsvorming is voldaan? ", "antwoord 1": "[]"}