{"Bibliografische_omschrijving": "Vragen van het lid De Wit (SP) aan de minister van Sociale Zaken en Werkgelegenheid over het massaontslag bij KPN. (Ingezonden 16 april 2002); Antwoord", "Bestand": "16Kb", "Permalink": "\nhttp://www.geencommentaar.nl/parlando/index.php?action=doc&filename=KVR15751\n", "Inhoud": "Vragen over de re\u00c3\u00able waarde van de ingestelde taskforce voor het massontslag bij KPN.", "Rubriek": "Communicatie, media en informatievoorziening (Telecommunicatie) Inkomen en rechtspositie (Ontslagen)", "Trefwoorden": "Ontslagen Telecommunicatie", "Vindplaats": "Kamervragen met antwoord 2001-2002, nr. 1222, Tweede Kamer", "Afkomstig van": "2010209200", "Indiener": "Sociale Zaken en Werkgelegenheid (SZW)", "Partij vertegenwoordiger": "<persoon partij=\"SP\">De Wit</persoon>", "Datum_reaktie": "\n", "Datum_indiening": "2002-06-04", "vraag 1": "Herinnert u zich de instelling van een taskforce voor het massaontslag bij KPN? ", "vraag 2": "Hoeveel mensen zijn inmiddels ontslagen en hoevelen is nog ontslag aangezegd? ", "vraag 3": "Hoeveel mensen zijn bij KPN en daar buiten weer aan het werk gegaan? ", "vraag 4": "Klopt het dat het gemiddeld aantal dienstjaren onder de mensen die ontslagen worden omstreeks de achtentwintig jaren is? Vindt u het rechtvaardig dat deze mensen als ze jonger dan 55 jaar zijn, te maken krijgen met een forse inkomensachteruitgang met maximale aanvulling van de Wet Inkomensvoorziening Oudere en gedeeltelijk Arbeidsongeschikte werkloze Werknemers (IOAW) tot 1300 euro per maand? ", "vraag 5": "Wat is de taskforce meer dan de beschikbaarheid van een paar computers en hulp bij het schrijven van een sollicitatiebrief? ", "vraag 6": "Bent u bereid, nu in de praktijk behoefte blijkt aan om- en bijscholing, te bewerkstelligen dat het Uitvoeringsinstituut Werknemers Verzekeringen (UWV) daartoe de ruimte geeft door niet onverkort vast te houden aan de sollicitatieplicht? Ook als dat langer dan een jaar is? ", "antwoord 1": "[Ja", "antwoord 2": "KPN heeft laten weten dat er begin 2002 aan circa 2700 medewerkers bij KPN is aangezegd dat zij per direct dan wel per een later moment in 2002 boventallig worden en als gevolg hiervan worden ontslagen. Daarvan hadden begin mei ongeveer 750 medewerkers ander werk gevonden, binnen of buiten KPN. Tot nu toe heeft het CWI voor ongeveer 1150 medewerkers een ontslagvergunning afgegeven", "antwoord 3": "Volgens KPN is het gemiddeld aantal dienstjaren van de boventallige KPN-medewerkers 13 jaar. De gemiddelde leeftijd van deze medewerkers is 40 jaar. Naast de medewerkers die boventallig zijn, maken circa 2200 medewerkers gebruik van een regeling om KPN te verlaten onder de condities van de KPN-VUT-regeling. Het gemiddeld aantal dienstjaren van deze vrijwillige vertrekkers is 29 jaar. Ontslagen KPN-werknemers komen, indien zij voldoen aan de criteria, allereerst terecht in de WW. De Ioaw beoogt een afzonderlijke inkomensvoorziening te treffen voor oudere, langdurig werkloze werknemers of jongere gedeeltelijk arbeidsongeschikte werknemers waardoor deze na afloop van de WW-uitkering niet op de bijstand zijn aangewezen. Daarmee worden deze werknemers gevrijwaard van de vermogenstoets van de Abw. Aard en doel van de Ioaw zijn niet die van een loongerelateerde uitkering maar van een op het sociaal minimum afgestemde sociale voorziening", "antwoord 4": "De taskforce KPN is ingesteld op 6 november 2001. In deze taskforce zijn het ministerie van SZW, KPN, de Centrale Ondernemingsraad van KPN, de uitvoeringsorganisaties CWI en UWV en de bij het ontslag van KPN betrokken vakbonden vertegenwoordigd. In de taskforce bundelen deze partijen hun expertise ten behoeve van een goede afwikkeling van het collectief ontslag bij KPN en de herplaatsing van de werknemers. De taskforce biedt aan de deelnemende partijen de gelegenheid om te overleggen over de gewenste aanpak, om hun inspanningen op elkaar af te stemmen, om duidelijkheid te bieden over de van toepassing zijnde regelingen en de beschikbare budgetten, om knelpunten op te lossen bij voorkeur voordat ze tot problemen leiden en om erop toe te zien dat voldoende resultaat wordt bereikt. De taskforce treedt niet in de bevoegdheden en verantwoordelijkheden van de deelnemende organisaties. Dit betekent ook dat de begeleiding van de met ontslag bedreigde werknemers plaats heeft gevonden vanuit de mobiliteitsorganisatie van KPN. Wel heeft de instelling van de taskforce ertoe geleid dat de KPN zicht heeft gekregen op grote contingenten vacatures bij een aantal grote werkgevers en sectoren, dat de van toepassing zijnde regelingen zijn ge\u00c3\u00afnventariseerd, dat KPN met zowel de CWI als met de UWV goede werkafspraken heeft gemaakt, bijvoorbeeld over de afstemming van de intake-activiteiten bij KPN en CWI, en dat de aanvraag van het collectief ontslag door de CWI centraal wordt afgehandeld. De partijen hebben elkaar dus sneller weten te vinden, de juiste instrumenten zijn bijtijds ingezet (zie ook onder vraag 6), bureaucratische obstakels zijn zoveel mogelijk weggenomen voor de werknemers en de centrale ontslagafhandeling maakte een zorgvuldige en uniforme behandeling van de ontslagaanvragen mogelijk. Aangezien de noodzakelijke werkzaamheden voor de ontslagtaken en voor bemiddeling en re\u00c3\u00afntegratie nu lopen en de betrokken organisaties elkaar nu goed kunnen vinden, is de taskforce met ingang van dinsdag 14 mei jl. opgeheven", "antwoord 5": "Een snelle werkhervatting van de betrokken werknemers is van groot belang, bij voorkeur voordat het ontslag is ingetreden. Om dit te bereiken, worden op basis van de Wet Experimenten WW reeds voorafgaand aan het ontstaan van de werkloosheid trajecten ingezet, die bijvoorbeeld kunnen bestaan uit sollicitatietrainingen of een kortdurende scholing. Gelet op de ruime werkervaring en het gemiddelde scholingsniveau verwacht ik dat een grote groep met ontslag bedreigde werknemers met deze geboden hulp door zal stromen naar ander werk. Degenen voor wie dit niet het geval is, kunnen gaan deelnemen aan scholing, als een aanvullende opleiding nodig is om aan werk te komen. Deze scholing moet gelet op onder meer arbeidsmarktpositie en werkervaring noodzakelijk zijn. Gedurende deze scholing is betrokkene niet verplicht te solliciteren. Uiteraard moet na afloop daarvan wel worden gesolliciteerd. De Wet Experimenten WW biedt de mogelijkheid de maximale scholingsduur van een jaar te verlengen tot uiterlijk twee jaar, als er geen kortere opleiding is om de vereiste kwalificatie te halen. In dat geval is de periode waarin een vrijstelling van de sollicitatieplicht geldt, eveneens verlengd. Overigens moet worden opgemerkt dat uit onderzoek is gebleken dat in het merendeel van de gevallen een kortdurende opleiding voldoende is om weer aan het werk te gaan. ]"}