{"Bibliografische_omschrijving": "Aanvullende vragen van de leden Atsma en Mosterd(beiden CDA) aan de minister van Landbouw, Natuurbeheer en Visserij over de uitbetaling van EU-slachtpremies aan MKZ-boeren. (Ingezonden 21 december 2001); Antwoord", "Bestand": "15Kb", "Permalink": "\nhttp://www.geencommentaar.nl/parlando/index.php?action=doc&filename=KVR15240\n", "Inhoud": "Aanvullende vragen inzake uitbetaling van EU-slachtpremies aan boeren, voor BSE-ruimingen ten opzichte van mogelijkheden bij MKZ (aanvulling op eerdere vragen van zelfde Kamerleden, Aanhangsel Handelingen 2001-2002, nr. 379).", "Rubriek": "Veeteelt (Intensieve veehouderij) Veeteelt (Runderen) Veeteelt (Subsidies) Veeteelt (Veeziekten)", "Trefwoorden": "Intensieve veehouderij Mond- en klauwzeer Premieregelingen Runderen Slachterijen Veeziekten", "Vindplaats": "Kamervragen met antwoord 2001-2002, nr. 779, Tweede Kamer", "Afkomstig van": "2010203910", "Indiener": "Landbouw, Natuurbeheer en Visserij (LNV)", "Partij vertegenwoordiger": "<persoon partij=\"CDA\">Atsma</persoon>", "Datum_reaktie": "\n", "Datum_indiening": "<persoon partij=\"CDA\">Mosterd</persoon>", "vraag 1": "Is het u bekend dat Brussel toestaat dat voor om veterinaire redenen gedode dieren (bijvoorbeeld door BSE-ruimingen via slachterijen) premie betaald wordt indien aan de overige voorwaarden wordt voldaan? ", "vraag 2": "In welke opzicht verschilt de regeling met betrekking tot slachtpremies voor bij BSE gedode dieren met die van bij MKZ gedode dieren? ", "vraag 3": "Is in de vergoeding van de geruime dieren van een vleesveebedrijf gebaseerd op de vervangingswaarde een component opgenomen voor de gederfde slachtpremie? ", "vraag 4": "Werden in de toezichtgebieden uit welzijnsoverwegingen dieren geruimd? Zo ja, kunt u verklaren en uitleggen dat deze bedrijven geen schade hebben geleden vanwege het niet uitkeren van de slachtpremie? ", "vraag 5": "Werd het verstrekken van de slachtpremie onmogelijk door het standpunt van de Nederlandse regering? ", "vraag 6": "Was de slachtpremietoekenning aan de gedurende veehouders mogelijk geweest wanneer de regering direct of indirect de gedeclareerde slachtpremie in Brussel had ingediend en zich niet had verzet tegen toekenning van deze premie? ", "vraag 7": "Is het niet meewerken aan het verkrijgen van slachtpremie voor geruimde en gedode dieren bewust regeringsbeleid en staat u nog steeds achter dit beleid? ", "antwoord 1": "[Ja, de Europese Commissie heeft voor bepaalde BSE-gevallen voorzien in de mogelijkheid van slachtpremie. In Verordening (EG) 2777/2000 van de Commissie inzake het testen op BSE van runderen ouder dan 30 maanden en de bijzondere opkoopregeling voor runderen (ter destructie of opslag) is expliciet bepaald dat de \u00e2\u20ac\u201c in dit kader geslachte \u00e2\u20ac\u201c runderen in aanmerking komen voor slachtpremie. Daartoe behoren derhalve ook de runderen die positief op de BSE-test in dit kader hebben gereageerd. In de voor MKZ-relevante regelgeving ontbreekt een vergelijkbare voorziening. Op grond daarvan acht de Nederlandse regering het niet mogelijk om slachtpremie uit te keren voor MKZ-geruimde runderen", "antwoord 2": "Nee, een component voor de gederfde slachtpremie is niet aan de orde omdat aan de veehouders op basis van de Gezondheids- en welzijnswet voor dieren een tegemoetkoming in de schade wordt verstrekt, op basis van vervangingswaarde van de betrokken dieren", "antwoord 3": "Ja, in de toezichtgebieden zijn uit welzijnsoverwegingen dieren geruimd. In het kader van de betrokken opkoopregeling werd uitgegaan van de vervangingswaarde van de dieren. In de gegeven omstandigheden was geen sprake van slacht in de zin van de slachtpremieregeling. Ingeval dieren niet in aanmerking komen voor slachtpremie kan mijns inziens evenmin sprake zijn van schade als gevolg van het niet uitkeren van slachtpremie", "antwoord 4": "Zoals ik u in de beantwoording van eerdere vragen van de heren Atsma en Mosterd over dit onderwerp heb gemeld , heb ik mijn standpunt ter bevestiging voorgelegd aan de Europese Commissie. De Commissie heeft mij eind januari jl. laten weten dat zij een grondig onderzoek nodig acht met betrekking tot de onderhavige kwestie, waarbij verschillende diensten betrokken zijn. Om deze reden is de Commissie nog niet in staat geweest mijn brief te beantwoorden. Zij zal dit doen na voornoemd onderzoek. Ik zal u na ommekomst van het antwoord van de Commissie terzake nader informeren. ]"}