{"Bibliografische_omschrijving": "Vragen van het lid Hermann (GroenLinks) aan de ministers van Volksgezondheid, Welzijn en Sport en van Economische Zaken over de voorgenomen fusie tussen de zorgverzekeraars VGZ, Univ\u00c3\u00a9 en IZA. (Ingezonden 7 maart 2002); Antwoord", "Bestand": "13Kb", "Permalink": "\nhttp://www.geencommentaar.nl/parlando/index.php?action=doc&filename=KVR15350\n", "Inhoud": "Vragen over de mededingingsaspecten van de voorgenomen fusie van verzekeraars VGZ, Univ\u00c3\u00a9 en IZA.", "Rubriek": "Gezondheidszorg (Zorgverzekeringen) Handel en economie (Mededinging)", "Trefwoorden": "Mededinging Ziektekostenverzekeraars", "Vindplaats": "Kamervragen met antwoord 2001-2002, nr. 874, Tweede Kamer", "Afkomstig van": "2010207760", "Indiener": "Volksgezondheid, Welzijn en Sport (VWS)", "Partij vertegenwoordiger": "<persoon partij=\"GroenLinks\">Hermann</persoon>", "Datum_reaktie": "\n", "Datum_indiening": "2002-03-21", "vraag 1": "Bent u bekend met het voornemen van de verzekeraars VGZ, Univ\u00c3\u00a9 en IZA om te fuseren tot de grootste zorgverzekeraar van Nederland? ", "vraag 2": "Hoe beoordeelt u deze fusie, mede in het licht van de aanbeveling van de IBO-werkgroep \u00c2\u00abMarktconcentraties in de zorgsector\u00c2\u00bb dat concentraties van ziekenfondsen een belemmering vormen voor de sturingsvisie van het kabinet; een sturingsvisie die het kabinet in haar nota \u00c2\u00abVraag aan bod\u00c2\u00bb nogmaals heeft bekrachtigd? ", "antwoord 1": "[Ja", "antwoord 2": "In zijn reactie op het rapport van de IBO-werkgroep \u00c2\u00abMarktconcentraties in de zorgsector\u00c2\u00bb heeft het kabinet het volgende geschreven: \u00c2\u00abDe rol die ziekenfondsen innemen in het tweede compartiment kenmerkt zich door een zekere spanning. Enerzijds moeten zij onderling concurreren op een regionale of zelfs landelijke markt, anderzijds wordt van hen verwacht dat zij in een regio als regisseur optreden, wat alleen kan met een marktaandeel dat voldoende groot is om zelfstandig en effectief te kunnen onderhandelen met aanbieders van zorg. Deze beide rollen kunnen goed samengaan, maar er kunnen ook problemen ontstaan. Het kabinet streeft naar een situatie waarin in iedere regio meer dan \u00c3\u00a9\u00c3\u00a9n zorgverzekeraar actief is op de markt. Dit is iets anders dan streven naar de aanwezigheid van een dominante zorgverzekeraar in elke regio. Dominantie is overigens niet per definitie bezwaarlijk, zolang er geen misbruik van een machtspositie wordt gemaakt en de bereikte onderhandelingsresultaten in het belang van de verzekerden en een doelmatige uitvoering van de verzekering zijn\u00c2\u00bb. Deze opvatting huldigt het kabinet nog steeds. Wij zullen de ontwikkelingen bij VGZ, Univ\u00c3\u00a9 en IZA dan ook zorgvuldig volgen. In dit verband is het van belang te wijzen op het concentratietoezicht door de Nederlandse Mededingingsautoriteit (NMa) op basis van de Mededingingswet. De NMa ziet immers toe op fusies die (kunnen) leiden tot economische machtsposities. De voorgenomen fusie van VGZ, Univ\u00c3\u00a9 en IZA moet op grond van de Mededingingswet bij de NMa ter toetsing worden aangemeld. Naar wij hebben begrepen zullen partijen dat ook doen. ]"}