{"Bibliografische_omschrijving": "Vragen van het lid Marijnissen (SP) over een bezoek van het staatshoofd aan Indonesi\u00c3\u00ab (Ingezonden 13 juni 1995); Antwoord", "Bestand": "14Kb", "Permalink": "\nhttp://www.geencommentaar.nl/parlando/index.php?action=doc&filename=KVR1562\n", "Inhoud": "Internationale betrekkingen (Staatsbezoeken)", "Rubriek": "Indonesi\u00c3\u00ab Mensenrechten", "Trefwoorden": "Kamervragen met antwoord 1994-1995, nr. 915, Tweede Kamer", "Vindplaats": "Buitenlandse Zaken", "Afkomstig van": "<persoon partij=\"SP\">Marijnissen</persoon>", "Indiener": "\n", "Partij vertegenwoordiger": "1995-06-14", "Datum_reaktie": "1995-06-13", "Datum_indiening": "KVR1562", "vraag 1": "Wat zijn de redenen, waarom het kabinet heeft bevorderd dat het staatshoofd in augustus een staatsbezoek aflegt aan Indonesie\u00c2\u00a8? ", "vraag 2": "Erkent u dat de Indonesische president verantwoordelijk is voor de door van duizenden mensen, rechten aan onafhankelijke vakbonden ontzegt, de vrije pers muilkorft en verantwoordelijk is voor de wederrechtelijke bezetting van Oost-Timor? Zo ja, is het dan verantwoord dat het staatshoofd bij genoemde president te gast is? ", "vraag 3": "Bent u bereid het staatsbezoek in heroverweging te nemen, zodat het staatshoofd niet ten overstaan van de gehele wereldgemeenschap oog in oog hoeft te staan met iemand die zo weinig respect toont voor mensenrechten? ", "vraag 4": "Zo neen, bent u dan bereid te bevorderen, dat het staatshoofd tijdens haar bezoek aan Indonesie\u00c2\u00a8 niet alleen deelneemt aan de officie\u00c2\u00a8le plichtplegingen, maar ook belangstelling aan de dag legt voor oppositionele groepen, in het bijzonder mensenrechten- organisaties? Gaat u zich inspannen voor een bezoek aan bijvoorbeeld het mensenrechteninstituut van de heer Princen of het Instituut voor Rechtshulp Djakarta (LBH); de oppositionele groep van 50 of de verboden vakcentrale SBSI? ", "antwoord 1": "[Staatsbezoeken houden geen ontkenning in van feiten waarop een regering kritiek heeft of in het verleden heeft gehad. Zij dienen onder andere tot bevestiging dan wel verbetering van relaties tussen landen. Voor wat betreft het tijdstip van het Staatsbezoek aan Indonesie\u00c2\u00a8 zijn beide regeringen overeengekomen, de behoefte daaraan zo spoedig mogelijk tot uitdrukking te brengen na de viering van 50 jaar Indonesische onafhankelijkheid. Evenals andere landen pleegt de Nederlandse Regering haar opvattingen over de mensenrechtensituatie in Indonesie\u00c2\u00a8 naar voren te brengen in openhartige gesprekken met de Indonesische regering, rechtstreeks dan wel \u00e2\u20ac\u201c al dan niet gezamenlijk met andere landen \u00e2\u20ac\u201c via diplomatieke kanalen in bilateraal of multilateraal verband. Over de inhoud van de voorbereidingen van Staatsbezoeken worden geen mededelingen gedaan; ook in het onderhavige geval kan van deze gedragslijn niet worden afgeweken. De Regering is, zoals uit het bovenstaande moge blijken, niet bereid, het Staatsbezoek aan Indonesie\u00c2\u00a8 in heroverweging te nemen. ]"}