{"Bibliografische_omschrijving": "Vragen van het lid Van Bommel (SP) aan de ministers van Justitie en van Binnenlandse Zaken en Koninkrijksrelaties over de voorafgaande arrestaties inzake het huwelijk van Kroonprins Willem-Alexander en prinses M\u00c3\u00a1xima. (Ingezonden 7 februari 2002); Antwoord", "Bestand": "16Kb", "Permalink": "\nhttp://www.geencommentaar.nl/parlando/index.php?action=doc&filename=KVR15232\n", "Inhoud": "Hoeveel mensen zijn gearresteerd voorafgaand, tijdens en na het huwelijk van kroonprins Willem-Alexander en prinses Maxima op 2 februari 2002. Welke redenen waren er om deze mensen te arresteren.", "Rubriek": "Staats- en bestuursrecht (Koninklijk huis) Strafrecht en strafprocesrecht (Dwangmiddelen)", "Trefwoorden": "Aanhoudingen Koninklijk huis", "Vindplaats": "Kamervragen met antwoord 2001-2002, nr. 773, Tweede Kamer", "Afkomstig van": "2010205790", "Indiener": "Justitie (JUS)", "Partij vertegenwoordiger": "<persoon partij=\"SP\">Van Bommel</persoon>", "Datum_reaktie": "\n", "Datum_indiening": "2002-03-08", "vraag 1": "Hoeveel mensen zijn er gearresteerd voorafgaand, tijdens en na het huwelijk van Kroonprins Willem-Alexander en prinses M\u00c3\u00a1xima op 2 februari jl.? Op welke gronden zijn zij gearresteerd? ", "vraag 2": "Was er naar uw oordeel voor elke persoon voldoende grond voor arrestatie? ", "vraag 3": "Kan per gearresteerde persoon aangegeven worden hoe lang en op welke grond hij/zij is vastgehouden? ", "vraag 4": "Wat was de reden om een circa 60-jarige vrouw met een bord met de tekst \u00c2\u00abLiever een dwaze moeder, dan een domme prins\u00c2\u00bb te arresteren? Wat vindt u ervan dat zij is gearresteerd? ", "vraag 5": "Waar ligt naar uw mening de grens tussen de vrijheid van meningsuiting en het op basis van de noodverordening arresteren \u00c2\u00abwegens belediging van het Koninklijk Huis\u00c2\u00bb? ", "vraag 6": "Is bij geen enkele arrestatie sprake van schending van de vrijheid van meningsuiting? ", "vraag 7": "Is het waar dat het programmamakers van het satirische EO-programma \u00c2\u00abBunkeren\u00c2\u00bb op dwingende en/of dreigende manier afgeraden is hun programmaplannen uit te voeren? Op welke wijze vond dit plaats? ", "vraag 8": "Wat is uw mening over het optreden en handelen van de politie en de CID in verband met deze geplande TV-opname? ", "vraag 9": "Waarom hebben politie en CID zich beziggehouden met plannen voor opnamen van een satirisch programma rondom het huwelijk? ", "vraag 10": "Hoe zijn de politie en CID de programmaplannen te weten gekomen? Is er sprake geweest van aftappen of andere bijzondere opsporingsmethoden? Zo ja, welke en waarom? ", "antwoord 1": "[Tussen vrijdagmiddag 1 februari 2002 en zondagavond 3 februari 2002 zijn door de politie in totaal 34 aanhoudingen verricht. Van deze aanhoudingen waren er 10 niet gerelateerd aan het huweliijk, waaronder 6 aanhoudingen voor openbare dronkenschap. Twee aanhoudingen konden snel als onterecht worden bestempeld. Dit betrof een man die achteraf ten onrechte werd verdacht van mededaderschap en een oudere mevrouw die als gevolg van een misverstand is overgebracht naar het politiebureau. Aan beide personen zijn excuses aangeboden. 22 aanhoudingen hielden verband met het huwelijk. Deze aanhoudingen kunnen worden onderverdeeld in de volgende categorie\u00c3\u00abn: 6 personen voor beledigende teksten, gedragingen of uitlatingen. 4 personen voor belediging van politie-ambtenaren. 4 personen voor het gooien van voorwerpen naar de Gouden Koets. 5 personen voor het niet voldoen aan een bevel/vordering. 2 voor openlijke geweldpleging. 1 voor bekladding van het wegdek", "antwoord 2": "In \u00c3\u00a9\u00c3\u00a9n zaak van de 22 hierboven vermelde aangehouden personen zal de officier van justitie de eerder uitgebrachte dagvaarding intrekken en de zaak seponeren omdat de aangehouden persoon ten onrechte als verdachte is aangemerkt. Deze aanhouding is achteraf onterecht gebleken. Gezien de geconstateerde strafbare feiten was er, behoudens in de drie voormelde gevallen, voldoende grond om over te gaan tot aanhouding", "antwoord 3": "Op grond van het Wetboek van Strafvordering kunnen personen worden opgehouden voor verhoor, waarheidsvinding of onderzoek naar de identiteit. 9 personen zijn op dezelfde dag heengezonden. 11 personen zijn na een dag heengezonden. E\u00c3\u00a9n persoon is na voorgeleiding voor de officier van justitie na 2 dagen heengezonden en een ander is na voorgeleiding aan de officier van justitie na drie dagen, binnen de termijn van de inverzekeringstelling, heengezonden. De laatste twee personen waren gearresteerd voor het gooien van voorwerpen naar de gouden koets. Vijftien personen zijn met een dagvaarding heengezonden. In \u00c3\u00a9\u00c3\u00a9n geval zal de dagvaarding worden ingetrokken, zoals hierboven vermeld. De officier van justitie zal voor de overige personen beoordelen of een dagvaarding al dan niet zal worden uitgebracht. De eerste zitting zal eind april 2002 plaatsvinden", "antwoord 4": "Voorzover bekend is er geen 60-jarige vrouw met een dergelijk bord gearresteerd. Er is, zoals eerder is vermeld, een circa 60-jarige vrouw als gevolg van een misverstand overgebracht naar het politiebureau. Zij was niet de draagster van genoemd bord", "antwoord 5": "De personen die op deze grond zijn aangehouden, zijn niet aangehouden op grond van een noodverordening, doch op basis van het Wetboek van Strafrecht. Bij het optreden is als uitgangspunt genomen de vrijheid van meningsuiting binnen de grenzen van de wet. Bij elke aanhouding is door de politie in overleg met het Openbaar Ministerie beoordeeld of de grenzen van de wet zijn overtreden", "antwoord 6": "Gelet op de geconstateerde gedragingen, dan wel uitlatingen of teksten heeft de hoofdofficier van justitie zich op het standpunt gesteld dat alle aanhoudingen terecht hebben plaatsgevonden, behoudens de bij vraag 2 genoemde gevallen. De rechter zal, in de gevallen waar dagvaardingen zijn of worden uitgebracht, over de aanhoudingen nog oordelen", "antwoord 7": "Op 1 februari 2002 te 14.00 uur heeft er op uitnodiging van het Beleidscentrum op het hoofdbureau van politie te Amsterdam een gesprek plaatsgevonden tussen de producent van het programma en de manager informatieve programma\u00e2\u20ac\u2122s van de EO enerzijds en enkele personen van het regiokorps Amsterdam Amstelland, de RVD, de gemeente en de dienstdoende officier van justitie anderzijds. Het gesprek had voornamelijk een informatief en constructief karakter. De medewerkers van de EO hebben de andere aanwezigen hun plannen meegedeeld. Daarbij is aangeraden om de opnamen te doen plaatsvinden buiten de veiligheidsring of op een andere dag. Bij het gesprek toonden de medewerkers van de EO begrip voor het standpunt van de autoriteiten", "antwoord 8": "Gelet op het op vraag 7 gegeven antwoord ben ik van oordeel dat het optreden goed en constructief is geweest. De medewerkers van de EO zijn op de dag zelf uitgenodigd en vervolgens tijdens een gesprek gewezen op de risico\u00e2\u20ac\u2122s van hun optreden", "antwoord 9": "Bij een Regionale Centrale Informatie Eenheid was informatie binnengekomen dat een met name genoemde persoon van plan was om op de huwelijksdag de orde te gaan verstoren. Over de plannen werd meegedeeld dat men met een \u00c2\u00ablook-a-like\u00c2\u00bb van de heer Zorreguieta die omringd zou zijn door bodyguards op verschillende locaties zou verschijnen. Men zou uit zijn op ordeverstoringen en een en ander zou geschieden in samenwerking met de pers. Medewerkers van de Centrale informatiedienst zijn in contact getreden met de met name genoemde persoon die desgevraagd heeft meegedeeld dat het om een EO-programma ging. Er zijn geen andere opsporingsmethoden gebruikt. ]"}