{"Bibliografische_omschrijving": "Vragen van het lid Barth (PvdA) aan de minister van Onderwijs, Cultuur en Wetenschappen over het project \u00c2\u00abICT Helpdeskmedewerker in het onderwijs. (Ingezonden 28 november 2001); Antwoord", "Bestand": "14Kb", "Permalink": "\nhttp://www.geencommentaar.nl/parlando/index.php?action=doc&filename=KVR14886\n", "Inhoud": "Vragen over de mogelijkheid tot ondersteuning en stimulering van dit project van het Facilitair Centrum voor Onderwijs te Nijmegen, alsmede van een vergelijkbaar project voor \"Secretari\u00c3\u00able en administratieve ondersteuning in het primair onderwijs\".", "Rubriek": "Basisonderwijs (Bekostiging basisonderwijs) Basisonderwijs (Onderwijspersoneel)", "Trefwoorden": "Bekostiging basisonderwijs Onderwijsondersteunend personeel", "Vindplaats": "Kamervragen met antwoord 2001-2002, nr. 478, Tweede Kamer", "Afkomstig van": "2010202890", "Indiener": "Onderwijs, Cultuur en Wetenschappen (OCW)", "Partij vertegenwoordiger": "<persoon partij=\"PvdA\">Barth</persoon>", "Datum_reaktie": "\n", "Datum_indiening": "2002-01-09", "vraag 1": "Kent u het project \u00c2\u00abICT Helpdeskmedewerker in het onderwijs\u00c2\u00bb dat het Facilitair Centrum voor Onderwijs te Nijmegen in juni 1999 is gestart? Kent u de succesvolle resultaten van dit project? ", "vraag 2": "Bent u op de hoogte van het feit dat het Facilitair Centrum een vergelijkbaar project aan het opzetten is voor \u00c2\u00abSecretari\u00c3\u00able en administratieve ondersteuning in het primair onderwijs\u00c2\u00bb? Deelt u de mening dat dit project een zinvolle bijdrage zou kunnen leveren aan de professionalisering van scholen, ondersteuning van het management en verlaging van de werkdruk van leraren? ", "vraag 3": "Bent u bereid dit project te ondersteunen, en te stimuleren dat meer regio\u00e2\u20ac\u2122s een dergelijke aanpak kiezen? Bent u bijvoorbeeld bereid het (deels) financieel te faciliteren, of te overleggen met de Vereniging Nederlandse Gemeenten, over onder meer de inzet van I/D-banen bij dergelijke projecten? ", "antwoord 1": "[Ja. Dit project is overigens niet uniek. Ook in een aantal andere regio\u00e2\u20ac\u2122s zijn dergelijke voorbeelden van samenwerking gestart. In het algemeen bieden de projecten een breed spectrum van ondersteuning. Van heel concreet en praktisch (operationeel technisch beheer) tot cursussen en beleidsadvisering. Door ROC\u00e2\u20ac\u2122s, lerarenopleidingen en gemeenten wordt op verschillende manieren gewerkt aan scholing en inzet van personeel en studenten. In aanvulling hierop meld ik u het volgende. De stichting Ict op School \u00e2\u20ac\u201c die dit jaar met instemming van de Tweede Kamer is opgericht \u00e2\u20ac\u201c heeft als een van de hoofddoelen om lokale en regionale samenwerkingsverbanden op het vlak van integratie van ICT in het onderwijs te stimuleren en te ondersteunen. Financiering van deze verbanden kan plaatsvinden uit verschillende bronnen: via schoolbegeleidingsmiddelen en middelen voor expertisecentra, middelen van gemeenten en ook uit de lumpsum en ict-budgetten van de scholen. Daar waar dit relevant kan zijn voor het stimuleren van samenwerking op het gebied van ICT, zal door de stichting worden gewezen op de mogelijkheden van gebruik van regelingen die de werkgelegenheid stimuleren", "antwoord 2": "Ja, ik ben ervan op de hoogte dat het Facilitair Centrum bezig is een project voor te bereiden om scholen \u00e2\u20ac\u201c tijdelijke \u00e2\u20ac\u201c secretari\u00c3\u00able en administratieve ondersteuning te bieden. Ik voorzie dat een dergelijk project de werkdruk bij de organisatie van de school kan verlagen. Overigens voorzie ik bij de praktische uitvoering van dit idee een aantal knelpunten op het gebied van de beschikbaarheid van personeel in drukke perioden van het schooljaar. Ik zal de ontwikkelingen van dit project blijven volgen", "antwoord 3": "Voor werkgelegenheidsprojecten en projecten ter verlaging van de werkdruk van leraren bestaan fiscale regelingen en werkgelegenheidsprojecten, zoals ID-banen. De regelingen van OCenW verzetten zich niet tegen de ID-banen. Aanvragen hiervoor dienen door scholen te worden ingediend bij de gemeente. De gemeente beslist over de toewijzing van ID-banen/subsidi\u00c3\u00abring. Ik heb in augustus 2000 een brochure uitgebracht met informatie over ID-banen in het onderwijs, bestemd voor de onderwijssectoren primair onderwijs, voortgezet onderwijs en beroepsonderwijs en volwasseneneducatie. ]"}