{"Bibliografische_omschrijving": "Vragen van de leden Visser-van Doorn en De Haan (beiden CDA) aan de staatssecretaris van Onderwijs, Cultuur en Wetenschappen, dhr. Van der Ploeg, over de Hortus in Haren. (Ingezonden 6 maart 2002); Antwoord", "Bestand": "17Kb", "Permalink": "\nhttp://www.geencommentaar.nl/parlando/index.php?action=doc&filename=KVR15323\n", "Inhoud": "Aanvullende vragen op eerder gestelde vragen door het lid Halsema, ingezonden 28 februari 2002, om de 360 jaar oude hortus in Haren te behouden.", "Rubriek": "Cultuur en taal (Subsidies) Natuur (Overig)", "Trefwoorden": "Cultuursubsidies Nationale parken", "Vindplaats": "Kamervragen met antwoord 2001-2002, nr. 845, Tweede Kamer", "Afkomstig van": "2010207670", "Indiener": "Onderwijs, Cultuur en Wetenschappen (OCW)", "Partij vertegenwoordiger": "<persoon partij=\"CDA\">Visser-van Doorn</persoon>", "Datum_reaktie": "\n", "Datum_indiening": "<persoon partij=\"CDA\">De Haan</persoon>", "vraag 1": "Bent u bekend met het feit dat de Hortus in Haren na het Noorderdierenpark de grootste attractie is in de Noordelijke provincies? ", "vraag 2": "Bent u bekend met het feit dat om de Hortus te behouden een garantie nodig is om de benodigde lening van 2.3 miljoen te kunnen verkrijgen? ", "vraag 3": "Bent u bereid \u00e2\u20ac\u201c gezien de cultuurhistorische en natuurhistorische betekenis van de Hortus \u00e2\u20ac\u201c het voortouw te nemen, en in overleg met uw collegae van Landbouw, Natuurbeheer en Visserij en van Economische Zaken alsmede de universiteit van Groningen te werken aan mogelijkheden om deze lening te realiseren opdat deze Hortus behouden blijft? ", "vraag 4": "Wilt u eveneens de mogelijkheid onderzoeken om deze 360 jaar oude Hortus te erkennen als cultureel erfgoed, zodat zij in aanmerking kan komen voor de subsidieregelingen ten behoeve van onder andere musea? ", "antwoord 1": "[De Vereniging Vrienden van de Hortus \u00c2\u00abHenricus Munting\u00c2\u00bb heeft mij bij brief van 26 februari jl. laten weten dat de Hortus Botanicus in Haren jaarlijks 70 000 \u00c3\u00a0 80 000 bezoekers trekt. Dit is een aanzienlijk aantal. Groningen en Friesland kennen ook andere culturele instellingen en attracties die vergelijkbare of zelfs aanzienlijk hogere bezoekersaantallen trekken. Te denken valt daarbij aan instellingen als het Groninger Museum en attracties als de Sneekweek", "antwoord 2": "De Vereniging Vrienden van de Hortus \u00c2\u00abHenricus Munting\u00c2\u00bb heeft mij 26 februari jl. schriftelijk laten weten dat de onderhandelingen van de Hortus Botanicus met potenti\u00c3\u00able financiers niet hebben geleid tot een oplossing van de financi\u00c3\u00able problemen waarmee de Hortus kampt. Nadere details komen in de brief niet aan de orde. Uit de media heb ik berichten vernomen dat de Hortus problemen zou hebben een lening af te sluiten die door potenti\u00c3\u00able financiers als voorwaarde zou zijn gesteld. Over de status van deze berichten en de details van de onderhandelingen ben ik niet ge\u00c3\u00afnformeerd", "antwoord 3": "Noch de Hortus Botanicus zelf, noch de gemeente Haren, provincie Groningen of Rijksuniversiteit Groningen hebben na het stuklopen van de onderhandelingen met potenti\u00c3\u00able financiers een beroep op mij gedaan om de Hortus Botanicus voor sluiting te behoeden. Om deze reden, maar ook om inhoudelijke redenen, zie ik geen aanleiding hiertoe stappen te ondernemen", "antwoord 4": "Een erkenning als cultureel erfgoed behoort niet als zodanig tot mijn beleidsinstrumenten. Onroerende goederen kunnen wel aangemerkt worden als rijksmonument, waardoor zij onder de bescherming van de Monumentenwet vallen. Hiertoe kunnen belanghebbenden een verzoek indienen bij de Rijksdienst voor de Monumentenzorg. De gebouwen of tuinen van de Hortus Botanicus staan niet als rijksmonument geregistreerd. Het staat de Hortus Botanicus evenwel vrij om net als andere culturele instellingen in Nederland subsidieaanvragen in te dienen in het kader van de cultuurnota. ]"}