{"Bibliografische_omschrijving": "Vragen van het lid Hoekema (D66) aan de staatssecretaris van Justitie over seksueel misbruik en Stichting Samah. (Ingezonden 8 februari 2002); Mededeling", "Bestand": "12Kb", "Permalink": "\nhttp://www.geencommentaar.nl/parlando/index.php?action=doc&filename=KVR15166\n", "Inhoud": "Vragen naar aanleiding van suggesties van de Stichting Samah in de Volkskrant van 31 januari 2002, over seksescheiding, betere begeleiding, kleinschalige opvang en preventie. Deze vragen dienen ter aanvulling op de vragen van het lid Wijn, ingezonden 4 februari 2002, 2010205450.", "Rubriek": "Welzijn (Vreemdelingen en asielzoekers) Welzijn (Vrouwen)", "Trefwoorden": "Vluchtelingen Vrouwenmishandeling", "Vindplaats": "Kamervragen met antwoord 2001-2002, nr. 712, Tweede Kamer", "Afkomstig van": "2010205800", "Indiener": "Justitie (JUS)", "Partij vertegenwoordiger": "<persoon partij=\"D66\">Hoekema</persoon>", "Datum_reaktie": "\n", "Datum_indiening": "2002-03-01", "vraag 1": "Kunt u in aanvulling op de reeds door het lid Wijn op 4 februari jl. gestelde vragen inzake de notitie van het Nidos over seksueel misbruik van vrouwelijke alleenstaande minderjarige asielzoeksters, een reactie geven op de suggesties van de Stichting Samah , zoals seksescheiding, betere begeleiding, kleinschalige opvang en preventie? ", "antwoord 1": "[]"}