{"Bibliografische_omschrijving": "Vragen van het lid Eurlings (CDA) aan de minister van Onderwijs, Cultuur en Wetenschappen over een opleidingsonderneming. (Ingezonden 17 april 2002); Antwoord", "Bestand": "13Kb", "Permalink": "\nhttp://www.geencommentaar.nl/parlando/index.php?action=doc&filename=KVR15644\n", "Inhoud": "Vragen over het voornemen van het bedrijf O&O en de Hogeschool Amsterdam om een opleidingsonderneming te starten.", "Rubriek": "Bedrijfsleven en industrie (Relatie onderwijs - bedrijfsleven) Hoger onderwijs (Universiteiten en hogescholen)", "Trefwoorden": "Hogescholen Relatie onderwijs - bedrijfsleven", "Vindplaats": "Kamervragen met antwoord 2001-2002, nr. 1128, Tweede Kamer", "Afkomstig van": "2010209310", "Indiener": "Onderwijs, Cultuur en Wetenschappen (OCW)", "Partij vertegenwoordiger": "<persoon partij=\"CDA\">Eurlings</persoon>", "Datum_reaktie": "\n", "Datum_indiening": "2002-05-16", "vraag 1": "Kunt u het voornemen bevestigen van het bedrijf O&O en de Hogeschool van Amsterdam om een gezamenlijk opleidingsbedrijf te starten? ", "vraag 2": "Wat is uw opvatting omtrent dit voornemen? ", "vraag 3": "Bent u bereid om deze ontwikkeling en de achtergronden van dit voornemen mee te nemen in het feitenonderzoek dat u de Kamer heeft toegezegd? ", "vraag 4": "Wanneer zal dit toegezegde feitenonderzoek aan de Kamer worden toegezonden? ", "antwoord 1": "[Desgevraagd heeft de voorzitter van het College van Bestuur van de Hogeschool van Amsterdam verklaard dat van een dergelijk voornemen geen sprake is", "antwoord 2": "Zoals ik al eerder heb aangegeven zal ik de motie Hamer, die op 21 maart jl. is ingediend, uitvoeren. In de motie wordt verzocht om alle relevante feiten en signalen uit de afgelopen jaren aan de Algemene Rekenkamer ter beschikking te stellen, zodat de Algemene Rekenkamer deze kan meenemen bij zijn onderzoek. Uitvoering van de motie impliceert uiteraard volledige medewerking aan het onderzoek van de Algemene Rekenkamer. De Algemene Rekenkamer zal u rechtstreeks informeren over zijn planning betreffende het onderzoek. ]"}