{"Bibliografische_omschrijving": "Vragen van de leden Hoekema en Bakker (beiden D66) aan de staatssecretaris van Justitie over de Grand Pair Stichting. (Ingezonden 13 december 2001); Antwoord", "Bestand": "14Kb", "Permalink": "\nhttp://www.geencommentaar.nl/parlando/index.php?action=doc&filename=KVR14967\n", "Inhoud": "Vragen over de Grand Pair Stichting die au pairs plaatst bij ouderen.", "Rubriek": "Arbeid (Werknemers) Welzijn (Ouderen) Welzijn (Vreemdelingen en asielzoekers)", "Trefwoorden": "Buitenlandse werknemers Ouderen Vreemdelingen", "Vindplaats": "Kamervragen met antwoord 2001-2002, nr. 548, Tweede Kamer", "Afkomstig van": "2010203570", "Indiener": "Justitie (JUS)", "Partij vertegenwoordiger": "<persoon partij=\"D66\">Hoekema</persoon>", "Datum_reaktie": "\n", "Datum_indiening": "<persoon partij=\"D66\">Bakker</persoon>", "vraag 1": "Bent u bekend met de Grand Pair Stichting die ten doel heeft au pairs te plaatsen bij ouderen? ", "vraag 2": "Hoe kijkt u aan tegen het feit dat jongeren, die in het kader van het grand pair project naar Nederland willen komen, niet in het bezit worden gesteld van een mvv? ", "vraag 3": "Bent u van mening dat de bepalingen in de Vreemdelingencirculaire met betrekking tot het verblijf als au pair het doel van voornoemde stichting in de weg staan? En waarom bent u deze mening (niet) toegedaan? ", "vraag 4": "Bent u bereid \u00e2\u20ac\u201c indien nodig \u00e2\u20ac\u201c de wet- en regelgeving aan te passen om het initiatief van de Grand Pair Stichting mogelijk te maken? Zo neen, waarom niet? Bent u in dat geval tenminste bereid om een proefproject toe te staan? ", "antwoord 1": "[Ja", "antwoord 2": "De Grand Pair stichting heeft als doelstelling jongeren voor \u00c3\u00a9\u00c3\u00a9n jaar in Nederland te laten verblijven bij alleenstaande ouderen. Daarmee voldoet de stichting niet aan de voorwaarden voor verblijf als au pair als genoemd in artikel 3:43, eerste lid, onder d, van het Vreemdelingenbesluit. In dit artikel is opgenomen dat de au pair in een gastgezin dient te verblijven, bestaande uit twee of meer personen. Dit vereiste is in het Vreemdelingenbesluit vastgelegd om oneigenlijk gebruik van de verblijfsregeling, zoals verkapte vormen van gezinsvorming, tegen te gaan. Ook in paragraaf 2.2 van hoofdstuk 7 van deel B van de Vreemdelingencirculaire is opgenomen dat een au pair in een (eenouder)gastgezin van minimaal twee personen dient te verblijven. Aan jongeren, die in het kader van het Grand Pair project naar Nederland willen komen, wordt geen mvv afgegeven, omdat niet wordt voldaan aan bovengenoemde voorwaarden in de zin van artikel 3:43 van het Vreemdelingenbesluit en hoofdstuk B7 van de Vreemdelingencirculaire. De huidige regelgeving maakt inderdaad dat de Grand Pair stichting haar doelstelling niet kan bereiken", "antwoord 3": "Nee, ik ben niet bereid de wet- en regelgeving aan te passen. Evenmin ben ik bereid een proefproject toe te staan. Het uitgangspunt voor verblijf als au pair is buitenlandse jongeren de gelegenheid te bieden kennis te maken met de Nederlandse samenleving en cultuur, waarbij de au pair geen arbeid in de zin van de wet Arbeid Vreemdelingen mag verrichten. Bij de totstandkoming van de huidige regelgeving rond de toelating van au pairs is er bewust voor gekozen om de regelgeving op deze wijze in te richten, omdat het uitgangspunt voor verblijf als au pair zo het best tot zijn recht komt. Het feit dat verblijf bij een gastgezin bestaand uit slechts \u00c3\u00a9\u00c3\u00a9n persoon niet wordt toegestaan, is geen ongewenst bij-effect van de regelgeving. De betreffende passage is doelbewust opgenomen om verkapte vormen van gezinsvorming tegen te gaan. Ook overigens lijkt het wel uit het oog op een goede opvang van de veelal jonge au-pairs van belang aan deze voorwaarde vast te houden. ]"}