{"Bibliografische_omschrijving": "Vragen van het lid Kant (SP) aan de minister van Volksgezondheid, Welzijn en Sport over priv\u00c3\u00a9-klinieken. (Ingezonden 21 november 2001); Antwoord", "Bestand": "13Kb", "Permalink": "\nhttp://www.geencommentaar.nl/parlando/index.php?action=doc&filename=KVR14773\n", "Inhoud": "Vragen naar aanleiding van artikelen in De Telegraaf en Algemeen Dagblad van 20 november 2001 over de presentatie van \"het grootste netwerk van dagklinieken in Nederland\" en investeringen door zorgverzekeraar Achmea in priv\u00c3\u00a9-klinieken. Deze vragen dienen ter aanvulling op andere vragen terzake van Tweede-Kamerlid Kant, ingezonden 20 november 2001, 2010202490.", "Rubriek": "Bedrijfsleven en industrie (Investeringen) Gezondheidszorg (Zorginstellingen) Gezondheidszorg (Zorgverzekeringen)", "Trefwoorden": "Investeringen Ziekenhuizen Ziektekostenverzekeraars", "Vindplaats": "Kamervragen met antwoord 2001-2002, nr. 394, Tweede Kamer", "Afkomstig van": "2010202660", "Indiener": "Volksgezondheid, Welzijn en Sport (VWS)", "Partij vertegenwoordiger": "<persoon partij=\"SP\">Kant</persoon>", "Datum_reaktie": "\n", "Datum_indiening": "2001-12-14", "vraag 1": "Wat is uw reactie op het initiatief dat als \u00c2\u00abhet grootste netwerk van dagklinieken in Nederland\u00c2\u00bb afgelopen donderdag is gepresenteerd, en wat is uw reactie op de betrokkenheid van zorgverzekeraar Achmea hierbij? 1, 2 ", "vraag 2": "Wat vindt u van het feit dat zorgverzekeraars investeren in priv\u00c3\u00a9-klinieken? ", "vraag 3": "Deelt u de mening dat zorgverzekeraars dit geld beter kunnen investeren in de reguliere zorgsector, zodat alle mensen minder lang hoeven te wachten op zorg? Zo neen, waarom niet? ", "antwoord 1": "[Het samenwerkingsverband heeft mede tot doel de kwaliteit van zorg in de desbetreffende eigenstandige vergunninghoudende ZBC\u00e2\u20ac\u2122s te verbeteren. Daartegen heb ik geen enkel bezwaar. Achmea is in twee\u00c3\u00abrlei zin betrokken: enerzijds als zorgverzekeraar/contractant van zorg en anderzijds via dochtermaatschappij (\u00c2\u00abResidex\u00c2\u00bb) als investeerder", "antwoord 2": "De onderhavige centra zijn geen priv\u00c3\u00a9-klinieken maar ZBC\u00e2\u20ac\u2122s. Een ziekenhuisvoorziening (waaronder ZBC\u00e2\u20ac\u2122s) mag alleen worden gebouwd door een niet-winstbeogende rechtspersoon. Investeren in de zin van financiering is in beginsel geen probleem", "antwoord 3": "Er is hier \u00e2\u20ac\u201c in tegenstelling tot hetgeen de vraag suggereert \u00e2\u20ac\u201c wel degelijk sprake van de reguliere zorgsector. Initiatieven die kunnen bijdragen aan een kortere wachtlijst juich ik van harte toe. ]"}