{"Bibliografische_omschrijving": "Vragen van de leden Duijkers en Van Oven (beiden PvdA) aan de minister van Justitie over de voorgenomen sluiting van een Huis van Bewaring. (Ingezonden 17 januari 2002); Antwoord", "Bestand": "13Kb", "Permalink": "\nhttp://www.geencommentaar.nl/parlando/index.php?action=doc&filename=KVR14958\n", "Inhoud": "Vragen over de voorgenomen sluiting van het Huis van Bewaring de Blokhuispoort in relatie tot de problematiek van het cellentekort.", "Rubriek": "Criminaliteit en openbare orde (Gevangeniswezen en penitentiair recht)", "Trefwoorden": "Gevangeniswezen", "Vindplaats": "Kamervragen met antwoord 2001-2002, nr. 539, Tweede Kamer", "Afkomstig van": "2010204560", "Indiener": "Justitie (JUS)", "Partij vertegenwoordiger": "<persoon partij=\"PvdA\">Duijkers</persoon>", "Datum_reaktie": "\n", "Datum_indiening": "<persoon partij=\"PvdA\">Van Oven</persoon>", "vraag 1": "Bent u bekent met het voornemen van de Dienst Justiti\u00c3\u00able Inrichtingen om tot sluiting over te gaan van het Huis van Bewaring de Blokhuispoort? ", "vraag 2": "Hoe beoordeelt u dit besluit in het licht van de problematiek van het cellentekort zoals dat begin december van het afgelopen jaar en ook dezer dagen naar voren is gekomen? ", "vraag 3": "In hoeverre zou het Huis van Bewaring de Blokhuispoort soelaas kunnen bieden ten behoeve van de insluiting van drugkoeriers die op de luchthaven Schiphol worden gearresteerd? ", "vraag 4": "Bent u bekend met het negatieve advies van de ondernemingsraad over de voorgenomen sluiting van het Huis van Bewaring? Wat is uw oordeel over de onderbouwing van dat advies? ", "antwoord 1": "[Ja", "antwoord 2": "Het besluit ziet niet op reductie van de totale celcapaciteit, maar gaat gepaard met vervangende nieuwbouw in het Noorden van het land (gepland 2005) en elders in het land. Bovendien is voorzien dat daadwerkelijke sluiting pas plaatsvindt na het gereed komen van de nieuwbouw. De sluiting van het huis van bewaring De Blokhuispoort is weliswaar definitief, echter het exacte tijdstip zou nog aan wijziging onderhevig kunnen zijn, indien nieuwe prognoses een verdere uitbreiding van de landelijke capaciteit noodzakelijk maken. In dat geval is het denkbaar dat ook na het gereed komen van de nieuwbouw in Groningen De Blokhuispoort nog enige tijd in gebruik blijft gedurende de periode die nodig is om elders extra capaciteit te realiseren", "antwoord 3": "Aangezien de celcapaciteit in De Blokhuispoort de komende jaren nodig is om in de behoefte aan reguliere celcapaciteit te voorzien, kan De Blokhuispoort geen dienst doen als bijzondere voorziening voor de insluiting van drugkoeriers. In dat opzicht vervult het geen andere rol dan elk ander huis van bewaring", "antwoord 4": "Ja, het advies is bij de totstandkoming van het besluit betrokken. In de brief aan de algemeen directeur van de penitentiaire inrichting Noord wordt uitgebreid ingegaan op de argumenten en voorstellen van de ondernemingsraad en wordt toegelicht waarom niettemin wordt overgegaan tot sluiting. ]"}