{"Bibliografische_omschrijving": "Vragen van de leden Buijs en Mosterd (beiden CDA) aan de minister van Volksgezondheid, Welzijn en Sport over borstkankeronderzoek bij rolstoelgebruikers. (Ingezonden 25 maart 2002); Antwoord", "Bestand": "16Kb", "Permalink": "\nhttp://www.geencommentaar.nl/parlando/index.php?action=doc&filename=KVR15545\n", "Inhoud": "Betreft vragen over problemen die rolstoelgebruikers ondervinden bij het deelnemen aan borstkankeronderzoek.", "Rubriek": "Gezondheidszorg (Ziekten en ziektepreventie) Welzijn (Lichamelijk gehandicapten)", "Trefwoorden": "Kanker Lichamelijk gehandicapten Preventieve gezondheidszorg", "Vindplaats": "Kamervragen met antwoord 2001-2002, nr. 1046, Tweede Kamer", "Afkomstig van": "2010208350", "Indiener": "Volksgezondheid, Welzijn en Sport (VWS)", "Partij vertegenwoordiger": "<persoon partij=\"CDA\">Buijs</persoon>", "Datum_reaktie": "\n", "Datum_indiening": "<persoon partij=\"CDA\">Mosterd</persoon>", "vraag 1": "Bent u op de hoogte van de problemen die rolstoelgebruikers ondervinden bij het deelnemen aan borstkankeronderzoek? Zo ja, kunt u aangeven met welke problemen mensen met een handicap te maken krijgen bij borstkankeronderzoek? Heeft u inzicht in de omvang en de samenstelling van deze groep mensen? ", "vraag 2": "Worden er speciale voorzieningen getroffen, zodat mensen met een handicap kunnen deelnemen aan borstkankeronderzoek? Zo ja, kunt u per relevante handicap aangeven welke voorzieningen dat zijn? Zo neen, waarom niet? ", "vraag 3": "Wat zijn de criteria die worden gehanteerd en tegen elkaar afgewogen bij het treffen van een speciale voorziening voor mensen met een handicap? Deelt u de mening dat de gezondheidszorg in Nederland ook toegankelijk moet zijn voor mensen met een handicap, en dat criteria in het onderhavige geval derhalve zeer zorgvuldig moeten worden gehanteerd en gewogen? ", "antwoord 1": "[Ja. Onlangs attendeerde de Chronisch zieken en Gehandicapten Raad Nederland mij op de kwestie. Al eerder is deze onder mijn aandacht gebracht door een gehandicapte deelneemster aan het bevolkingsonderzoek. Het probleem is meerledig. In de eerste plaats zijn de mobiele units, waar de vrouwen voor het onderzoek heen moeten, niet voorzien van een (til)lift voor rolstoelen. Voorts zijn niet alle standplaatsen voldoende toegankelijk. Vrouwen die enigszins mobiel zijn en rechtop kunnen zitten, kunnen nog in de onderzoeksunit worden geholpen; het r\u00c3\u00b6ntgenapparaat kan worden bijgesteld om de borstfoto\u00e2\u20ac\u2122s in zittende houding te maken. Omdat het bij- en afstellen van het r\u00c3\u00b6ntgenapparaat tijd kost, wordt aan rolstoelgebruikers gevraagd dit van te voren aan te geven en worden met hen andere afspraken gemaakt, zodat de onderzoeken met de nodige aandacht kunnen worden uitgevoerd. In de onderzoeksruimtes is het niet mogelijk om de borstfoto\u00e2\u20ac\u2122s in liggende houding te maken. Het apparaat is hier niet geschikt voor en er is niet voldoende ruimte. De CG-Raad schat de omvang van deze groep rolstoelgebruiksters op meer dan enkele duizenden, mogelijk zelfs enkele tienduizenden. Het gaat om vrouwen tussen de 50 en 75 jaar. Sinds enkele jaren nemen vrouwen in de leeftijdsgroep 70 tot en met 75 jaar deel aan het bevolkingsonderzoek. Hieronder bevinden zich relatief veel vrouwen die slecht ter been zijn, hetgeen de werkdruk binnen de screeningsorganisatie heeft verhoogd", "antwoord 2": "Er zijn voor rolstoelgebruikers speciale regelingen getroffen. In het beginstadium van de screening (ca. tien jaar geleden) zijn enkele van de onderzoeksunits voorzien van een (til)lift. De ervaring hiermee was echter dat daar slechts een hoogst enkele keer gebruik van werd gemaakt. Het hefvermogen van deze liften was te beperkt om elektrische rolstoelen te transporteren. Voorts is de ruimte in de mobiele unit zo beperkt, dat \u00e2\u20ac\u201c zelfs indien een elektrische rolstoel binnengelaten had kunnen worden \u00e2\u20ac\u201c het manoeuvreren van de rolstoel en de cli\u00c3\u00abnte een tijdrovende opgave zou zijn geworden. Ook het verplaatsen van de lift is gecompliceerd gebleken, terwijl de kosten niet in verhouding stonden tot het gebruik. Omdat de lift aan de buitenkant van de mobiele unit was gemonteerd, was deze bovendien regelmatig doelwit van vernieling. Om bovenstaande redenen is toen van algemene toepassing afgezien. Een en ander neemt niet weg dat \u00e2\u20ac\u201c afhankelijk van individuele kenmerken en omstandigheden \u00e2\u20ac\u201c rolstoelgebruiksters op afspraak aan de screening kunnen deelnemen. Screeningsorganisaties hebben ook afspraken gemaakt met ziekenhuizen om in voorkomende gevallen, b.v. als de vrouw beslist niet uit de rolstoel kan, het onderzoek daar uit te voeren. Tevoren is dan gecheckt of de apparatuur aan de eisen voor screening voldoet. Beschikt een screeningsorganisatie over een \u00c2\u00abvaste\u00c2\u00bb onderzoeksruimte, dan wordt gehandicapte vrouwen gevraagd daarheen te komen voor het onderzoek. Waar zulks in verband met de zwaarte van de handicap niet mogelijk blijkt, kan getracht worden via de huisarts een afspraak met een ziekenhuis te maken. De screeningsorganisaties leggen momenteel de laatste hand aan een regeling voor de screening van ge\u00c3\u00afnstitutionaliseerde en/of wilsonbekwame cli\u00c3\u00abntes, onder wie zich ook rolstoelgebruikers bevinden", "antwoord 3": "De gezondheidszorg dient voor alle mensen in gelijke mate beschikbaar te zijn. Dit geldt ook voor de screening op borstkanker. Mensen die als gevolg van een handicap gebruik maken van een rolstoel \u00e2\u20ac\u201c of mensen met welke andere handicap of chronische ziekte dan ook \u00e2\u20ac\u201c vormen hierop geen uitzondering. Het bevolkingsonderzoek naar borstkanker is bestemd voor vrouwen van de oudere leeftijdsgroep en daarom is er voor de uitvoering voor gekozen om \u00c2\u00abhet onderzoek naar hen toe te brengen\u00c2\u00bb door het uit te voeren in mobiele onderzoeksunits. Voor die vrouwen die als gevolg van hun beperkingen geen gebruik kunnen maken van deze mobiele units, moet in de eerste plaats worden gekeken of de toegankelijkheid van deze units kan worden verbeterd. Een goede hellingbaan zou ook voor vrouwen die slecht ter been zijn een goed alternatief zijn voor een steile trap. Zoals hiervoor aangegeven laat de beperkte ruimte in de mobiele units niet toe dat elektrische rolstoelen binnen kunnen worden gebruikt. De aanpassingen die hiervoor in deze ruimtes nodig zijn, zouden de omvang van de units dermate vergroten, dat deze niet meer over de openbare weg verplaatst kunnen worden. Het zal dan moeilijk zijn om het bevolkingsonderzoek met mobiele units uit te voeren. Deze aanpassingen zijn ook niet noodzakelijk. Nu al wordt bij de uitnodiging expliciet gevraagd om contact met de screeningsorganisatie op te nemen, als betrokkene door een handicap niet in staat is het onderzoek op de gebruikelijke wijze te krijgen. Per individueel geval wordt dan overleg gevoerd, hoe dit dan w\u00c3\u00a8l kan plaatsvinden. Het uitgangspunt hierbij blijft dat de eventuele extra kosten (bijv. vervoer) niet voor rekening van de betreffende persoon zullen komen. Gezien het feit dat nog niet algemeen bekend is dat ook als er sprake is van een \u00e2\u20ac\u201c lichamelijke of verstandelijke \u00e2\u20ac\u201c handicap, betrokkene aanspraak heeft op het periodieke onderzoek op borstkanker, zal ik de betreffende organisaties dringend verzoeken hiertoe de noodzakelijke stappen te nemen. ]"}