{"Bibliografische_omschrijving": "Vragen van de leden Verburg en Mosterd (beiden CDA) aan de minister van Sociale Zaken en Werkgelegenheid over de Wvg voor gemeenten met een regiofunctie. (Ingezonden 16 april 2002); Antwoord", "Bestand": "13Kb", "Permalink": "\nhttp://www.geencommentaar.nl/parlando/index.php?action=doc&filename=KVR15697\n", "Inhoud": "Vragen over het meer dan gemiddelde beroep van kinderen in de regio Abcoude op voorzieningen in het kader van de Wet voorziening gehandicapten (Wvg) op gezinsvervangend tehuis De Merenhof te Abcoude, hetgeen een zware belasting vormt voor de gemeente Abcoude.", "Rubriek": "Gezondheidszorg (Zorginstellingen) Welzijn (Geestelijk gehandicapten) Welzijn (Gezinsverzorging) Welzijn (Lichamelijk gehandicapten)", "Trefwoorden": "Geestelijk gehandicapten Gezinsvervangende tehuizen Lichamelijk gehandicapten", "Vindplaats": "Kamervragen met antwoord 2001-2002, nr. 1174, Tweede Kamer", "Afkomstig van": "2010209270", "Indiener": "Sociale Zaken en Werkgelegenheid (SZW)", "Partij vertegenwoordiger": "<persoon partij=\"CDA\">Verburg</persoon>", "Datum_reaktie": "\n", "Datum_indiening": "<persoon partij=\"CDA\">Mosterd</persoon>", "vraag 1": "Bent u op de hoogte van de regiofunctie die het gezinsvervangend tehuis de Merenhof in Abcoude vervult? ", "vraag 2": "Is het u bekend dat kinderen die hier wonen meer dan gemiddeld een beroep doen op voorzieningen in het kader van de Wet voorzieningen gehandicapten (Wvg), waardoor de gemeente Abcoude of in financi\u00c3\u00able problemen raakt ofwel een gerechtvaardigd beroep van een of meer inwoners op de Wvg niet kan honoreren? ", "vraag 3": "Deelt u de mening dat dit een onevenredige aanslag kan doen op het financi\u00c3\u00able budget van de gemeente (ongeveer 10 in Nederland) extra tegemoet te komen op grond hiervan? ", "vraag 4": "Is het mogelijk de regiofunctie van het gezinsvervangend tehuis in Abcoude te erkennen door de mogelijkheid een extra beroep op landelijke middelen ten behoeve van de Wvg te doen? Zo ja, hoe kan hierop een beroep worden gedaan? Zo nee, hoe zult u een dergelijke voorziening op korte termijn treffen? ", "antwoord 1": "[Ja", "antwoord 2": "Ik kan niet vaststellen of in dit geval sprake is van een meer dan gemiddeld beroep op de Wvg. Uit navraag bij het gezinsvervangend tehuis De Merenhof is mij gebleken dat ongeveer twee kinderen per jaar een beroep doen op voorzieningen in het kader van de Wvg. Het beroep van een of meer inwoners van een gemeente op voorzieningen in het kader van de Wvg kan er nimmer toe leiden dat de gemeente aanvragen van andere inwoners niet honoreert. De gemeente heeft immers een wettelijke zorgplicht voor de verlening van Wvg-voorzieningen", "antwoord 3": "De verdeling van de middelen voor de Wvg over de gemeenten geschiedt via de systematiek van het Gemeentefonds. Voor deze verdelingssystematiek is bij de invoering van de Wvg gekozen met instemming van alle betrokken partijen. Op grond van de tweede evaluatie Wvg is in 1998 de verdelingssystematiek gewijzigd. Met deze wijziging hebben de betrokken partijen eveneens ingestemd. Uit de functie van een gezinsvervangend tehuis vloeit het regionale karakter min of meer voort. Daarin wijkt het gezinsvervangend tehuis De Merenhof niet af van andere gezinsvervangende tehuizen. ]"}