{"Bibliografische_omschrijving": "Vragen van het lid M. B. Vos (GroenLinks) aan de minister voor Ontwikkelingssamenwerking over de UNEP. (Ingezonden 18 oktober 2001); Antwoord", "Bestand": "16Kb", "Permalink": "\nhttp://www.geencommentaar.nl/parlando/index.php?action=doc&filename=KVR14527\n", "Inhoud": "Vragen over het uitvoeren van bodemsaneringsprojecten in o.a. het rampgebied van Pancevo door de UNEP (United Nations Environment Programme).", "Rubriek": "Internationale betrekkingen (Overig) Milieu (Bodemsanering)", "Trefwoorden": "Bodemsanering Joegoslavi\u00c3\u00ab", "Vindplaats": "Kamervragen met antwoord 2001-2002, nr. 189, Tweede Kamer", "Afkomstig van": "2010201250", "Indiener": "Ontwikkelingssamenwerking (OS)", "Partij vertegenwoordiger": "<persoon partij=\"GroenLinks\">M. B. Vos</persoon>", "Datum_reaktie": "\n", "Datum_indiening": "2001-11-01", "vraag 1": "Herinnert u zich de donatie van de Nederlandse regering in 2000 aan UNEP, als bijdrage aan de kosten van het saneren van vier steden in Joegoslavi\u00c3\u00ab, Pancevo, Novi Sad, Bor en Kraqujevac? Hoe beoordeelt u het functioneren van de UNEP in deze gebieden? ", "vraag 2": "Is het waar dat UNEP begin 2000 een \u00c2\u00abBalkan Task Force\u00c2\u00bb kende, maar geen apparaat had om een ingewikkelde taak als het saneren van het rampgebied van Pancevo voor haar rekening te nemen? ", "vraag 3": "Wat is sinds het einde van de Kosovo-oorlog de concrete hulp van UNEP aan bijvoorbeeld Pancevo geweest? ", "vraag 4": "Kent u het UNEP rapport \u00c2\u00abClean up of environmental hotspots, implemantation phase\u00c2\u00bb van maart 2001, waarin 18 projecten voor Pancevo worden aangekondigd? Zo ja, bent u op de hoogte dat er maar 3 projecten uitgevoerd zijn, niet door UNEP, maar door de gemeente Amsterdam en de Swiss Disaster Association? ", "vraag 5": "Is het waar dat u aanvragen van de gemeente Amsterdam om de grond rondom Pancevo te saneren geweigerd heeft, omdat geld voor dit doel naar de UNEP ging? Is het waar dat u de gemeente Amsterdam aanraadde om met UNEP samen te werken gezien de bijzondere expertise van de Milieudienst Amsterdam en het Plan van Aanpak dat deze dienst voor Pancevo geschreven had? ", "vraag 6": "Is het waar dat de UNEP alle pogingen van de gemeente Amsterdam tot samenwerking afgehouden heeft? Zo ja, waarom? ", "vraag 7": "Deelt u de mening dat de UNEP in feite de aangeboden hulp van de gemeente Amsterdam in de weg heeft gestaan? Zo neen, waarom niet? Zo ja, bent u bereid uw beslissing te heroverwegen en de gemeente Amsterdam en Zaandam nu wel bij te staan bij hun saneringsproject in Pancevo? ", "antwoord 1": "[De Balkans Task Force (BTF) is opgezet in mei 1999 door UNEP en UNCHS (Habitat), aanvankelijk voor het identificeren van de gevolgen van het Kosovo-conflict voor milieu en woonomgeving in de FRJ en het verrichten van haalbaarheidsstudies. In oktober 1999 heeft de BTF rapport uitgebracht van haar identificatiemissie, gevolgd door een haalbaarheidsstudie in maart 2000. Vervolgens is de BTF belast met de algehele projectverantwoordelijkheid en de co\u00c3\u00b6rdinatie van de in totaal 27 ge\u00c3\u00afdentificeerde deelprojecten, waarvan 14 in Pancevo (Servi\u00c3\u00ab). In januari 2001 heeft de BTF een Project Implementation Office geopend in Belgrado. Nederland levert een bijdrage van USD 2 miljoen aan de activiteiten van deze Balkans Task Force ter bestrijding van de milieuschade in de door u genoemde \u00c2\u00abhot spots\u00c2\u00bb in Servi\u00c3\u00ab. De totale kosten van dit project worden geraamd op ca. USD 20 miljoen; de totale donorbijdragen bedragen tot nu toe echter slechts USD 8,3 miljoen. Mede als gevolg hiervan wordt op dit moment slechts een deel uitgevoerd van de voorziene operaties, die zich in verschillende fases bevinden (vooronderzoek, ontwerp, aanbesteding, concrete werkzaamheden). UNEP heeft zelf reeds aangegeven dat het liever had gezien dat het werk voortvarender had kunnen worden aangepakt, maar dat dit werd verhinderd door de complexiteit van de noodzakelijke projecten en obstakels bij de samenwerking met lokale autoriteiten", "antwoord 2": "UNEP publiceert een maandelijks voortgangsrapport (\u00c2\u00abClean up of environmental hotspots, implementation phase\u00c2\u00bb) over de milieu-activiteiten in de FRJ. Van de in totaal 14 voor Pancevo ge\u00c3\u00afdentificeerde projecten zijn er inmiddels 10 in uitvoering genomen, deels door UNEP, deels door andere organisaties/instanties. Voor de aanbesteding van de uitvoering van de deelprojecten gelden internationale tenderprocedures. De projecten in Pancevo omvatten o.a. de aanpak van milieuproblemen bij PetroHemija (EDC- en kwikverontreiniging, waterzuivering) en de NIS olieraffinaderij (constructie van een bassin voor de opslag van restproducten en derivaten; reiniging en reparatie van olieleidingen). Voorts is sprake van reiniging van een rioolkanaal en monitoring van de kwaliteit van grondwater. In de voorbereidende fase is gewerkt aan het nader prioriteren van de deelprojecten en de uitwerking van de deelprojecten in samenwerking met lokale partners. De activiteiten in de implementatiefase (sinds januari 2001) omvatten niet alleen de schoonmaakacties zelf, maar ook training en capaciteitsopbouw van lokale counterparts en de ontwikkeling van standaarden en richtlijnen voor milieuactiviteiten in vergelijkbare post-conflict situaties, een voor de VN nieuw werkterrein", "antwoord 3": "UNEP staat de aangeboden hulp niet in de weg, maar benadrukt het belang van samenwerking en een geco\u00c3\u00b6rdineerde aanpak, die ik ondersteun. Ik heb de gemeente Amsterdam geen geld geweigerd, maar de gemeente aangeraden deel te nemen aan de internationale tenderprocedures voor de uitvoering van de door de Balkans Task Force (BTF) ge\u00c3\u00afdentificeerde en geco\u00c3\u00b6rdineerde deelprojecten. Daarnaast heb ik aangegeven eventuele financieringsverzoeken voor aanvullende activiteiten te zullen beoordelen volgens de geldende inhoudelijke en beheersmatige criteria voor soortgelijke activiteiten en op de complementariteit en compatibiliteit van het voorstel ten opzichte van de door de BTF geco\u00c3\u00b6rdineerde schoonmaakacties", "antwoord 4": "Het is niet zo dat UNEP alle poging tot samenwerking met de gemeente Amsterdam heeft afgehouden; het tegendeel is waar. UNEP heeft de gemeente Amsterdam vorig jaar aangeschreven en vervolgens in december 2000 een gesprek gevoerd in Amsterdam. Op 31 augustus van dit jaar heeft het hoofd van de Balkans Task Force opnieuw een brief geschreven naar de burgemeester van Amsterdam en een concreet voorstel tot samenwerking gedaan; er is al gezocht naar een datum voor een ontmoeting. Ook de Ambassade in Belgrado heeft zich ingespannen ten behoeve van contacten tussen de gemeente Amsterdam en UNEP. ]"}