{"Bibliografische_omschrijving": "Vragen van het lid Kant (SP) aan de minister van Binnenlandse Zaken en Koninkrijksrelaties over de aanbesteding van de inrichting van het kantoor van de Commissaris der Koningin van Gelderland. (Ingezonden 6 november 2001); Antwoord", "Bestand": "13Kb", "Permalink": "\nhttp://www.geencommentaar.nl/parlando/index.php?action=doc&filename=KVR14577\n", "Inhoud": "Vragen over de rol van de Commissaris der Koningin in de affaires bij de provincie Gelderland, onder andere de aanbesteding van de inrichting van het kantoor van de Commissaris der Koningin.", "Rubriek": "Criminaliteit en openbare orde (Fraude) Staats- en bestuursrecht (Provincies)", "Trefwoorden": "Commissarissen van de Koningin Fraude Gedeputeerde Staten Gelderland", "Vindplaats": "Kamervragen met antwoord 2001-2002, nr. 234, Tweede Kamer", "Afkomstig van": "2010201940", "Indiener": "Binnenlandse Zaken en Koninkrijksrelaties (BZK)", "Partij vertegenwoordiger": "<persoon partij=\"SP\">Kant</persoon>", "Datum_reaktie": "\n", "Datum_indiening": "2001-11-09", "vraag 1": "Wat is uw mening over de berichten over de aanbesteding van de inrichting van het kantoor van de Commissaris der Koningin van Gelderland? ", "vraag 2": "Wat is uw mening over het feit dat ten minste bij drie affaires van het provinciebestuur van Gelderland, te weten het evenementenbeleid, de inrichting van het kantoor van de Commissaris der Koningin en het MTC grote vraagtekens gesteld kunnen worden bij de naleving van wet en regelgeving? ", "vraag 3": "Wat is uw mening over de uitvoering van de toezichthoudende rol van de Commissaris der Koningin bij de naleving van wet en regelgeving? ", "vraag 4": "Wat is uw mening over het zelfreinigend vermogen van het zittend minderheidscollege van GS? ", "vraag 5": "Kan naar uw mening de Commissaris der Koningin aanblijven terwijl het aanzien van de politiek iedere dag verder wegzakt in de modder van de affaires? ", "vraag 6": "Wat is uw opvatting over het functioneren van de Commissaris der Koningin in deze hele affaire? ", "antwoord 1": "[De beoordeling van deze aanbesteding is in eerste instantie een aangelegenheid voor provinciale staten. Dat geldt ook voor het functioneren van de commissaris van de Koningin. Ik laat mij over de aanbesteding informeren door bericht en raad te vragen aan het college van gedeputeerde staten. Op basis van deze informatie zal ik uw Kamer nader informeren over de feitelijke gang van zaken en over de conclusies die ik hieraan verbind. Het college van G.S. heeft aangegeven dat het de aanbevelingen voor verbeteracties uit het rapport van Deloitte &amp; Touche onverkort zal overnemen en deze op korte termijn met kracht zal uitvoeren. Ik heb het college aangekondigd dat ik nog voor het eind van dit jaar wil komen tot concrete afspraken over zijn plan van aanpak voor de verbeteracties, het daarbij in acht te nemen tijdpad en de wijze waarop de implementatie van het verbetertraject door mij gevolgd kan worden. Over de voortgang van het plan van aanpak zal ik uw Kamer periodiek informeren. ]"}