{"Bibliografische_omschrijving": "Vragen van de leden Van Middelkoop (ChristenUnie) en Hoekema (D66) aan de minister-president, minister van Algemene Zaken en de minister van Buitenlandse Zaken over een Nederlandse propagandafilm en Nieuw-Guinea.1 (Ingezonden 7 mei 2002); Mededeling", "Bestand": "13Kb", "Permalink": "\nhttp://www.geencommentaar.nl/parlando/index.php?action=doc&filename=KVR15676\n", "Inhoud": "Vragen over de omstandigheden van het maken van een Nederlandse propagandafilm over de beschavingsactiviteiten op Nieuw-Guinea in 1955, in verband met element van koppensnellen (Aanvulling op de vragen van de leden Wagenaar, Van Oven en Koenders; Aanhangsel Handelingen nr. 1158, vergaderjaar 2001-2002).", "Rubriek": "Geschiedenis en geografie (Overig) Internationale betrekkingen (Overig)", "Trefwoorden": "Historische figuren en gebeurtenissen Indonesi\u00c3\u00ab", "Vindplaats": "Kamervragen met antwoord 2001-2002, nr. 1157, Tweede Kamer", "Afkomstig van": "2010210200", "Indiener": "Algemene Zaken (AZ)", "Partij vertegenwoordiger": "<persoon partij=\"ChristenUnie\">Van Middelkoop</persoon>", "Datum_reaktie": "\n", "Datum_indiening": "<persoon partij=\"D66\">Hoekema</persoon>", "vraag 1": "Heeft Nederlandse ambassadeur in de Verenigde Staten op 20 juni 1955 geadviseerd om voor het Amerikaanse publiek een propagandafilm te maken over de Nederlandse beschavingsactiviteiten op Nieuw-Guinea? ", "vraag 2": "Wat was de rol van de Rijks Voorlichtings Dienst bij het vervolgens vervaardigen van deze film? ", "vraag 3": "Op welke wijze zijn de leden van de Ajamstam betrokken bij het in scene zetten van een zogenaamde koppensneltocht met de desastreuze afloop van een herleven van het koppensnellen en kannibalisme leidend tot de dood van 29 leden van de stam van de Jipajers? ", "vraag 4": "Is het waar dat waarschuwingen vooraf van de missie zijn genegeerd? ", "vraag 5": "Heeft het koloniaal bestuur pogingen gedaan om de zaak vervolgens in de doofpot te stoppen? ", "vraag 6": "Zijn represaillemaatregelen genomen door het Nederlands bestuur met het marinefregatschip Hr. Ms. Jan van Brakel in de vorm een willekeurige arrestatie van 29 leden van de Ajamstam? ", "vraag 7": "Wat is uw oordeel over deze affaire, in het bijzonder de betrokkenheid bij en verantwoordelijkheid voor het in de doofpot houden van deze beschamende feiten door Nederlandse bestuursfunctionarissen? ", "antwoord 1": "[]"}