{"Bibliografische_omschrijving": "Vragen van het lid Van Middelkoop (ChristenUnie) aan de minister-president over het \u00c2\u00abGesprek met de minister-president\u00c2\u00bb. (Ingezonden 7 maart 2002); Antwoord", "Bestand": "14Kb", "Permalink": "\nhttp://www.geencommentaar.nl/parlando/index.php?action=doc&filename=KVR15261\n", "Inhoud": "Vragen over het karakter van het wekelijkse TV-programma 'Gesprek met de minister-president'. In verband met de komende Tweede-Kamerverkiezingen is er 'vermenging' van de functie van mininster-president en partijpolitiek functie van de betrokkene mogelijk.", "Rubriek": "Communicatie, media en informatievoorziening (Overig) Communicatie, media en informatievoorziening (Radio en televisie) Staats- en bestuursrecht (Regering)", "Trefwoorden": "Minister-president Regeringsbeleid Voorlichting", "Vindplaats": "Kamervragen met antwoord 2001-2002, nr. 798, Tweede Kamer", "Afkomstig van": "2010207780", "Indiener": "Algemene Zaken (AZ)", "Partij vertegenwoordiger": "<persoon partij=\"ChristenUnie\">Van Middelkoop</persoon>", "Datum_reaktie": "\n", "Datum_indiening": "2002-03-11", "vraag 1": "Bestaan er afspraken tussen u danwel de Rijksvoorlichtingsdienst en de NOS over het karakter en de beoogde voorlichtingsdoelstelling van het wekelijkse televisieprogramma op vrijdag \u00c2\u00abGesprek met de minister-president\u00c2\u00bb? Zo ja, hoe luiden die? ", "vraag 2": "Onderkent u dat de kijker dit televisiegesprek eerst en vooral beschouwt als een voorlichtingsactiviteit uwerzijds om na afloop van de ministerraad een eerste uiteenzetting te geven van die dag genomen besluiten? ", "vraag 3": "Waarom hebt u jl. vrijdag gemeend een groot deel van het gesprek te moeten besteden aan het geven van commentaar op diverse uitlatingen van de politieke nieuwkomer Pim Fortuyn? Acht u dit nog passen bij het karakter van het \u00c2\u00abGesprek met de minister-president\u00c2\u00bb? ", "vraag 4": "Bent u zich ervan bewust dat u, door het op dat moment en op die plaats tonen van een zo nauwe betrokkenheid bij de campagne voor de verkiezingen, het risico loopt van een vermenging van de functie van minister-president met die van partijpolitiek betrokkene? Verdient het geen aanbeveling dit te vermijden? ", "vraag 5": "Wat zijn uw voornemens ter zake voor de komende twee maanden tot de Tweede Kamerverkiezingen? Zal, conform de gewoonte gevormd bij een aantal vorige Kamerverkiezingen, het televisieprogramma \u00c2\u00abGesprek met de minister-president\u00c2\u00bb tijdens de campagneweken voor 15 mei tijdelijk worden stopgezet? ", "antwoord 1": "[Reeds vele jaren bestaat het gebruik dat de minister-president na afloop van de wekelijkse vergadering van de ministerraad de parlementaire pers te woord staat (zowel schrijvende pers als radio en t.v.). Aansluitend worden er een radio- en een televisie-interview opgenomen door de NOS. Over die laatste twee interviews bestaan afspraken tussen NOS en RVD over lengte en tijdstip van uitzending. Ook is afgesproken dat deze beide opnamen in principe worden uitgezonden zoals ze zijn opgenomen", "antwoord 2": "De invalshoek bij de wekelijkse contacten met de pers is inderdaad de vergadering van de ministerraad van die dag. Daarbij kan echter \u00e2\u20ac\u201c evenals in de ministerraad zelf \u00e2\u20ac\u201c ook de actualiteit van dat moment aan de orde komen. De vragen van de media zijn daarbij leidend", "antwoord 3": "Uitgangspunt is dat vragen van de media zo goed mogelijk dienen te worden beantwoord. Daarbij bestaat inderdaad het door de vragensteller aangegeven risico van vermenging en ik ben mij daar steeds volledig van bewust. De grens is niet exact aan te geven, maar ligt doorgaans daar waar vragen duidelijk op een terrein komen waarop vanuit de functie van minister-president geen antwoord te geven is", "antwoord 4": "Zoals reeds vele jaren gebruikelijk is, zal er ook nu vanaf ongeveer vier weken voor de verkiezingen voor de Tweede Kamer geen regulier wekelijks radio- en televisie-interview met de minister-president plaatsvinden. ]"}