{"Bibliografische_omschrijving": "Vragen van het lid Verburg (CDA) aan de minister van Sociale Zaken en Werkgelegenheid over de ESF aanbesteding. (Ingezonden 22 maart 2002); Antwoord", "Bestand": "15Kb", "Permalink": "\nhttp://www.geencommentaar.nl/parlando/index.php?action=doc&filename=KVR15506\n", "Inhoud": "Vragen over welke regels gelden voor de aanbesteding van de uitvoering van toegekende ESF-projecten in de periode 2001-2006.", "Rubriek": "Arbeid (Arbeidsbemiddeling) Arbeid (Subsidies) Arbeid (Werkloosheidsbestrijding) Bouw (Aanbestedingen)", "Trefwoorden": "Aanbestedingen Arbeidsvoorziening Europees Sociaal Fonds", "Vindplaats": "Kamervragen met antwoord 2001-2002, nr. 1009, Tweede Kamer", "Afkomstig van": "2010208310", "Indiener": "Sociale Zaken en Werkgelegenheid (SZW)", "Partij vertegenwoordiger": "<persoon partij=\"CDA\">Verburg</persoon>", "Datum_reaktie": "\n", "Datum_indiening": "2002-04-15", "vraag 1": "Gelden voor de aanbesteding van de uitvoering van toegekende ESF-projecten in de periode 2000\u00e2\u20ac\u201c2006 de Europese aanbestedingsregels? Zo neen, waarom niet? ", "vraag 2": "Zo ja, wie controleert of deze regels worden nageleefd? ", "vraag 3": "Wat is in deze precies de rol van het agentschap SZW? ", "vraag 4": "Welke mogelijkheden hebben organisaties die bezwaar hebben tegen de wijze waarop een aanbesteding door de projectaanvrager om tegen de wijze om hiertegen bezwaar en beroep aan te tekenen? ", "antwoord 1": "[Voor de aanbesteding van de uitvoering van toegekende ESF-projecten kunnen de regels zoals neergelegd in de Europese aanbestedingsrichtlijnen van toepassing zijn . Of dit in concrete gevallen het geval is, is afhankelijk van een aantal omstandigheden. In beginsel geldt dat de Europese aanbestedingsrichtlijnen van toepassing zijn op zogenaamde \u00c2\u00abaanbestedende diensten\u00c2\u00bb. De richtlijnen onderscheiden vier soorten aanbestedende diensten, te weten: de Staat, zijn territoriale lichamen (zoals gemeenten en provincies), publiekrechtelijke instellingen en verenigingen die gevormd zijn door een of meer van de hiervoor genoemde lichamen of instellingen. De Europese aanbestedingsrichtlijnen verplichten aanbestedende diensten alleen om overheidsopdrachten die een bepaalde waarde te boven gaan aan te besteden. Dit zogenaamde drempelbedrag verschilt per richtlijn en per soort van aanbestedende dienst. De richtlijnen kennen ook uitzonderingen. Zo zijn er overheidsopdrachten die niet onder de werking van de richtlijn vallen en opdrachten waarop slechts een deel van de richtlijn van toepassing is. Hiernaast geldt dat de richtlijnen ook van toepassing kunnen zijn op opdrachten die door een \u00c2\u00abniet-aanbestedende dienst\u00c2\u00bb worden verstrekt. Het gaat dan om aanbestedingen door subsidie-ontvangers, die niet zelf een aanbestedende dienst in de zin van de richtlijnen zijn. De richtlijn Diensten en de richtlijn Werken kennen een regeling die inhoudt dat wanneer bepaalde opdrachten worden geplaatst door een andere instantie dan de aanbestedende dienst zelf, maar waarvoor deze aanbestedende dienst wel voor meer dan 50% subsidie verleent, ofwel de aanbestedende dienst zelf ofwel de subsidie-ontvanger de bepalingen van de richtlijn moet naleven", "antwoord 2": "Bij de toetsing van subsidie-aanvragen uit hoofde van de Subsidieregeling ESF-3 en de Subsidieregeling ESF-Equal stelt het Agentschap SZW vast of de aanvrager zich aan de Europese aanbestedingsregels heeft gehouden, indien deze regels van toepassing zijn", "antwoord 3": "In geschillen over de toepassing van het Europees aanbestedingsrecht is de bevoegde rechter de civiele rechter en niet de bestuursrechter. Alle (voorbereidings)handelingen bij een aanbesteding, inclusief eventuele publiekrechtelijke rechtshandelingen, worden namelijk aangemerkt als onderdeel van en voorbereiding op een privaatrechtelijke handeling (het sluiten van de overeenkomst), waartegen geen beroep op de bestuursrechter openstaat. Een persoon of organisatie die van mening is dat een aanbestedende dienst de Europese aanbestedingsregels niet (juist) heeft toegepast, kan een vordering instellen tegen de aanbestedende dienst op grond van onrechtmatige daad wegens het niet-naleven van een wettelijke plicht. Het is in dit verband bijvoorbeeld mogelijk een eis tot schadevergoeding te stellen of een eis om alsnog tot de aanbestedingsprocedure te worden toegelaten. Hiernaast kan iedere (rechts)persoon die meent dat een bepaalde aanbestedende dienst de Europese aanbestedingsrichtlijnen niet juist of ten onrechte helemaal niet toepast, hierover bij de Europese Commissie een schriftelijke klacht indienen en de Commissie verzoeken maatregelen te nemen om de situatie van (vermeende) niet correcte naleving van het aanbestedingsrecht ongedaan te maken. ]"}