{"Bibliografische_omschrijving": "Vragen van het Koenders (PvdA) aan de minister van Buitenlandse Zaken over de samenstelling van de EU-waarnemersmissie in Zimbabwe. (Ingezonden 19 februari 2002); Antwoord", "Bestand": "13Kb", "Permalink": "\nhttp://www.geencommentaar.nl/parlando/index.php?action=doc&filename=KVR15168\n", "Inhoud": "Deze vragen dienen ter aanvulling op eerdere vragen hierover van de leden Van Baalen en Verhagen, ingezonden 14 februari 2002.", "Rubriek": "Handel en economie (Handelsbelemmeringen) Staats- en bestuursrecht (Grondrechten)", "Trefwoorden": "Economische sancties Mensenrechten Zimbabwe", "Vindplaats": "Kamervragen met antwoord 2001-2002, nr. 714, Tweede Kamer", "Afkomstig van": "2010206480", "Indiener": "Buitenlandse Zaken (BUZA)", "Partij vertegenwoordiger": "<persoon partij=\"PvdA\">Koenders</persoon>", "Datum_reaktie": "\n", "Datum_indiening": "2002-03-01", "vraag 1": "Wat is de stand van zaken betreffende de waarnemersmissie in Zimbabwe? ", "vraag 2": "Deelt u de mening dat een waarnemersmissie zonder waarnemers uit lidstaten van de EU, waaronder Nederland, voldoende kennis en kwaliteit heeft om de missie te doen slagen? ", "vraag 3": "Welke initiatieven worden er op korte termijn door Engeland, Zweden en met name door Nederland genomen om verandering van het EU-standpunt te voorkomen? ", "vraag 4": "Bent u bereid om tijdens de EU-Raad van 18 februari te pleiten voor \u00c2\u00absmart sanctions\u00c2\u00bb als de Nederlandse EU- waarnemers niet geaccrediteerd worden door de regering van Zimbabwe voor 18 februari? ", "vraag 5": "Kunt u deze vragen beantwoorden met spoed voor 26 februari 2002? ", "antwoord 1": "[In het licht van de snel veranderende omstandigheden in Zimbabwe heeft de Algemene Raad van 18 februari jl. besloten tot het be\u00c3\u00abindigen van de art. 96 consultaties, het instellen van gerichte sancties tegen het regime in Zimbabwe en het onmiddellijk terugtrekken van de ter plaatse aanwezige EU-waarnemers. Voor nadere informatie omtrent de ontwikkelingen, die hebben geleid tot deze besluitvorming, verwijs ik u gaarne naar de beantwoording van de vragen gesteld door de leden Van Baalen en Verburg en naar het verslag van de Algemene Raad dat reeds aan uw Kamer is gestuurd. ]"}