{"Bibliografische_omschrijving": "Vragen van het lid Halsema (GroenLinks) aan de minister van Justitie over Vos B.V. en de glycerinezaak. (Ingezonden 21 februari 2002); Antwoord", "Bestand": "15Kb", "Permalink": "\nhttp://www.geencommentaar.nl/parlando/index.php?action=doc&filename=KVR15187\n", "Inhoud": "Deze vragen dienen ter aanvulling op eerdere vragen ter zake van het Tweede-Kamerlid Van Oven, ingezonden 18 februari 2002, 2010206410, en van het Tweede-Kamerlid De Wit, ingezonden, 21 februari 2002, 2010206420.", "Rubriek": "Bedrijfsleven en industrie (Industrie) Gezondheidszorg (Geneesmiddelen) Milieu (Gevaarlijke stoffen) Rechterlijke organisatie (Openbaar ministerie) Strafrecht en strafprocesrecht (Vervolging)", "Trefwoorden": "Farmaceutische industrie Geneesmiddelen Gevaarlijke stoffen Openbaar ministerie Strafvervolging", "Vindplaats": "Kamervragen met antwoord 2001-2002, nr. 746, Tweede Kamer", "Afkomstig van": "2010206800", "Indiener": "Justitie (JUS)", "Partij vertegenwoordiger": "<persoon partij=\"GroenLinks\">Halsema</persoon>", "Datum_reaktie": "\n", "Datum_indiening": "2002-03-05", "vraag 1": "Kunt u bevestigen dat de directie van Vos B.V. persoonlijk en rechtstreeks betrokken is geweest bij de transacties rondom de partij vervuilende glycerine? Zo neen, kunt u dan uitleggen hoe het bericht in NRC-Handelsblad heeft kunnen terechtkomen? ", "vraag 2": "Is het waar dat het Openbaar Ministerie hiervan niet op de hoogte was? Als het OM wel op de hoogte was, waarom is hiervan dan niet eerder melding gemaakt? ", "vraag 3": "Hoe verhoudt het bericht in NRC-Handelsblad zich tot uw eerdere uitlatingen in de Kamer, dat de schikking in deze glycerine-zaak de enige optie was vanwege bewijsproblemen? ", "vraag 4": "Is het waar dat het OM in deze zaak heeft verzuimd de medewerkers van Vos B.V. te horen? Zo ja, waarom is dat niet gebeurd? ", "vraag 5": "Hoe beoordeelt u het feit dat het NRC-Handelsblad via een relatief eenvoudige weg de \u00c2\u00abinkopers\u00c2\u00bb van de vervuilde glycerine heeft achterhaald, terwijl het OM zich vanwege gebrek aan bewijsmateriaal heeft gewend tot het instrument van de schikking? Hoe beoordeelt u in het licht van deze nieuwe informatie de beslissing van het OM om te schikken? ", "vraag 6": "Bent u voornemens om, naar aanleiding van deze nieuw verkregen informatie, de interne procesgang bij het OM te onderzoeken? Zo neen, waarom niet? ", "vraag 7": "Wilt u deze vragen, vanwege de schokkende inhoud van het krantenbericht, uiterlijk einde deze week beantwoorden? Toelichting Deze vragen dienen ter aanvulling op eerdere vragen ter zake van het lid Van Oven, ingezonden 18 februari jl. en van het lid De Wit, ingezonden 21 februari jl. ", "antwoord 1": "[Ik verwijs naar het antwoord op vraag 5 van de heer Van Oven", "antwoord 2": "Het OM was op de hoogte van de rol van leidinggevende personen. In de brief van het College van 30 januari 2002 is melding gemaakt van het feit dat een persoon in verzekering is gesteld. Tevens is uitgelegd waarom niet tot vervolging is besloten", "antwoord 3": "Een dergelijke uitlating heb ik niet gedaan. In geval van een transactie moet het altijd gaan om een bewijsbare zaak. De transactie is aangeboden aan de rechtspersoon Vos BV terzake van een naar het oordeel van het OM bewijsbaar feit (artikel 2 Wet milieugevaarlijke stoffen). Voor zover er van bewijsproblemen kan worden gesproken, deden deze zich voor met betrekking tot andere delicten", "antwoord 4": "Neen, er zijn elf medewerkers van Vos B.V. gehoord", "antwoord 5": "Zoals al eerder gezegd in de beantwoording van de vragen 3 en 4 liggen bewijsproblemen niet ten grondslag aan de transactie. Daarnaast is er voor het OM geen sprake van nieuwe informatie", "antwoord 6": "Neen, gelet op de beantwoording van vraag 5 is daar geen aanleiding voor. ]"}