{"Bibliografische_omschrijving": "Vragen van de leden Van der Steenhoven (GroenLinks), Schoenmakers (PvdA), Poppe (SP) en Augusteijn-Esser (D66) aan de minister van Volkshuisvesting, Ruimtelijke Ordening en Milieubeheer over het afschaffen van de gescheiden gft-inzameling in Groningen. (Ingezonden 4 november 1999); Antwoord", "Bestand": "19Kb", "Permalink": "\nhttp://www.geencommentaar.nl/parlando/index.php?action=doc&filename=KVR10593\n", "Inhoud": "GFT: groente-, fruit- en tuinafval.", "Rubriek": "Milieu (Afvalverwerking) Milieu (Afvalpreventie)", "Trefwoorden": "Afvalverwerking Huisvuil Milieuhygi\u00c3\u00abne", "Vindplaats": "Kamervragen met antwoord 1999-2000, nr. 303, Tweede Kamer", "Afkomstig van": "2990002260", "Indiener": "Volkshuisvesting, Ruimtelijke Ordening en Milieubeheer (VROM)", "Partij vertegenwoordiger": "<persoon partij=\"GroenLinks\">Van der Steenhoven</persoon>", "Datum_reaktie": "\n", "Datum_indiening": "<persoon partij=\"PvdA\">Schoenmakers</persoon>", "vraag 1": "Beschikt u inmiddels over het definitieve Raadsvoorstel van de gemeente Groningen en alle daarbij horende inhoudelijke informatie inzake het afschaffen van de gescheiden gft-inzameling bij meer dan de helft van de aansluitingen? ", "vraag 2": "Deelt u de mening van de Regionaal Inspecteur Milieuhygi\u00c3\u00abne die in een brief van 26 juli jl. \u00c2\u00abhet gepresenteerde voornemen onvoldoende gemotiveerd acht\u00c2\u00bb? Zo ja, welke consequenties verbindt u hieraan? Zo neen, waarom niet? ", "vraag 3": "Deelt u tevens de mening van het Afval Overleg Orgaan \u00c2\u00abdat het voorstel in strijd is met de doelstelling van het afvalbeleid\u00c2\u00bb (brief van 22 september jl. aan Groningen)? Zo ja, welke consequenties verbindt u hieraan? Zo neen, waarom niet? ", "vraag 4": "Heeft u inzicht in de meerkosten van de gescheiden inzameling? Is de stelling van de meerkosten voldoende en objectiveerbaar onderbouwd? Wat zijn de meerkosten in absolute zin? ", "vraag 5": "Wat is uw milieuhygi\u00c3\u00abnisch eindoordeel over het voorstel mede gezien het gegeven dat de organisch natte fractie altijd te veel zware metalen zal bevatten en dat het dus nooit voor compost of ander hoogwaardig hergebruik geschikt zal zijn? Is het juist dat het digestaat tot nader order moet worden verbrand en dat dit de energiewinst van de vergisting teniet doet? ", "vraag 6": "Deelt u de mening dat hier niet sprake is van een uitzondering voor \u00c2\u00abeen deel van de gemeente\u00c2\u00bb (zoals voorzien in de Wet milieubeheer) gezien het feit dat het afschaffen van de gescheiden gft-inzameling meer dan de helft van de aansluitingen betreft en dat dit percentage bij andere gemeenten waar sprake is van niet-gescheiden inzameling veel kleiner is? ", "vraag 7": "Klopt het dat het Gronings gft van redelijke kwaliteit is? ", "vraag 8": "Klopt het tevens dat al lang geen gerichte voorlichting meer heeft plaatsgevonden? Deelt u de mening dat voorlichting de kwaliteit van het gft kan verhogen? ", "vraag 9": "Kunt u juridische helderheid geven over de bevoegdheden die u heeft in een dergelijke procedure en kunt u daarbij ingaan op het instrument van de aanwijzing? ", "vraag 10": "Onder welke voorwaarden bent u bereid gebruik te maken van uw regulerende bevoegdheid? ", "vraag 11": "Bent u bereid deze vragen v\u00c3\u00b3\u00c3\u00b3r de behandeling van de begroting van VROM in de Kamer te beantwoorden? ", "antwoord 1": "[Ja", "antwoord 2": "Ja, ik deel de mening van de Regionaal Inspecteur Milieuhygi\u00c3\u00abne, getuige ook mijn brief van 16 juli jl. (MBA/99187540) aan Burgemeester en Wethouders van de gemeente Groningen, waarvan ik u bij brief van 16 juli jl. (MBA/99187542) een afschrift heb gezonden. Het betrof hier overigens niet het definitieve voorstel, maar een voornemen. Dit voornemen van de gemeente Groningen was voor mij aanleiding op 6 september jl. in overleg te treden met Burgemeester Wallage en Wethouder Paas. Hierbij is afgesproken in een overleg met deskundigen van de gemeente Groningen en mijn departement, de wederzijds ter beschikking staande technische, economische en milieuhygi\u00c3\u00abnische achtergrondgegevens met betrekking tot verschillende inzamelings- en verwerkingsopties voor GFT-afval, met elkaar te confronteren. Het betreffende overleg heeft op 28 oktober jl. plaatsgevonden. Bijgevoegd vindt u een afschrift van mijn brief van 8 november jl. die ik naar aanleiding van de uitkomsten van het deskundigenoverleg aan Wethouder Paas heb gezonden", "antwoord 3": "Ja. Hier wordt overigens specifiek gedoeld op de beargumentering op basis van de in Groningen operationele mechanische scheidings- en vergistingsinstallatie. Omdat deze installatie niet bijdraagt aan het hergebruik van GFT-afval middels verwerking tot compost, is deze installatie geen gelijkwaardig alternatief voor gescheiden inzamelen en composteren. Bovenstaande is door mijzelf en mijn medewerkers benadrukt in de correspondentie en gesprekken met de gemeente Groningen. Dit heeft ertoe geleid dat de gemeente Groningen in het definitieve voorstel een aantal wijzigingen heeft aangebracht. Gezien de gevolgen die een onjuiste en onvolledige onderbouwing van een voorstel tot gedeeltelijke be\u00c3\u00abindiging in \u00c3\u00a9\u00c3\u00a9n gemeente kan hebben voor het draagvlak voor gescheiden inzameling van GFT-afval in zijn algemeenheid, betreur ik het dat de gemeente Groningen niet vanaf het begin zorgvuldiger met dit onderwerp is omgegaan", "antwoord 4": "De analyse van de kostengegevens was onderwerp van het genoemde deskundigen-overleg. Geconcludeerd is dat in de huidige situatie de kosten voor gescheiden inzameling in delen van de gemeente Groningen hoger zijn dan voor integrale inzameling. Uit het onderzoek naar de kosten dat de gemeente heeft laten uitvoeren, blijkt dat het in de betreffende wijken in de gemeente Groningen in absolute zin gaat het om f 655,\u00e2\u20ac\u201c per ton voor gescheiden inzamelen/composteren en f 363,\u00e2\u20ac\u201c per ton voor integraal inzamelen/mechanisch scheiden/vergisten. Nadrukkelijk dient te worden opgemerkt dat het hier een momentopname betreft. ln de toekomst kunnen wijzigingen ontstaan, bijvoorbeeld door de verhoging van de belasting op het storten van brandbaar afval per 1 januari 2000 en de voorgenomen invoering van een belasting op restafval vanaf 2001", "antwoord 5": "De verwerking van GFT-afval door middel van gescheiden inzamelen/composteren heeft nog steeds mijn voorkeur. Mechanisch scheiden/vergisten is geen gelijkwaardig alternatief, omdat deze techniek, om redenen zoals in de vraag genoemd, niet leidt tot hergebruik van GFT-afval. Het digestaat moet inderdaad worden verbrand of bij gebrek aan verbrandingscapaciteit worden gestort. Er zijn op dit moment onvoldoende praktijkgegevens beschikbaar om vast te stellen in hoeverre mechanisch scheiden/vergisten de negatieve effecten van de gedeeltelijke be\u00c3\u00abindiging van gescheiden inzamelen/composteren van GFT-afval in de gemeente Groningen zou kunnen beperken. Daarom zijn tussen de Milieudienst van de gemeente Groningen en mijn departement afspraken gemaakt over de gezamenlijke monitoring van de doorslaggevende milieu-aspecten, zoals de energie- en CO -balans van mechanisch scheiden/vergisten", "antwoord 6": "De gedeeltelijke be\u00c3\u00abindiging van gescheiden inzameling van GFT-afval binnen een gemeente dient te passen in het toetsingskader zoals dat door het Afval Overleg Orgaan is vastgesteld. Het toetsingskader omschrijft een drietal situaties waarbij zou kunnen worden overwogen af te zien van de gescheiden inzameling in een gedeelte van de gemeente. Omdat de wijken waar deze uitzonderingssituaties zich kunnen voordoen geconcentreerd zijn in de grote steden, kan het voorkomen dat de gedeeltelijke be\u00c3\u00abindiging van het gescheiden inzamelen van GFT-afval betrekking heeft op een aanzienlijk deel van de aansluitingen in een grote stad. Ten opzichte van de totale hoeveelheid GFT-afval die landelijk wordt ingezameld gaat het echter om de laatste procenten, omdat in de wijken waar be\u00c3\u00abindiging van gescheiden inzameling van GFT-afval kan worden overwogen per aansluiting relatief weinig GFT-afval wordt ingezameld. De gemeente Groningen is voornemens ruim 50% van het aantal aansluitingen uit te zonderen. Een dergelijk percentage is niet ongebruikelijk voor sterk stedelijke gemeenten", "antwoord 7": "In de betreffende wijken wordt het GFT-afval met individuele inzamelmiddelen (emmers) ingezameld. Het GFT-afval dat hiermee wordt opgehaald is volgens gegevens van de gemeente Groningen over het algemeen van goede kwaliteit", "antwoord 8": "Ja, uit gegevens van de gemeente Groningen blijkt dat de voorlichting zich beperkt tot de min of meer standaardaktiviteiten, zoals een afvalwijzer en berichten in huis-aan-huis-bladen. Omdat het succes van gescheiden inzameling in hoge mate afhangt van de bereidheid van burgers om hun afval te scheiden, kan voorlichting in combinatie met een gebruikersvriendelijk inzamelsysteem zowel de kwaliteit als kwantiteit van het GFT-afval verbeteren", "antwoord 9": "Over de wettelijke regeling van de gescheiden inzameling van GFT-afval en de procedure rond gedeeltelijke uitzondering heb ik alle gemeenten onlangs ge\u00c3\u00afnformeerd (MBA/99187537). Een afschrift hiervan heb ik u bij brief van 16 juli jl. (MBA/99187542) gezonden. Voor het antwoord op het eerste deel van uw vraag verwijs ik naar deze brief. Wat betreft het tweede deel van uw vraag, kan ik u mededelen dat artikel 268 van de Gemeentewet de mogelijkheid biedt een besluit van de gemeenteraad bij Koninklijk Besluit te vernietigen", "antwoord 10": "In haar huidige voorstel toetst de gemeente Groningen haar voornemen tot gedeeltelijke be\u00c3\u00abindiging van gescheiden inzameling van GFT-afval aan de door het AOO vastgestelde toetsingscriteria. Ik zie daarom geen aanleiding een besluit tot be\u00c3\u00abindiging van gescheiden inzameling van GFT-afval in een deel van de gemeente Groningen voor vernietiging voor te dragen", "antwoord 11": "Ja. ]"}