{"Bibliografische_omschrijving": "Vragen van het lid Gerkens (SP) aan de minister van Verkeer en Waterstaat over de tariefstijging van de NS. (Ingezonden 2 september 2002); Antwoord", "Bestand": "15Kb", "Permalink": "\nhttp://www.geencommentaar.nl/parlando/index.php?action=doc&filename=KVR16291\n", "Inhoud": "Vragen over aankondiging van de NS over tariefstijging per 1 januari 2003 en 1 juli 2003, vanwege 'gestegen infraheffing'.", "Rubriek": "Verkeer, vervoer en waterstaat (Openbaar vervoer) Verkeer, vervoer en waterstaat (Spoorwegen)", "Trefwoorden": "Openbaar vervoer Spoorwegen", "Vindplaats": "Kamervragen met antwoord 2002-2003, nr. 9, Tweede Kamer", "Afkomstig van": "2010214770", "Indiener": "Verkeer en Waterstaat (VW)", "Partij vertegenwoordiger": "<persoon partij=\"SP\">Gerkens</persoon>", "Datum_reaktie": "\n", "Datum_indiening": "2002-09-18", "vraag 1": "Wat is uw mening over de tariefstijgingen die de NS per 1 januari 2003 en per 1 juli 2003 door wil voeren? ", "vraag 2": "Bent u ervan op de hoogte dat de tariefstijging die de NS wil doorvoeren bestaat uit een inflatiecorrectie en een doorberekening van de gestegen infraheffing? Deelt u de mening van de NS dat dit externe factoren zijn die de NS niet kan be\u00c3\u00afnvloeden? Ziet u mogelijkheden om te voorkomen dat de NS deze verhoging aan de reizigers doorberekent? ", "vraag 3": "Vindt u het terecht dat de infraheffing stijgt, terwijl de kwaliteit van de infrastructuur onvoldoende is? Bent u bereid om de verhoging van de infraheffing een jaar op te schorten, op voorwaarde dat de NS uitsluitend een inflatiecorrectie aan haar klanten doorberekent? ", "vraag 4": "Deelt u de mening dat een tariefverhoging door de achterblijvende prestaties van de NS op het moment niet te rechtvaardigen is tegenover de reizigers? Zo nee, waarom niet? ", "vraag 5": "Bent u bereid de verzelfstandiging van de NS terug te draaien om zodoende van de NS weer een echt nutsbedrijf te maken? Kunt u uw antwoord toelichten? ", "antwoord 1": "[Ik verwijs naar mijn antwoord, 2 september 2002 op vraag 1 van lid Gerkens", "antwoord 2": "Ja, ik heb van deze motiveringen, zoals door de NS gecommuniceerd in zijn persverklaringen kennis genomen", "antwoord 3": "Het is terecht dat de gebruiksvergoeding stijgt. De vergoeding voor het gebruik van de spoorweginfrastructuur wordt aan de EU-lidstaten verplicht gesteld door de EU-richtlijnen 91/440 en 95/19. Nederland heeft dit ge\u00c3\u00abffectueerd vanaf 2000 door conform deze richtlijnen de marginale kosten van de infrastructuur door te belasten aan de gebruikers. Dit past ook binnen het beleid zoals dat is neergelegd in de nota De Derde Eeuw Spoor en ook in het NVVP. De bedoeling ervan is vervoerders aan te zetten tot doelmatig gebruik van de infrastructuur en tevens mee te laten betalen aan de kosten van beheer en onderhoud. Deze doelstellingen zijn onveranderd. Bovendien verwijs ik naar mijn antwoord, 2 september 2002 op vraag 7 van lid Duyvendak. Daarin is toegelicht dat de maatschappelijke kosten van het treingebruik niet worden gedekt. Bij AMvB zijn de berekeningswijze van de gebruiksvergoeding en het kortingspercentage op het eindbeeld geregeld. Dit laatste om van 2000 tot 2005 een ingroei-effect te bereiken voor de personenvervoerders: elk jaar wordt de korting minder. Voor de goederenvervoerders is ook een ingroei-traject in de AMvB vastgelegd. Feitelijk is er dus reeds sprake van een korting voor de vervoerders. Conform de formele procedure heeft deze AMvB voorgehangen in het parlement en is er met de Tweede Kamer over gesproken. Ten aanzien van de kwaliteit van de infrastructuur valt het nodige te verbeteren, maar gelet op het voorgaande dient dit mede door de gebruikers te worden opgebracht via de gebruiksvergoeding. Bovendien zijn tot dusverre de verstoringen aan de infrastructuur teruggebracht conform de afspraken in het Overgangscontract II", "antwoord 4": "Ik verwijs naar mijn antwoord, 2 september 2002 op vraag 2 van lid Gerkens", "antwoord 5": "Nee. In het overleg met uw Kamer over de Spoorwegwet en de Concessiewet is de organisatie van de spoorsector uitgebreid aan de orde geweest. Ik heb er geen behoefte aan op de door de Tweede Kamer geaccordeerde wetten terug te komen en zie uit naar de behandeling ervan door de Eerste Kamer in de hoop dat de wetten spoedig van kracht kunnen worden. Dat biedt mij dan immers de mogelijkheid om met de NS een vervoersconcessie te sluiten, waarin de voorwaarden kunnen worden neergelegd waaronder de NS zijn maatschappelijke rol vervult. Zoals u weet kent de concessiewet een voorhangprocedure, zodat uw Kamer nog een oordeel kan vormen over deze vervoersconcessie. ]"}