{"Bibliografische_omschrijving": "Vragen van het lid Geluk (VVD) aan de staatssecretaris van Landbouw, Natuurbeheer en Visserij over EU-steunregelingen en landinrichting. (Ingezonden 6 maart 2002); Antwoord", "Bestand": "14Kb", "Permalink": "\nhttp://www.geencommentaar.nl/parlando/index.php?action=doc&filename=KVR15384\n", "Inhoud": "Aanvragers van EU-steunregelingen voor wettelijke en vrijwillige verkavelingsprojecten, dreigen de subsidie mis te lopen door de praktisch onuitvoerbare administratieve rompslomp bij het aanvragen van de subsidie.", "Rubriek": "Landbouw (Subsidies) Natuur (Landelijke gebieden)", "Trefwoorden": "Landbouwsubsidies Landelijke gebieden", "Vindplaats": "Kamervragen met antwoord 2001-2002, nr. 905, Tweede Kamer", "Afkomstig van": "2010207680", "Indiener": "Landbouw, Natuurbeheer en Visserij (LNV)", "Partij vertegenwoordiger": "<persoon partij=\"VVD\">Geluk</persoon>", "Datum_reaktie": "\n", "Datum_indiening": "2002-03-26", "vraag 1": "Bent u op de hoogte van de problemen met de aanvragen voor EU-steunregelingen in wettelijke en vrijwillige verkavelingsprojecten die daardoor voor aanvragers dreigen te worden misgelopen? ", "vraag 2": "Leveren de formulieren die hiertoe zijn ontworpen in de praktijk onoverkomelijke problemen op onder andere bij het aanleveren van bewijsstukken en handtekeningen van derden? ", "vraag 3": "Waarom is gekozen voor de weg van deze praktisch onuitvoerbare administratieve rompslomp in plaats van bijvoorbeeld een werkbare en acceptabele regeling zoals door landbouworganisaties aangedragen? ", "vraag 4": "Wordt door dergelijke onwerkbare situaties naar uw mening het draagvlak in de landbouw om mee te werken aan het totstandkomen van projecten in het kader van de EHS, water, recreatie etc. niet ondergraven? ", "vraag 5": "Bent u van zins om op zeer korte termijn verandering aan te brengen in deze regelgeving bij wettelijke en vrijwillige verkavelingsprojecten om boeren de kans te geven toch in aanmerking te komen voor EU-steunregelingen? ", "antwoord 1": "[Ja", "antwoord 2": "Voor 1 maart 2001 zijn bij Laser 160 aanvragen voor een vergunning om akkerland te vervangen door niet-akkerland ingediend in het kader van de regeling EG-steunverlening akkerbouwgewassen. Slechts 2 aanvragers zijn in staat gebleken om het bewijs te leveren dat de te vervangen percelen inderdaad akkerland zijn in de zin van de regeling EG-steunverlening akkerbouwgewassen. Uit eigen onderzoek is gebleken dat een groot deel van de percelen toch akkerland in de zin van de regeling is. Deze aanvragen worden opnieuw beoordeeld", "antwoord 3": "Voor het huidige vergunningssysteem is gekozen omdat de Europese regelgeving niet toestaat dat de oppervlakte akkerland, die voor subsidie in aanmerking komt, toeneemt. De maatregelen die ik genomen heb, zijn in lijn met het voorstel van het bedrijfsleven, zie antwoord 5", "antwoord 4": "Ik ben met u van mening dat het niet kunnen vervangen van niet-akkerland door akkerland het draagvlak voor de totstandkoming van landinrichtingsprojecten en andere projecten met een door de overheid gewenst doel kan beperken. Mijn inzet is dit te voorkomen door het nemen van maatregelen, zie antwoord 2 en 5", "antwoord 5": "Om ervoor te zorgen dat het vervangen van niet-akkerland door akkerland in de zin van de regeling EG-steunverlening akkerbouwgewassen mogelijk is heb ik de volgende maatregelen genomen: \u00e2\u20ac\u00a2 Voor 2002 is een tijdelijke oplossing gevonden door in landinrichtingsprojecten, voorzover mogelijk, ook gebruik te maken van akkerland dat in eigendom is van Bureau Beheer Landbouwgronden. \u00e2\u20ac\u00a2 Voor de periode na 2002 wordt onderzocht hoe een permanente voorziening voor landinrichtingsprojecten en andere projecten met een door de overheid gewenst doel kan worden getroffen. ]"}