{"Bibliografische_omschrijving": "Vragen van het lid Halsema (GroenLinks) aan de minister van Justitie over Vos B.V. en de glycerinezaak. (Ingezonden 21 februari 2002); Mededeling", "Bestand": "13Kb", "Permalink": "\nhttp://www.geencommentaar.nl/parlando/index.php?action=doc&filename=KVR15119\n", "Inhoud": "Deze vragen dienen ter aanvulling op eerdere vragen ter zake van het Tweede-Kamerlid Van Oven, ingezonden 18 februari 2002, en van het Tweede-Kamerlid De Wit, ingezonden, 21 februari 2002.", "Rubriek": "Bedrijfsleven en industrie (Industrie) Gezondheidszorg (Geneesmiddelen) Milieu (Gevaarlijke stoffen) Rechterlijke organisatie (Openbaar ministerie) Strafrecht en strafprocesrecht (Vervolging)", "Trefwoorden": "Farmaceutische industrie Geneesmiddelen Gevaarlijke stoffen Openbaar ministerie Strafvervolging", "Vindplaats": "Kamervragen met antwoord 2001-2002, nr. 689, Tweede Kamer", "Afkomstig van": "2010206800", "Indiener": "Justitie (JUS)", "Partij vertegenwoordiger": "<persoon partij=\"GroenLinks\">Halsema</persoon>", "Datum_reaktie": "\n", "Datum_indiening": "2002-02-25", "vraag 1": "Kunt u bevestigen dat de directie van Vos B.V. persoonlijk en rechtstreeks betrokken is geweest bij de transacties rondom de partij vervuilende glycerine? Zo neen, kunt u dan uitleggen hoe het bericht in NRC-Handelsblad heeft kunnen terechtkomen? ", "vraag 2": "Is het waar dat het Openbaar Ministerie hiervan niet op de hoogte was? Als het OM wel op de hoogte was, waarom is hiervan dan niet eerder melding gemaakt? ", "vraag 3": "Hoe verhoudt het bericht in NRC-Handelsblad zich tot uw eerdere uitlatingen in de Kamer, dat de schikking in deze glycerine-zaak de enige optie was vanwege bewijsproblemen? ", "vraag 4": "Is het waar dat het OM in deze zaak heeft verzuimd de medewerkers van Vos B.V. te horen? Zo ja, waarom is dat niet gebeurd? ", "vraag 5": "Hoe beoordeelt u het feit dat het NRC-Handelsblad via een relatief eenvoudige weg de \u00c2\u00abinkopers\u00c2\u00bb van de vervuilde glycerine heeft achterhaald, terwijl het OM zich vanwege gebrek aan bewijsmateriaal heeft gewend tot het instrument van de schikking? Hoe beoordeelt u in het licht van deze nieuwe informatie de beslissing van het OM om te schikken? ", "vraag 6": "Bent u voornemens om, naar aanleiding van deze nieuw verkregen informatie, de interne procesgang bij het OM te onderzoeken? Zo neen, waarom niet? ", "vraag 7": "Wilt u deze vragen, vanwege de schokkende inhoud van het krantenbericht, uiterlijk einde deze week beantwoorden? Toelichting Deze vragen dienen ter aanvulling op eerdere vragen ter zake van het lid Van Oven, ingezonden 18 februari jl. en van het lid De Wit, ingezonden 21 februari jl.. ", "antwoord 1": "[]"}