{"Bibliografische_omschrijving": "Vragen van het lid Blaauw (VVD) over het overtreden van de Wet goederenvervoer over de weg (Ingezonden 10 mei 1995); Antwoord", "Bestand": "15Kb", "Permalink": "\nhttp://www.geencommentaar.nl/parlando/index.php?action=doc&filename=KVR1502\n", "Inhoud": "Betreft afgifte van vergunningen aan vrachtauto's in het kader van de Wet goederenvervoer.", "Rubriek": "Verkeer, vervoer en waterstaat (Wegvervoer)", "Trefwoorden": "Wegvervoer", "Vindplaats": "Kamervragen met antwoord 1994-1995, nr. 858, Tweede Kamer", "Afkomstig van": "Verkeer en Waterstaat", "Indiener": "<persoon partij=\"VVD\">Blaauw</persoon>", "Partij vertegenwoordiger": "\n", "Datum_reaktie": "1995-05-31", "Datum_indiening": "1995-05-10", "vraag 1": "Zijn slechts voor 160.000 bestel- en vrachtauto\u00e2\u20ac\u2122s met een laadvermogen van meer dan 500 kg inschrijvingsbewijzen en voor c.a. 90.000 voertuigen vergunningsbewijzen afgegeven? ", "vraag 2": "Zo ja, betekent dit dat voor de rest van het wagenpark met een laadvermogen boven de 500 kg dat bedrijfsmatig wordt ingezet (ongeveer 300.000) niet voldaan wordt aan de wettelijke bepalingen van de Wet goederenvervoer over de weg (Wvg)? ", "vraag 3": "Zo ja, deelt u de mening, dat dit niet acceptabel is? ", "vraag 4": "Deelt u de mening, dat controles door Rijksverkeersinspectie en voorlichting door het georganiseerde bedrijfsleven onvoldoende in staat zijn deze problematiek op te lossen? ", "vraag 5": "Hebben de zelfstandige bestuursorganen die verantwoordelijk zijn voor de afgifte van vergunningen beroepsvervoer (NIWO) en inschrijvingen eigen vervoer (SIEV) bij u aangedrongen op toestemming om aan de hand van het kentekenregister de adressen te verzamelen van ondernemers die niet aan de wettelijke bepalingen voldoen, om zo gerichte voorlichting mogelijk te maken? ", "vraag 6": "Zo ja, wat was u reactie hierop? ", "vraag 7": "Indien u negatief hebt gereageerd, bent u bereid alsnog de NIWO en SIEV toestemming te geven gebruik te maken van het kentekenregister, zodat nog dit jaar gestart kan worden met voorlichting aan de overtreders van de Wgw? Zo neen, waarom niet? Hoe gaat u de problematiek dan aanpakken? ", "antwoord 1": "[Er zijn ongeveer 160.000 inschrijvingsbewijzen en 80.000 vergunningsbewijzen afgegeven. Deze bewijzen zijn niet voertuiggebonden", "antwoord 2": "Inschrijvings- en vergunningsbewijzen zijn op grond van de Wet goederenvervoer over de weg niet gekoppeld aan een individueel voertuig. Een ondernemer hoeft niet evenveel bewijzen als voertuigen te hebben, de bewijsverplichting geldt slechts voor zover een voertuig zich op de weg bevindt. De genoemde aantallen geven aldus geen volledig inzicht in de mate waarin (niet) wordt voldaan aan de wettelijke verplichtingen van de Wet goederenvervoer over de weg", "antwoord 3": "Voor zover niet wordt voldaan aan de wettelijke verplichting(-en), is dit niet acceptabel", "antwoord 4": "Gelet op het antwoord bij punt 2 kan niet zonder meer gezegd worden dat sprake is van een problematiek, laat staan van een problematiek die via controle en voorlichting oplossing behoeft. Overigens kan hieraan nog worden toegevoegd dat het zwaartepunt van de controles van de Rijksverkeersinspectie ligt op de handhaving van het concurrentievoorwaardenbeleid. In het overgrote deel van de gevallen waarin sprake is van ontbrekende inschrijvings- en vergunningsbewijzen blijkt het doorgaans te gaan om kleinere eigen vervoerders. Tegen die achtergrond heeft de controle op deze voertuigen geen hoge prioriteit", "antwoord 5": "Ja", "antwoord 6": "Na toetsing van de krachtens de Wet goederenvervoer over de weg aan de Stichting NIWO en de Stichting SIEV opgedragen taken aan de regelgeving omtrent privacybescherming en in het bijzonder de daarop gebaseerde regelgeving betreffende de verstrekking van gegevens uit het kentekenregister, is het verzoek van beide organisaties gedeeltelijk afgewezen. De organisaties kunnen thans antwoord krijgen op de vraag of op naam van een bepaalde, door de organisaties bij de informatie-aanvraag opgegeven, ondernemer in het kentekenregister bedrijfsvoertuigen met een laadvermogen van 500 kg of meer zijn geregistreerd. Aan de organisaties kunnen geen aantallen bedrijfsvoertuigen en kentekens worden verstrekt", "antwoord 7": "Ik ben bereid alsnog een gesprek te zamen met de beide organisaties te laten plaatsvinden om te bezien op welke wijze invulling kan worden gegeven aan de voorlichtingsactiviteiten in het kader van de Wet goederenvervoer over de weg richting bedrijfsleven. ]"}