{"Bibliografische_omschrijving": "Vragen van het lid Cornielje (VVD) aan de staatssecretaris van Onderwijs, Cultuur en Wetenschappen, mevr. Adelmund, over onderwijshuisvesting in de grensstreek. (Ingezonden 14 juni 2002); Antwoord", "Bestand": "13Kb", "Permalink": "\nhttp://www.geencommentaar.nl/parlando/index.php?action=doc&filename=KVR16000\n", "Inhoud": "Aanvullende vragen op eerder gestelde vragen door de leden Cornielje en Van Splunter (Aanhangsel van de Handelingen II, 2001-2002, 1215) over de gevolgen voor de financiering van scholen van kinderen van Nederlandse gezinnen die in Duitsland wonen en naar school gaan in Oost-Overijssel (zie ook Aanhangsel Handelingen nr. 1357, vergaderjaar 2001-2002).", "Rubriek": "Basisonderwijs (Bekostiging basisonderwijs) Ruimtelijke ordening en infrastructuur (Overig)", "Trefwoorden": "Bekostiging basisonderwijs Grensregio's", "Vindplaats": "Kamervragen met antwoord 2001-2002, nr. 1436, Tweede Kamer", "Afkomstig van": "2010211540", "Indiener": "Onderwijs, Cultuur en Wetenschappen (OCW)", "Partij vertegenwoordiger": "<persoon partij=\"VVD\">Cornielje</persoon>", "Datum_reaktie": "\n", "Datum_indiening": "2002-07-18", "vraag 1": "Herinnert u zich mijn schriftelijke vragen van 3 mei 2002? ", "vraag 2": "Hoe verhoudt de conclusie van het rapport \u00c2\u00abLokaal Verdeeld\u00c2\u00bb zich met de problematiek die in Oost-Nederland speelt ten aanzien van massale toeloop van leerlingen van Nederlandse gezinnen die in Duitsland wonen, op de Nederlandse scholen? ", "vraag 3": "Wat vindt u van de suggestie om de systematiek zoals die wordt gehanteerd in het voortgezet onderwijs ook in deze gevallen te volgen? ", "antwoord 1": "[Ja", "antwoord 2": "Het rapport Lokaal Verdeeld concludeert dat er geen aanleiding is voor een bijzondere regeling voor gemeenten waar veel basisschoolleerlingen afkomstig zijn van buiten de eigen gemeente. Dat onderwerp is aan te merken als een meer algemene verschijningsvorm van het specifieke onderwerp dat u aankaart. In het onderzoek zijn alle gemeenten benaderd met de vraag naar knelpunten in de onderwijshuisvesting. Dat heeft op het genoemde onderwerp geen reactie van grensgemeenten opgeleverd", "antwoord 3": "Een heel specifieke verdeling van middelen is strijdig met het uitgangspunt van globaliteit van het gemeentefonds. Het is daarom ongewenst om de systematiek van het VO in genoemde gevallen te volgen. ]"}