{"Bibliografische_omschrijving": "Vragen van het lid BM de Vries (VVD) over de zogenoemde slotzin van artikel 13 Successiewet (Ingezonden 23 mei 1995); Antwoord", "Bestand": "15Kb", "Permalink": "\nhttp://www.geencommentaar.nl/parlando/index.php?action=doc&filename=KVR1574\n", "Inhoud": "Belastingen (Schenkings- en successierechten)", "Rubriek": "Levensverzekeringen Successiebelasting", "Trefwoorden": "Kamervragen met antwoord 1994-1995, nr. 926, Tweede Kamer", "Vindplaats": "Financi\u00c3\u00abn", "Afkomstig van": "<persoon partij=\"VVD\">B.M. de Vries</persoon>", "Indiener": "\n", "Partij vertegenwoordiger": "1995-06-19", "Datum_reaktie": "1995-05-23", "Datum_indiening": "KVR1574", "vraag 1": "Is u vanuit de verzekeringswereld, het notariaat en de fiscale advieswereld een aantal jaren geleden verzocht een standpunt te bepalen omtrent de toepassing van de zogenoemde slotzin van artikel 13 Sucessiewet, met name in situaties waarin er sprake is van premiesplitsing? ", "vraag 2": "Is een dergelijke premiesplitsing reeds een groot aantal jaren gebruikelijk, niet alleen bij levensverzekeringen die worden gesloten in het kader van financiering van de eigen woning, maar ook bij lijfrenteverzekeringen? Gaat het derhalve om tienduizenden situaties? ", "vraag 3": "Is momenteel onduidelijk op welke wijze een dergelijke premiesplitsing uitgevoerd dient te worden en hoe de premiebetaling dient te geschieden om te bereiken dat een eventuele uitkering bij overlijden niet aan successierechten onderhevig is? ", "vraag 4": "Bent u bereid deze onzekerheid op korte termijn weg te nemen en voor de praktijk de nodige rechtszekerheid te bieden waarbij bestaande situaties die wellicht niet geheel aan de door u te stellen criteria voldoen \u00e2\u20ac\u201c vanwege de reeds jaren bestaande rechtsonzekerheid op dit punt \u00e2\u20ac\u201c bij wijze van overgangsmaatregel worden ontzien indien uit het aanvraagformulier, de polis of anderzins blijkt dat partijen premiesplitsing beogen? ", "antwoord 1": "[Vanuit de verzekeringswereld, het notariaat en de fiscale advieswereld zijn inderdaad vragen gesteld over de toepassing van artikel 13 van de Successiewet 1956 bij premiesplitsing. Het betreft dan de toepassing van het slot van de eerste volzin van deze bepaling. Bij de beantwoording van de vragen ga ik ervan uit dat, waar in vraag 1 wordt gesproken van \u00c2\u00abde zogenoemde slotzin\u00c2\u00bb, niet gedoeld wordt op de slotzin van artikel 13 maar op het slot van de eerste volzin. De problematiek van premiesplitsing doet zich met name voor bij zogenaamde gemengde verzekeringen. Het gaat hier om verzekeringen die worden afgesloten op e\u00c2\u00b4e\u00c2\u00b4n of op twee levens. Daarbij wordt een verzekering overeengekomen welke tot uitkering komt op de einddatum van de verzekering indien de verzekerde(n) nog in leven is (zijn), dan wel bij overlijden van de (eerststervende van de) verzekerde(n). De premiesplitsing kan bij voorbeeld inhouden dat het gedeelte van de premie dat betrekking heeft op het overlijdensrisico verschuldigd is door een ander dan de verzekerde. Noch uit de wetsgeschiedenis noch uit de jurisprudentie blijkt of door middel van premiesplitsing bereikt kan worden dat een uitkering bij overlijden niet in de heffing van successierecht wordt betrokken. Tot op heden is er bij de toepassing van artikel 13 vanuit gegaan dat een gemengde verzekering juridisch als e\u00c2\u00b4e\u00c2\u00b4n verzekeringsovereenkomst moet worden beschouwd. Dit heeft tot gevolg dat indien ter zake van die verzekeringsovereenkomst premie is verschuldigd door de verzekerde de uitkering bij diens overlijden in de heffing van successierecht wordt betrokken, ongeacht of die premie betrekking zou hebben op de uitkering bij leven of bij overlijden. In deze zienswijze sorteert een premiesplitsing dus geen effect voor de toepassing van artikel 13. De vragen vanuit de verzekeringswereld, het notariaat en de fiscale advieswereld zijn aanleiding geweest om nader te bezien of via een meer economische benadering van deze problematiek een soepeler standpunt mogelijk is met betrekking tot de figuur van premiesplitsing. Thans is een beleidsmededeling in voorbereiding, waarin wordt aangegeven onder welke voorwaarden in geval van premiesplitsing geen successierecht is verschuldigd over een overlijdensuitkering. Op een aantal punten, in het bijzonder ook de inhoud van een mogelijke overgangsregeling voor bestaande polissen, vindt nog overleg plaats met vertegenwoordigers van het verzekeringswezen. Ik ga er daarbij vanuit dat het mogelijk moet zijn om ook voor het verleden tot een aanvaardbare oplossing te komen. Na afronding van dit overleg zal de beleidsmededeling worden gepubliceerd. ]"}