{"Bibliografische_omschrijving": "Vragen van het lid Halsema (GroenLinks) aan de staatssecretaris van Justitie over het ontslag van een medewerkster van de Asielunit van de Haagse vreemdelingendienst. (Ingezonden 3 oktober 2001); Antwoord", "Bestand": "13Kb", "Permalink": "\nhttp://www.geencommentaar.nl/parlando/index.php?action=doc&filename=KVR14804\n", "Inhoud": "Vragen over de reden van het ontslag, dat verband zou houden met de opvattingen van de medewerkster over het in acht nemen van drie minuten stilte in verband met de aanslagen in de Verenigde Staten.", "Rubriek": "Criminaliteit en openbare orde (Politie) Inkomen en rechtspositie (Ontslagen) Staats- en bestuursrecht (Vreemdelingenrecht)", "Trefwoorden": "Ontslagen Politie Vreemdelingen", "Vindplaats": "Kamervragen met antwoord 2001-2002, nr. 420, Tweede Kamer", "Afkomstig van": "2010200600", "Indiener": "Justitie (JUS)", "Partij vertegenwoordiger": "<persoon partij=\"GroenLinks\">Halsema</persoon>", "Datum_reaktie": "\n", "Datum_indiening": "2001-12-19", "vraag 1": "Kunt u bevestigen dat een medewerkster van de Asielunit van de Haagse vreemdelingendienst is ontslagen wegens haar opvattingen over het in acht nemen van drie minuten stilte in verband met de aanslagen in de Verenigde Staten op 11 september jl.? ", "vraag 2": "Kunt u uiteenzetten wat er precies is voorgevallen? Wat is de reden van het bedoelde ontslag? Heeft de ontslagen vrouw zich schuldig gemaakt aan enig strafbaar feit of overtreding van interne regels? ", "vraag 3": "Waarom is de vrouw inzage in het proces-verbaal van haar uitlatingen geweigerd? Wat staat er in het bedoelde proces-verbaal? ", "vraag 4": "Acht u het besluit van de chef van de vreemdelingendienst in de regio Haaglanden in strijd met het recht van vrije meningsuiting, en zo ja, wilt u het ontslag in dat geval met onmiddellijke ingang ongedaan maken? Zo neen, waarom niet? ", "vraag 5": "Acht u het verstandig op dergelijke wijze met de gevoeligheden in Nederland met betrekking tot de aanslagen in de Verenigde Staten om te gaan? Zo neen, wat wilt u ondernemen om dergelijke misstappen in de toekomst te voorkomen? ", "antwoord 1": "[De korpsbeheerder van het regionale politiekorps Haaglanden heeft mij bericht dat de desbetreffende medewerkster niet is ontslagen, maar haar is aangezegd dat tot ontslag zou worden overgegaan. Die aanzegging is gegrond op de door haar geuite opvattingen over de aanslagen op 11 september jl. in de Verenigde Staten. De korpsbeheerder heeft vervolgens op 2 oktober 2001 een externe commissie gevraagd een oordeel in deze zaak te geven. Deze commissie heeft op 29 november 2001 gerapporteerd en geconcludeerd dat de uitlatingen niet discriminerend, beledigend of anderszins te kwalificeren zijn als strafbaar. Van overtreding van interne regels is niet gebleken", "antwoord 2": "De korpsbeheerder heeft mij bericht dat inzage in de stukken mogelijk was maar dat hangende het onderzoek geen afschriften zijn verstrekt. Uit het rapport van de commissie blijkt dat in de processen-verbaal de verklaringen van de collega\u00e2\u20ac\u2122s van de betrokken medewerkster zijn opgetekend", "antwoord 3": "De aanzegging tot ontslag is volgens een zorgvuldige procedure getoetst en in overeenstemming met het advies van de externe commissie door de korpsbeheerder ongedaan gemaakt. Daarmee is naar mijn oordeel deze zaak op een zorgvuldige manier afgehandeld en er is dan ook geen aanleiding tot nadere maatregelen. ]"}