{"Bibliografische_omschrijving": "Vragen van de leden Passtoors (VVD), Schreijer-Pierik (CDA) en Van der Vlies (SGP) aan de staatssecretaris van Landbouw, Natuurbeheer en Visserij over de kosten van de jachtakte. (Ingezonden 29 november 2001); Antwoord", "Bestand": "16Kb", "Permalink": "\nhttp://www.geencommentaar.nl/parlando/index.php?action=doc&filename=KVR14807\n", "Inhoud": "Vragen over de verhoging van de kosten van de jachtakte, terwijl de mogelijkheden voor de jacht qua gebieden en soorten zijn afgenomen.", "Rubriek": "Natuur (Jacht)", "Trefwoorden": "Jacht", "Vindplaats": "Kamervragen met antwoord 2001-2002, nr. 412, Tweede Kamer", "Afkomstig van": "2010203080", "Indiener": "Landbouw, Natuurbeheer en Visserij (LNV)", "Partij vertegenwoordiger": "<persoon partij=\"VVD\">Passtoors</persoon>", "Datum_reaktie": "\n", "Datum_indiening": "<persoon partij=\"CDA\">Schreijer-Pierik</persoon>", "vraag 1": "Is het waar dat u het Faunafonds om advies hebt gevraagd over het substantieel verhogen van de kosten van de jachtakte? ", "vraag 2": "Waarom overweegt u juist niet de kosten van de jachtakte te verlagen, gezien het feit dat de overheid, landelijk en provinciaal, taken van de jagers heeft overgenomen en de mogelijkheden voor jacht, qua gebieden en soorten, zijn afgenomen? Behoudens de zes wildsoorten bepaalt de overheid immers in hoeverre in diersoorten dient te worden ingegrepen; en niet de jager. ", "vraag 3": "Deelt u de mening dat de omvang van bijdragen van de jachtaktehouders in verhouding dient te zijn met de wettelijke verantwoordelijkheden die de jager in de Flora- en faunawet heeft? ", "vraag 4": "Deelt u de mening dat met zo\u00e2\u20ac\u2122n verhoging het draagvlak onder het natuur- en soortenbeheer bij de jagers afneemt en de samenwerking met fbe-partners onder druk kan komen te staan? ", "vraag 5": "Heeft u over dit voornemen overleg gevoerd met de organisaties in de jachtwereld en wat was daarvan het resultaat? ", "antwoord 1": "[Ja", "antwoord 2": "De prijs van de jachtakte is al geruime tijd niet aangepast aan de stijgende kosten. De werkelijke kosten die de politie maakt bij het uitgeven van de jachtakte zijn inmiddels een veelvoud van de tot op heden in rekening gebrachte kosten. Een verlaging van de prijs ligt niet in de rede", "antwoord 3": "De huidige prijs van de jachtakte is niet afgeleid van de wettelijke verantwoordelijkheden. Deze lijn wordt in de Flora- en Faunawet voortgezet", "antwoord 4": "Er is overleg geweest met de KNJV. Ook is het voorgenomen besluit voorgelegd aan het Faunafonds. Het gesprek met de KNJV evenals het advies van het Faunafonds hebben mij er toe gebracht de voorgenomen verhoging bij te stellen. De prijs van de jachtakte zal 85 (circa f 185) gaan bedragen. ]"}