{"Bibliografische_omschrijving": "Vragen van de leden Buijs (CDA) en B. M. de Vries (VVD) aan de minister van Volksgezondheid, Welzijn en Sport over meningocokkenvaccinatie en bijsluiters. (Ingezonden 5 juli 2002); Antwoord", "Bestand": "13Kb", "Permalink": "\nhttp://www.geencommentaar.nl/parlando/index.php?action=doc&filename=KVR16077\n", "Inhoud": "Bij de meningocokkenvaccinaties die op dit moment in het hele land plaatsvinden, zijn voor de ouders geen bijsluiters verkrijgbaar.", "Rubriek": "Consument (Productinformatie) Gezondheidszorg (Ziekten en ziektepreventie)", "Trefwoorden": "Inentingen Productinformatie", "Vindplaats": "Kamervragen met antwoord 2001-2002, nr. 1500, Tweede Kamer", "Afkomstig van": "2010212320", "Indiener": "Volksgezondheid, Welzijn en Sport (VWS)", "Partij vertegenwoordiger": "<persoon partij=\"CDA\">Buijs</persoon>", "Datum_reaktie": "\n", "Datum_indiening": "<persoon partij=\"VVD\">B. M. de Vries</persoon>", "vraag 1": "Kunt u aangeven waarom er bij de meningocokkenvaccinaties die thans in het land plaatsvinden geen bijsluiters verkrijgbaar zijn indien de ouders hierom vragen? ", "vraag 2": "Bent u bereid deze werkwijze direct te corrigeren? ", "antwoord 1": "[GGD Nederland heeft mij laten weten dat iedere vaccinverpakking voorzien is van een bijsluiter. Deze worden niet standaard aan alle ouders verstrekt, maar zijn wel verkrijgbaar als een ouder hier om vraagt. Mocht u bekend zijn met een andere ervaring, dan betreft dit een ongewenst maar uitzonderlijk incident. Overigens krijgen alle ouders na de vaccinatie een speciale folder aangeboden waarin staat welke bijwerkingen kunnen optreden, hoe men met eventuele bijwerkingen moet omgaan en waar bijzonderheden gemeld kunnen worden. Ook staat vermeld in deze folder dat ouders, op verzoek, de bijsluiter kunnen krijgen. Tevens is in de folder die wordt meegezonden met de oproep, algemene informatie over bijwerkingen opgenomen", "antwoord 2": "Bovenstaande betreft al een standaard werkwijze. GGD Nederland heeft mij toegezegd in de eerst volgende nieuwsbrief de uitvoerenden hier nogmaals op te attenderen. ]"}