{"Bibliografische_omschrijving": "Vragen van de leden Cornielje en \u00c3\u2013rg\u00c3\u00bc (beiden VVD) aan de minister van Onderwijs, Cultuur en Wetenschappen en de staatssecretaris van Onderwijs, Cultuur en Wetenschappen, dhr. Van der Ploeg, over het nationaal onderwijsmuseum. (Ingezonden 6 december 2001); Antwoord", "Bestand": "13Kb", "Permalink": "\nhttp://www.geencommentaar.nl/parlando/index.php?action=doc&filename=KVR14839\n", "Inhoud": "Vragen over de intentieverklaring over het Nationaal Onderwijsmuseum en het beleidsplan nationaal onderwijsmuseum.", "Rubriek": "Basisonderwijs (Overig) Beroepsonderwijs en volwasseneneducatie (Overig) Cultuur en taal (Musea) Hoger onderwijs (Overig) Speciaal onderwijs (Overig) Voortgezet onderwijs (Overig)", "Trefwoorden": "Musea Onderwijs", "Vindplaats": "Kamervragen met antwoord 2001-2002, nr. 448, Tweede Kamer", "Afkomstig van": "2010203270", "Indiener": "Onderwijs, Cultuur en Wetenschappen (OCW)", "Partij vertegenwoordiger": "<persoon partij=\"VVD\">\u00c3\u2013rg\u00c3\u00bc</persoon>", "Datum_reaktie": "\n", "Datum_indiening": "<persoon partij=\"VVD\">Cornielje</persoon>", "vraag 1": "Herinnert u zich dat u en de wethouder van Onderwijs van de gemeente Rotterdam op 12 oktober 2000 een intentieverklaring over het Nationaal Onderwijsmuseum hebben getekend? ", "vraag 2": "Herinnert u zich dat hierin werd uitgesproken om in de nabije toekomst de verdere ontplooiing van het huidige Nationaal Schoolmuseum tot een nieuw Nationaal Onderwijsmuseum te bevorderen? ", "vraag 3": "Heeft u kennisgenomen van het beleidsplan nationaal onderwijsmuseum van februari 2001? Hoe beoordeelt u dit beleidsplan? ", "vraag 4": "Welke consequenties verbindt u hieraan? ", "antwoord 1": "[Ja", "antwoord 2": "Ja, met dien verstande, dat het bestuur van het Schoolmuseum is uitgenodigd om een beleidsplan op te stellen waarin wordt aangegeven welke taak en plaats een Nationaal Onderwijsmuseum in de nationale onderwijsinfrastructuur dient te hebben. Met de gemeente Rotterdam heb ik afgesproken om dit plan met een positieve grondhouding te toetsen op levensvatbaarheid en om een standpunt te bepalen of en hoe in de toekomstige exploitatie van het Nationaal Onderwijsmuseum kan worden voorzien", "antwoord 3": "Ja, van het beleidsplan heb ik kennis genomen. Het plan heb ik voor advies voorgelegd aan het Instituut Collectie Nederland (ICN). ICN adviseert om met het oog op de levensvatbaarheid enkele punten nader uit te werken. In het algemeen werd waardering uitgesproken voor het beleidsplan. Het advies heb ik overgenomen", "antwoord 4": "Aan het bestuur van het Schoolmuseum heb ik een verdere uitwerking van het beleidsplan, waaronder plannen voor de huisvesting, gevraagd. Ik heb het bestuur van het museum in de gelegenheid gesteld om deze uitwerking te realiseren. ]"}