{"Bibliografische_omschrijving": "Vragen van de leden Hoekema (D66) en Van Oven(PvdA) aan de minister van Buitenlandse Zaken over de Amerikaanse positie met betrekking tot het Internationale Straf Hof. (Ingezonden 24 september 2001); Antwoord", "Bestand": "14Kb", "Permalink": "\nhttp://www.geencommentaar.nl/parlando/index.php?action=doc&filename=KVR14553\n", "Inhoud": "Vragen over de Amerikaanse visie op berechting van grootschalige terroristische activiteiten bij het Internationale Straf Hof in het kader van misdrijven tegen de menselijkheid.", "Rubriek": "Criminaliteit en openbare orde (Criminaliteitsbestrijding en -preventie)", "Trefwoorden": "Terrorisme", "Vindplaats": "Kamervragen met antwoord 2001-2002, nr. 213, Tweede Kamer", "Afkomstig van": "2010200200", "Indiener": "Buitenlandse Zaken (BUZA)", "Partij vertegenwoordiger": "<persoon partij=\"D66\">Hoekema</persoon>", "Datum_reaktie": "\n", "Datum_indiening": "<persoon partij=\"PvdA\">Van Oven</persoon>", "vraag 1": "Verwacht u n\u00c3\u00a1 de gebeurtenissen van 11 september een discussie in de VS over de voor- en nadelen van het partij worden bij het Internationale Straf Hof op grond van de overweging dat de berechting van grootschalige terroristische activiteiten bij het Hof kan worden aangebracht als misdrijf tegen de menselijkheid? ", "vraag 2": "Ziet u kans c.q. aanleiding om in de contacten met de VS deze invalshoek in discussie te brengen? ", "vraag 3": "Denkt u dat een dergelijke discussie effect zal hebben op de inmiddels in het Amerikaanse Congres aanhangig gemaakte wetgeving (American Service Members Protection Act) die onder meer bepaalt dat op last van het Hof gevangen genomen Amerikaanse militairen mogen worden bevrijd? En, zo ja, in welke zin? ", "antwoord 1": "[Tijdens de onderhandelingen over het ICC-statuut is de vraag of het ICC competentie voor daden van terrorisme zou dienen te krijgen uitdrukkelijk aan de orde geweest en negatief beantwoord. Het is denkbaar dat die vraag onder de huidige omstandigheden een ander antwoord zou krijgen. Gelet op de ontwikkeling die het internationaal recht op dit punt doormaakt, is thans niet goed te beantwoorden of daarvoor een expliciete uitbreiding van het statuut benodigd is \u00e2\u20ac\u201c zoals tijdens de onderhandelingen werd aangenomen \u00e2\u20ac\u201c of dat bepaalde daden van terrorisme reeds gedekt zijn door de definitie van misdrijven tegen de menselijkheid. De discussies in de VS over de merites van het Strafhof in het algemeen en over Amerikaanse toetreding in het bijzonder hebben tot op heden tot een overwegend negatieve stellingname geleid van zowel administratie als Congres. Hoe deze discussies zich uiteindelijk zullen ontwikkelen en of en hoe daarbij de gebeurtenissen van 11 september zullen worden meegenomen, valt vooralsnog niet te voorspellen", "antwoord 2": "De Nederlandse inzet inzake de totstandkoming van het Internationaal Strafhof en de noodzaak de VS bij dat proces zo veel mogelijk te betrekken, is bekend", "antwoord 3": "Senator Helms trachtte recent de \u00c2\u00abAmerican Service Members Protection Act\u00c2\u00bb (ASPA) aanvaard te krijgen. Het voorstel werd echter op 2 oktober op procedurele gronden door de Senaat afgewezen. ]"}