{"Bibliografische_omschrijving": "Vragen van de leden Wilders en Weisglas (beiden VVD) aan de Minister van Buitenlandse Zaken over de Iraanse Jerusalem Day. (Ingezonden 2 januari 2002); Antwoord", "Bestand": "14Kb", "Permalink": "\nhttp://www.geencommentaar.nl/parlando/index.php?action=doc&filename=KVR14994\n", "Inhoud": "Vragen naar aanleiding van de uitspraken van de Iraanse ex-president over Isra\u00c3\u00abl.", "Rubriek": "Internationale betrekkingen (Overig) Veiligheidsbeleid en defensie (Oorlogen en conflicten) Veiligheidsbeleid en defensie (Wapenbeheersing)", "Trefwoorden": "Iran Isra\u00c3\u00abl Oorlogen Wapenbeheersing", "Vindplaats": "Kamervragen met antwoord 2001-2002, nr. 565, Tweede Kamer", "Afkomstig van": "2010204050", "Indiener": "Buitenlandse Zaken (BUZA)", "Partij vertegenwoordiger": "<persoon partij=\"VVD\">Wilders</persoon>", "Datum_reaktie": "\n", "Datum_indiening": "<persoon partij=\"VVD\">Weisglas</persoon>", "vraag 1": "Heeft u kennisgenomen van de schokkende uitspraken van de invloedrijke Voorzitter van de Iraanse Council of Expediency, de Iraanse ex-president Rafsanjani, gedaan op de zogenaamde Iraanse Jerusalem Day? ", "vraag 2": "Deelt u de mening dat de volgende publieke uitspraken van Rafsanjani verwerpelijk zijn: \u00c2\u00abDe Islamitische wereld zal het voortbestaan van Isra\u00c3\u00abl in de regio niet tolereren en zal haar uit haar midden kotsen\u00c2\u00bb, en \u00c2\u00abDe Jihad-acties tegen Isra\u00c3\u00abl zullen moeten voortduren ... en de acties van de Palestijnse Autoriteit tegen Jihad zijn derhalve onacceptabel\u00c2\u00bb, en \u00c2\u00abWanneer de Islamitische wereld een atoombom zal hebben, zal het gebruik van een enkele atoombom de kracht hebben Isra\u00c3\u00abl geheel te vernietigen\u00c2\u00bb? Welke consequenties verbindt u aan dergelijke uitspraken? ", "vraag 3": "Is het waar dat u hierover heden een brief heeft ontvangen van de Isra\u00c3\u00ablische Minister van Buitenlandse Zaken, de heer Simon Peres, waarin hij u namens de Isra\u00c3\u00ablische regering heeft gevraagd van Iran te eisen zijn non-conventionele wapenprogramma te staken mede op grond van de eerder genoemde uitspraken van Rafsanjani? Bent u bereid daaraan gehoor te geven? Kunt u de Kamer over uw inspanningen terzake in bi- en multilateraal verband informeren? ", "vraag 4": "Bent u bereid op korte termijn de Iraanse ambassadeur in Den Haag te ontbieden om uw ongenoegen over een afkeer van de uitspraken van Rafsanjani aan de Iraanse regering over te brengen? Hoe ziet u uw recente bezoek aan Iran gelet op voornoemde uitspraken als het gaat om het ware gezicht en het ware buitenlandse (Midden-Oosten-) beleid van de Islamitische Republiek Iran? ", "antwoord 1": "[Ja", "antwoord 2": "Ik ben met U van mening dat de genoemde uitspraken verwerpelijk zijn. De uitspraken van Rafsanjani zijn aanleiding voor de EU geweest om terstond offici\u00c3\u00able opheldering te vragen. Van de kant van het Iraanse ministerie van Buitenlandse Zaken is bij die gelegenheid o.m. aangegeven dat deze uitspraken niet het standpunt van de Iraanse regering vertolken en dat Iran voorstander is van denuclearisatie van de hele regio en slechts ge\u00c3\u00afnteresseerd is in vreedzaam gebruik van kernenergie en zijn nucleaire installaties aan IAEA-controle onderwerpt", "antwoord 3": "Genoemde brief van de heer Peres heb ik ontvangen, evenals andere EU-collega\u00e2\u20ac\u2122s en het EU-voorzitterschap. N.a.v. deze brief en met het oog op een mogelijk vervolg van de door de EU te Teheran genomen stappen vindt op Nederlands initiatief binnen de EU overleg plaats. Ik zal minister Peres in mijn antwoord laten weten dat de uitspraken van Rafsanjani voor Nederland onaanvaardbaar zijn en dat deze boodschap bilateraal duidelijk aan Iran is kenbaar gemaakt. Over de recente gesprekken met mijn Iraanse ambtgenoot en de Iraanse president, waarbij het beleid van Iran t.a.v. het Midden-Oosten vredesproces, het optreden van organisaties als Hamas en massavernietigingswapens uitdrukkelijk aan de orde zijn geweest, verwijs ik naar mijn brief van 19 december 2001. Uitspraken als de onderhavige zijn, ook al vertolken zij als zodanig biet het regeringsstandpunt, vanwege de positie van i.c. Rafsanjani reden om het feitelijke beleid van de regering bijzondere aandacht te geven. Dat is ook in de vorm van directe contacten met de Iraanse autoriteiten gebeurd. ]"}