{"Bibliografische_omschrijving": "Vragen van de leden Mosterd en Rietkerk (beiden CDA) aan de staatssecretaris van Volkshuisvesting, Ruimtelijke Ordening en Milieubeheer over de herberekening van huursubsidie in geval van lager inkomen. (Ingezonden 6 maart 2002); Antwoord", "Bestand": "14Kb", "Permalink": "\nhttp://www.geencommentaar.nl/parlando/index.php?action=doc&filename=KVR15393\n", "Inhoud": "Betreft de gevolgen voor de huursubsidie van het recht op belastingaftrek dat ouderen met alleen AOW of met AOW en een klein pensioen hebben.", "Rubriek": "Volkshuisvesting (Subsidies) Volkshuisvesting (Woninghuren) Welzijn (Ouderen)", "Trefwoorden": "Huursubsidies Ouderen", "Vindplaats": "Kamervragen met antwoord 2001-2002, nr. 912, Tweede Kamer", "Afkomstig van": "2010207550", "Indiener": "Volkshuisvesting, Ruimtelijke Ordening en Milieubeheer (VROM)", "Partij vertegenwoordiger": "<persoon partij=\"CDA\">Mosterd</persoon>", "Datum_reaktie": "\n", "Datum_indiening": "<persoon partij=\"CDA\">Rietkerk</persoon>", "vraag 1": "Bent u ervan op de hoogte dat ouderen met alleen AOW of met AOW en een klein pensioen heel vaak recht blijken te hebben op belastingaftrek en dat dit gevolgen heeft voor de huursubsidie? ", "vraag 2": "Is het niet onredelijk dat bij een hogere vaststelling van het inkomen de huursubsidie direct wordt aangepast en bij een lagere vaststelling van het inkomen de huursubsidie niet direct wordt aangepast? Zo neen, waarom niet? ", "vraag 3": "Is dit voor ouderen met lage inkomens zeer ongunstig? Zo neen, waarom niet? ", "vraag 4": "Bent u bereid deze ongunstige situatie voor met name ouderen met lage inkomens op te heffen? Zo ja, wanneer? ", "antwoord 1": "[Ja, wanneer ouderen via belastingaangifte een beroep doen op dergelijke aftrekmogelijkheden kan het zijn dat zij door een lager belastbaar (c.q. verzamelinkomen) een hogere huursubsidiebijdrage ontvangen. Omdat de huursubsidie uit oogpunt van o.a. betrouwbaarheid en controleerbaarheid uitgaat van belastbaar inkomen uit t-1, is het voor het bepalen van de huursubsidiebijdrage een voorwaarde dat de aftrek verwerkt is in het fiscale inkomen, zoals dat bij de belastingdienst bekend is. Bij de voorlichting over het nieuwe belastingstelsel is door verschillende instanties reeds veel aandacht besteed aan de mogelijkheden voor belastingaftrek. In aanvulling hierop heeft de staatssecretaris van Financi\u00c3\u00abn in antwoord op kamervragen van de leden Mosterd en Balkenende toegezegd dat de Belastingdienst zal onderzoeken op welke wijze hij 65-plussers actief en zo gericht mogelijk kan benaderen over de aftrekmogelijkheden van buitengewone uitgaven", "antwoord 2": "Momenteel is er inderdaad een dergelijk verschil, maar met de automatische verwerking via Eos wordt dit opgelost. Zie het antwoord op vraag 4. Wanneer de belastingaangifte v\u00c3\u00b3\u00c3\u00b3r 1 april bij de belastingdienst binnen is doet dit probleem zich niet meer voor", "antwoord 3": "Het effect hangt af van de hoogte van de aftrekpost(en), en is te vermijden wanneer v\u00c3\u00b3\u00c3\u00b3r 1 april aangifte gedaan wordt", "antwoord 4": "Vanaf 1 juli 2002 wordt de huursubsidie voor alle klanten automatisch verwerkt via het zogenaamde Eos. Eos voorziet in een aantal controles op het inkomen zoals dat bekend is bij de Belastingdienst. Zowel de gevolgen van vastgestelde hogere en lagere inkomens voor de huursubsidie worden automatisch met de klant verrekend binnen Eos. ]"}