{"Bibliografische_omschrijving": "Vragen van het lid Van der Knaap (CDA) aan de minister van Sociale Zaken en Werkgelegenheid en de staatssecretarissen van Binnenlandse Zaken en Koninkrijksrelaties en van Volkshuisvesting, Ruimtelijke Ordening en Milieubeheer over uitkeringen en huursubsidie aan Antillianen. (Ingezonden 7 december 2001); Antwoord", "Bestand": "13Kb", "Permalink": "\nhttp://www.geencommentaar.nl/parlando/index.php?action=doc&filename=KVR15116\n", "Inhoud": "Vragen over Antillianen die in Nederland een uitkering en/of huursubsidie krijgen, terwijl zij daarnaast inkomen hebben uit de verhuur van hun woning op de Antillen.", "Rubriek": "Sociale zekerheid (Misbruik sociale zekerheid) Volkshuisvesting (Subsidies) Volkshuisvesting (Woninghuren)", "Trefwoorden": "Huursubsidies Misbruik sociale verzekeringen Nederlandse Antillen Sociale uitkeringen", "Vindplaats": "Kamervragen met antwoord 2001-2002, nr. 666, Tweede Kamer", "Afkomstig van": "2010203420", "Indiener": "Sociale Zaken en Werkgelegenheid (SZW)", "Partij vertegenwoordiger": "<persoon partij=\"CDA\">Van der Knaap</persoon>", "Datum_reaktie": "\n", "Datum_indiening": "2002-02-21", "vraag 1": "Is het waar dat er in Nederland Antillianen verblijven die hier een uitkering en/of huursubsidie krijgen, terwijl zij daarnaast inkomen hebben uit de verhuur van hun op de Antillen aangehouden woning? ", "vraag 2": "Zo ja, wat is de omvang van dit verschijnsel en wat gaat u doen om hieraan een eind te maken? ", "antwoord 1": "[Gedoeld wordt op de situatie waarbij personen bij het invullen van aanvraagformulieren van uitkeringen en/of huursubsidie al dan niet bewust verzuimen om inkomsten te vermelden, en er bijgevolg sprake is van samenloop daarvan met uitkeringen en/of huursubsidie. De uitkeringen in het kader van de Algemene bijstandswet (Abw) zijn hierbij van belang. Op dat terrein bestrijden gemeenten intensief misbruik en oneigenlijk gebruik, waar mogelijk door het koppelen van relevante bestanden en dat uiteraard binnen de kaders van de diverse bestaande \u00e2\u20ac\u201c (inter)nationale \u00e2\u20ac\u201c wettelijke bepalingen. Door bestanden te koppelen sluiten zij witte fraude zoveel mogelijk uit. Wat betreft het terrein van het departement van Volkshuisvesting, Ruimtelijke Ordening en Milieubeheer wordt voor de huursubsidie witte fraude momenteel vrijwel uitgesloten door grootschalige gegevensuitwisseling tussen diverse primaire gegevensbronnen (belastingdienst, Gemeentelijke Basis Administratie en verhuurders). Waar in deze bestanden geen informatie voorhanden is over inkomsten in het buitenland, kan voor het toekennen van huursubsidie niet worden getoetst op misbruik of oneigenlijk gebruik. De in de vragen geschetste situatie duidt op het verschijnsel van zwarte fraude. Concrete signalen over zwarte fraude worden nagetrokken in de zin dat het bestrijden ervan feitenonderzoek door een daartoe bevoegde vereist. Tegen de geschetste achtergrond van het verzuimen van het vermelden van inkomsten binnen en buiten Nederland zal het Ministerie van sociale Zaken en Werkgelegenheid binnenkort aan de Nederlandse gemeenten een circulaire aanbieden waarin de inlichtingenplicht van uitkeringsaanvragers en de bewijspositie van gemeenten nader worden toegelicht. Daarnaast zal een voorlichtingscampagne worden gestart die aanvragers van bijstandsuitkeringen informeert over het hebben van vermogen buiten Nederland. Er vindt regelmatig interdepartementaal overleg plaats over thema\u00e2\u20ac\u2122s die het Europese en overzeese deel van het Koninkrijk regarderen. In de eerstvolgende vergadering van de Interdepartementale Commissie Koninkrijksrelaties (ICKR) zal dit onderwerp aan de orde komen. Daar zal het reeds in een eerder stadium gevoerd interdepartementaal overleg overeengekomen steekproefonderzoek naar de omvang van het verschijnsel worden besproken. De eerste resultaten daarvan zullen u naar verwachting nog voor het einde van dit jaar bereiken, evenals de beleidsmatige consequenties die daaraan te verbinden zijn. ]"}