{"Bibliografische_omschrijving": "Vragen van het lid Hoekema (D66) aan de minister van Buitenlandse Zaken en de staatssecretaris van Economische Zaken over vervoer coltan en \u00c2\u00abbloed-tantalum\u00c2\u00bb door Martinair. (Ingezonden 28 november 2001); Antwoord", "Bestand": "15Kb", "Permalink": "\nhttp://www.geencommentaar.nl/parlando/index.php?action=doc&filename=KVR14943\n", "Inhoud": "Aanvullende vragen op eerder gestelde vragen door het kamerlid Koenders, ingezonden 22 november 2001.", "Rubriek": "Energie, water en grondstoffen (Delfstoffenwinning) Veiligheidsbeleid en defensie (Oorlogen en conflicten)", "Trefwoorden": "Congo Delfstoffenwinning Economische sancties Oorlogen", "Vindplaats": "Kamervragen met antwoord 2001-2002, nr. 526, Tweede Kamer", "Afkomstig van": "2010202980", "Indiener": "Buitenlandse Zaken (BUZA)", "Partij vertegenwoordiger": "<persoon partij=\"D66\">Hoekema</persoon>", "Datum_reaktie": "\n", "Datum_indiening": "2002-01-21", "vraag 1": "Wat is uw oordeel over het VN rapport over de financiering van conflicten in Congo in zijn algemeenheid mede als onderdeel van een alomvattende strategie voor het Grote Meren Gebied? ", "vraag 2": "Bent u voornemens om nationaal en in EU-verband aan te dringen op uitvoering van de aanbevelingen? ", "vraag 3": "Welke follow-up in VN-verband staat u voor? ", "antwoord 1": "[Het addendum bij het VN rapport over de illegale exploitatie van natuurlijke hulpbronnen en andere rijkdommen in de DR Congo geeft een heldere analyse van de wijze waarop in de DR Congo conflict en illegale exploitatie elkaar in stand houden. Wij kunnen ons zeker vinden in de conclusie dat het falen van de Congolese staat een belangrijke oorzaak is van de exploitatie en dat demobilisatie van gewapende groepen in Oost Congo en wederopbouw van de Congolese staat het probleem voor een groot deel zouden meehelpen oplossen. Het mandaat van het VN Panel belast met dit onderzoek werd door de Veiligheidsraad in mei 2001 met drie maanden verlengd omdat het in april 2001 uitgekomen oorspronkelijke rapport sterk was bekritiseerd. Ook wij waren toentertijd niet tevreden over de wijze waarop het rapport tot stand was gekomen en de nadruk die werd gelegd op de rol van bepaalde landen (Rwanda en Uganda) terwijl de rol van andere landen (Zimbabwe, Namibi\u00c3\u00ab) onderbelicht bleef. Het addendum dat thans is uitgekomen is gebalanceerder, geeft een betere analyse en komt met realistischer aanbevelingen inzake dit belangrijke onderwerp. Ons oordeel over het rapport is daarom positief als het gaat om de globale conclusies die worden getrokken en de analyse die is gemaakt. Het panel had, echter waarschijnlijk door tijdsdruk en de moeilijke omgeving waarin het heeft moeten werken, soms te maken gehad met onvolledige informatie. Het is niet mogelijk te verifi\u00c3\u00abren welke bronnen precies door het panel zijn geraadpleegd omdat deze niet openbaar zijn.Wij aarzelen daarom alle individuele aantijgingen die in het rapport zijn gemaakt te onderschrijven. Als onderdeel van een alomvattende strategie voor het Grote Merengebied is het rapport zeer nuttig. Het geeft inzicht in de onderliggende belangen van de verschillende partijen bij het conflict en het geeft aan op welke wijze de internationale gemeenschap en de landen in de regio bij zouden kunnen dragen aan een oplossing ervan", "antwoord 2": "In overleg met betrokken departementen en onze Europese partners zal nagegaan worden welke van de aanbevelingen haalbaar en effectief zijn. Indien daarvan sprake is zal in nationaal en EU verband worden aangedrongen op uitvoering daarvan. Voorafgaand zal ook overleg worden gevoerd met de betrokken Nederlandse maatschappelijke organisaties", "antwoord 3": "In VN verband zouden wij graag zien dat er een mechanisme voor monitoring en evaluatie wordt opgezet dat geregeld aan de Veiligheidsraad rapporteert over de voortgang met betrekking tot dit onderwerp. Aan de hand van deze rapportages kan bezien worden of de VN additionele maatregelen dient te nemen. Het rapport is op 14 december jongstleden in een open debat door de leden van de Veiligheidsraad verwelkomd. Besloten is het mandaat van het Panel met 6 maanden te verlengen om monitoring van de situatie ter hand te nemen en de effectiviteit en proportionaliteit van eventuele maatregelen te onderzoeken. ]"}