{"Bibliografische_omschrijving": "Vragen van het lid Rosenm\u00c3\u00b6ller (GroenLinks) over de voorgenomen sluiting van het arbeidsbureau Centrum-West in de Schilderswijk te Den Haag (Ingezonden 3 mei 1995); Antwoord", "Bestand": "16Kb", "Permalink": "\nhttp://www.geencommentaar.nl/parlando/index.php?action=doc&filename=KVR1485\n", "Inhoud": "Arbeid (Arbeidsbemiddeling)", "Rubriek": "RBA's", "Trefwoorden": "Kamervragen met antwoord 1994-1995, nr. 841, Tweede Kamer", "Vindplaats": "Sociale Zaken en Werkgelegenheid", "Afkomstig van": "<persoon partij=\"GroenLinks\">Rosenm\u00c3\u00b6ller</persoon>", "Indiener": "\n", "Partij vertegenwoordiger": "1995-05-30", "Datum_reaktie": "1995-05-03", "Datum_indiening": "KVR1485", "vraag 1": "Heeft het RBA te Den Haag zich voorgenomen het arbeidsbureau Centrum-West in de Schilderswijk te Den Haag te sluiten? ", "vraag 2": "Hoe beoordeelt u dit voornemen tegen de achtergrond van het feit dat dit arbeidsbureau pas sinds medio 1994 operationeel is, gelegen is in een wijk met een hoog percentage moeilijk bemiddelbare werkzoekenden en volgens de eerste evaluatiegegevens bovengemiddelde plaatsingsresultaten heeft geboekt? ", "vraag 3": "Welke mogelijkheden zijn er om, in afwachting van de uitkomst van de binnenkort in de Kamer te voeren beraadslaging over plaats en taak van de arbeidsvoorzieningsorganisatie, te voorko\u00c2\u00b4men dat genoemd arbeidsbureau zal sluiten? ", "antwoord 1": "[Ja , Uit informatie van het Regionaal Bestuur voor de Arbeidsvoorziening Den Haag/Delft is mij het volgende gebleken. Het bestuur Den Haag/Delft is op 1 juli 1993 de decentralisatie van zijn vestigingen overgegaan. Dit resulteerde in de totstandkoming van een vijftal vestigingen van het arbeidsbureau in Den Haag. Centrum-West is e\u00c2\u00b4e\u00c2\u00b4n van die vestigingen. Als gevolg van de nadien opgelegde bezuinigingen door het Centraal Bestuur voor de Arbeidsvoorziening dienen de beheerskosten fors te worden teruggebracht, mede teneinde de beleidsinstrumenten en -gelden zoveel mogelijk te ontzien. Dit kan niet anders dan gevolgen hebben voor de huisvesting en het personeel. In maart jongstleden is daarom door het Regionaal Bestuur voor de Arbeidsvoorziening ondermeer besloten tot het handhaven van een absolute personeelsstop en het zoveel mogelijk herplaatsen van personeel van indirecte naar directe functies. Overwogen is voorts de formatie op alle vestigingen in te krimpen. Hiervan is afgezien omdat bepaalde vestigingen dan qua bezetting beneden een kritische ondergrens zakken. Sluiting van vestigingen bleek daarom noodzakelijk. Besloten is tot sluiting van het arbeidsbureau Centrum-West en het Top Centre te Delft. Bij de keuze van de vestiging Centrum-West heeft het RBA de volgende factoren in overweging genomen. Sluiting van de vestigingen in Delft, Naaldwijk of Zoetermeer is uit oogpunt van regionale spreiding niet mogelijk. Opdeling van Centrum-West is vanwege de ligging het minst ingrijpend voor wijzigingen in de uitvoeringsorganisatie. Ondanks de goede inspanning van 1994 en het behalen van de overeengekomen taakstellingen heeft Centrum-West binnen Den Haag het laagste aantal plaatsingen (in 1994 ook van langdurig werklozen), per fte-medewerker. Van belang is voorts dat de individuele trajectbemiddeling in Den Haag wordt uitgevoerd door Werkraat. De arbeidsbureaus richten zich vooral op de vraagzijde. De inspanningen inzake individuele trajectbemiddeling ten behoeve van de bewoners in het betrokken gebied zijn niet in het geding. De uiteindelijke plaatsing in regulier werk kan vervolgens plaatsvinden vanuit de andere vestigingen. Dit alles laat onverlet het belang van de aanwezigheid van een laagdrempelige en goed bereikbare voorziening in zg. achterstandswijken. In het kabinetsstandpunt inzake de evaluatie van de Arbeidsvoorzieningswet is als uitgangspunt neergelegd dat het wenselijk is dat Arbeidsvoorziening en de uitkeringsorganen sociale zekerheid hun dienstverlening zoveel mogelijk coo\u00c2\u00a8rdineren door het combineren van loketfuncties. Gelet op de omvang van de aan de arbeidsmarkt gerelateerde problemen in de grote steden ligt het voor de hand vooral daar met voorrang aan de realisatie van een dergelijke gecoo\u00c2\u00a8rdineerde dienstverlening te werken, aldus het kabinetsstandpunt. Ik zal daarom aan het Regionaal Bestuur voor de Arbeidsvoorziening in de Regio Den Haag/Delft en het college van Burgemeester en Wethouders in Den Haag verzoeken te bezien op welke wijze het al mogelijk is een gezamenlijke voorziening te scheppen", "antwoord 2": "De inrichting van de arbeidsvoorzieningsorganisatie in de regio wordt door de Arbeidsvoorzieningswet opgedragen aan het Regionaal Bestuur. Een formele mogelijkheid om het besluit door de minister van SZW te laten schorsen of te vernietigen is niet aanwezig. Het CBA kan het RBA uiteraard verzoeken het besluit op te schorten of te wijzigen. Gezien de argumenten en overwegingen, hierboven weergegeven, zal ik via de overheidsvertegenwoordiging in het CBA erop aandringen door middel van overleg te bevorderen dat bundeling van dienstverlening zoals door het kabinet beoogd ter plekke zal plaatsvinden. ]"}