{"Bibliografische_omschrijving": "Vragen van het lid Dijksma (PvdA) aan de minister van Onderwijs, Cultuur en Wetenschappen over een financi\u00c3\u00able tegemoetkoming inzake een stage van een student van de verpleegstersopleiding mbo-V. (Ingezonden 28 maart 2002); Antwoord", "Bestand": "13Kb", "Permalink": "\nhttp://www.geencommentaar.nl/parlando/index.php?action=doc&filename=KVR15540\n", "Inhoud": "Vragen over het ontbreken van financi\u00c3\u00able tegemoetkoming bij stages van studenten van de verpleegstersopleiding MBO-V buiten Europa terwijl die tegemoetkoming wel bestaat voor HBO-stagiaires.", "Rubriek": "Beroepsonderwijs en volwasseneneducatie (Overig) Gezondheidszorg (Opleidingen)", "Trefwoorden": "Gezondheidszorgonderwijs Mbo Stages", "Vindplaats": "Kamervragen met antwoord 2001-2002, nr. 1042, Tweede Kamer", "Afkomstig van": "2010208520", "Indiener": "Onderwijs, Cultuur en Wetenschappen (OCW)", "Partij vertegenwoordiger": "<persoon partij=\"PvdA\">Dijksma</persoon>", "Datum_reaktie": "\n", "Datum_indiening": "2002-04-17", "vraag 1": "Welke overwegingen liggen eraan ten grondslag dat een student die de opleiding tot verpleegster volgt aan het mbo-V en in het kader van haar opleiding een stage wil volgen in Ghana niet in aanmerking komt voor een financi\u00c3\u00able tegemoetkoming? ", "vraag 2": "Onderkent u dat zo\u00e2\u20ac\u2122n stage in een ontwikkelingsland een bijzondere meerwaarde voor de ontwikkelingsrelaties kan betekenen, maar dat de extra kosten van visa, inentingen en vliegtickets wel erg veel idealisme van de betrokken stagiaires dreigen te vergen? ", "vraag 3": "Acht u het terecht dat stagiaires in soortgelijke gevallen bij een buitenlandstage binnen Europa wel reis- en verblijfskosten vergoed krijgen? Zo ja, waarom? Zo neen, wat gaat u dan op dit punt ondernemen? ", "vraag 4": "Acht u het terecht dat er op dit punt voor mbo-stagiaires een financi\u00c3\u00able tegemoetkoming ontbreekt die wel bestaat voor hbo-stagiaires die buiten Europa stage lopen? Zo ja, waarom? Zo neen, wat gaat u dan op dit punt ondernemen? ", "antwoord 1": "[De aanname dat (ouders van) leerlingen in het mbo in het buitenland helemaal geen financi\u00c3\u00able ondersteuning kunnen krijgen is niet correct. Indien een student in Nederland een voltijdsopleiding volgt bestaat, afhankelijk van de leeftijd, recht op een tegemoetkoming van studiekosten (WTOS) of studiefinanciering. Indien de student geen aanspraak kan maken op tegemoetkoming studiekosten of studiefinanciering kunnen de ouders/verzorgers de kosten van levensonderhoud van het studerende kind opvoeren als buitengewone lastenaftrek voor de inkomstenbelasting. Hiermee is een belangrijke aftrekpost gegeven binnen het stelsel van loon- en inkomstenbelasting. Daarnaast ontvangen de ouders tot het 18 e jaar kinderbijslag. Ook kan de student fondsen benaderen of een beurs proberen te verkrijgen", "antwoord 2": "Ik onderken dat een stage in een ontwikkelingsland meerwaarde kan hebben voor de ontwikkelingsrelaties en dat het volgen van een studie(onderdeel) in het buitenland extra kosten met zich mee kan brengen", "antwoord 3": "Stagiaires krijgen in soortgelijke gevallen bij een buitenlandstage binnen Europa geen reis- en verblijfskosten vergoed in de vorm van extra tegemoetkoming studiekosten of studiefinanciering", "antwoord 4": "De overheid maakt geen verschil in de financi\u00c3\u00able tegemoetkoming voor mbo- en hbo-stagiaires. Beiden hebben in de meeste gevallen recht op een tegemoetkoming studiekosten dan wel studiefinanciering, en wanneer men hier geen aanspraak op kan maken kunnen de ouders/verzorgers de kosten van levensonderhoud van het studerende kind opvoeren als buitengewone lastenaftrek voor de inkomstenbelasting. ]"}