{"Bibliografische_omschrijving": "Vragen van de leden Smits, Noorman-den Uyl en Depla (allen PvdA) aan de minister van Sociale Zaken en Werkgelegenheid over de bijstand en verplichte pensioenafkoop. (Ingezonden 23 oktober 2001); Antwoord", "Bestand": "13Kb", "Permalink": "\nhttp://www.geencommentaar.nl/parlando/index.php?action=doc&filename=KVR14846\n", "Inhoud": "Vragen over de mogelijkheid om een voor pensioen bedoelde vroegtijdig ongevraagde pensioenuitkering tijdens een bijstandsuitkering om te zetten in een nieuwe pensioenvoorziening die op het 65e jaar ingaat.", "Rubriek": "Sociale zekerheid (Ouderdomsvoorzieningen en pensioenen (AOW))", "Trefwoorden": "Pensioenen", "Vindplaats": "Kamervragen met antwoord 2001-2002, nr. 455, Tweede Kamer", "Afkomstig van": "2010201320", "Indiener": "Sociale Zaken en Werkgelegenheid (SZW)", "Partij vertegenwoordiger": "<persoon partij=\"PvdA\">Smits</persoon>", "Datum_reaktie": "\n", "Datum_indiening": "<persoon partij=\"PvdA\">Noorman-den Uyl</persoon>", "vraag 1": "Herinnert u zich het algemeen overleg met de vaste commissie voor Sociale Zaken en Werkgelegenheid over de kabinetsreactie op het SER-advies \u00c2\u00abonvolledige AOW-opbouw\u00c2\u00bb en uw toezegging daarbij om te bezien of het mogelijk is om bij aanvang van een bijstandsuitkering extra ontbrekend AOW-pensioen in te kopen? 1, 2 ", "vraag 2": "Kunt u zich voorstellen dat in sommige gevallen ook een voor pensioen bedoelde vroegtijdig ongevraagde pensioenuitkering tijdens een bijstandsuitkering omgezet wordt in een nieuwe pensioenvoorziening die op het 65 ste jaar ingaat? ", "vraag 3": "Zo ja, indien een bescheiden pensioen ongevraagd en zonder mogelijkheid van verzet wordt uitbetaald aan een bijstandsgerechtigde, bent u dan bereid toe te staan dat voor dat bedrag een hernieuwde pensioenvoorziening wordt ingekocht die ingaat op het 65 ste jaar? ", "vraag 4": "Zo ja, op welke termijn gaat u de gemeenten informeren over het dan in voorkomende gevallen niet langer verrekenen van de vroegtijdige pensioenvoorziening met de bijstandsuitkering? ", "antwoord 1": "[Ja", "antwoord 2": "In de wet is de mogelijkheid geboden voor afkoop van kleine pensioenen vanwege het feit dat de aanspraak te klein is voor een substanti\u00c3\u00able periodieke uitkering. Het gaat hierbij om een pensioenaanspraak van maximaal f 701,81 per jaar (afkoopgrens in het jaar 2001). Indien het pensioenreglement niet voorziet in een flexibele pensioendatum kan er niet voor een ingangsdatum op 65 jaar gekozen worden. Het opbouwen van een hernieuwde pensioenvoorziening is alleen mogelijk in het kader van een dienstbetrekking. Iemand met een bijstandsuitkering komt dus niet toe aan een hernieuwde pensioenvoorziening. ]"}