{"Bibliografische_omschrijving": "Vragen van de leden Noorman-den Uyl en Smits (beiden PvdA) aan de minister van Sociale Zaken en Werkgelegenheid over de privatisering van de sociale dienst van Maarssen. (Ingezonden 9 januari 2002); Antwoord", "Bestand": "13Kb", "Permalink": "\nhttp://www.geencommentaar.nl/parlando/index.php?action=doc&filename=KVR15113\n", "Inhoud": "Aanvullende vragen over de consequenties van de voorgenomen privatisering van de sociale dienst in Maarssen. Met name over het vernietigen van het eerdere besluit van de gemeenteraad tot privatisering van onderdelen van de sociale dienst, dan wel het geven van een aanwijzing om deze onrechtmatige taakuitoefening te be\u00c3\u00abindigen (Aanvulling op eerdere Kamervragen terzake, Aanhangsel Handelingen 2001-2002, nr. 380 en 438).", "Rubriek": "Bedrijfsleven en industrie (Privatisering) Sociale zekerheid (Bijstand (ABW, RWW, Wet Sociale Werkvoorziening))", "Trefwoorden": "Bijstand Gemeentelijke Sociale Diensten Privatisering", "Vindplaats": "Kamervragen met antwoord 2001-2002, nr. 686, Tweede Kamer", "Afkomstig van": "2010204180", "Indiener": "Sociale Zaken en Werkgelegenheid (SZW)", "Partij vertegenwoordiger": "<persoon partij=\"PvdA\">Noorman-den Uyl</persoon>", "Datum_reaktie": "\n", "Datum_indiening": "<persoon partij=\"PvdA\">Smits</persoon>", "vraag 1": "Heeft u kennisgenomen van het besluit van de gemeenteraad van Maarssen om met ingang van 1 januari 2002 onderdelen van de taken van de afdeling sociale zaken van die gemeente uit te besteden aan een private onderneming? ", "vraag 2": "Herinnert u zich de antwoorden op eerder daarover gestelde vragen (nr. 308) inzake deze voorgenomen privatisering en uw voornemen, indien er strijd is met regelgeving van uw bevoegdheden gebruik te maken? ", "vraag 3": "Bent u bereid het besluit van de gemeente Maarssen dat strijdig is met door u genoemde criteria inzake de uitvoering van bijstand voor vernietiging voor te dragen, dan wel de gemeente Maarssen een aanwijzing te geven om deze onrechtmatige taakuitoefening te be\u00c3\u00abindigen? ", "vraag 4": "Wilt u de Kamer hierover op de kortst mogelijke termijn berichten? ", "antwoord 1": "[Ja", "antwoord 2": "In de brief die de inspecteur-generaal voor Werk en Inkomen aan de gemeente Maarssen heeft verstuurd geef ik aan dat mijns inziens de gemeente zich niet houdt aan de vigerende wet- en regelgeving. Ik verwacht dat Maarssen vanaf heden haar uitvoering zodanig zal aanpassen dat daaraan wordt voldaan. De Inspectie Werk en Inkomen zal daarop toezien. ]"}