{"Bibliografische_omschrijving": "Vragen van het lid Schuyer (D66) op 13november 2001 medegedeeld aan de staatssecretaris van Onderwijs, Cultuur en Wetenschappen, de heer Van der Ploeg betreffende het niet uitreiken van de Staatsprijs der Nederlandse Letteren aan Gerard Reve door de Koning der Belgen.; Antwoord", "Bestand": "14Kb", "Permalink": "\nhttp://www.geencommentaar.nl/parlando/index.php?action=doc&filename=KVR14651\n", "Inhoud": "Cultuur en taal (Literatuur) Cultuur en taal (Nederlandse taal)", "Rubriek": "Literatuur Nederlandse taal Onderscheidingen", "Trefwoorden": "Kamervragen met antwoord 2001-2002, nr. 1, Eerste Kamer", "Vindplaats": "0", "Afkomstig van": "Onderwijs, Cultuur en Wetenschappen (OCW)", "Indiener": "<persoon partij=\"D66\">Schuyer</persoon>", "Partij vertegenwoordiger": "\n", "Datum_reaktie": "2001-11-21", "Datum_indiening": "2001-11-13", "vraag 1": "Hebt u kennisgenomen van het bericht dat de Koning der Belgen de driejaarlijkse Staatsprijs der Nederlandse Letteren niet wenst uit te reiken aan Gerard Reve? ", "vraag 2": "Is het bericht juist, dat de Koning daartoe heeft besloten op grond van het feit dat een ander \u00e2\u20ac\u201c weliswaar bekend aan Gerard Reve \u00e2\u20ac\u201c verdacht wordt van een zedendelict? ", "vraag 3": "Welke actie, diplomatiek of anderszins, heeft de Nederlandse regering ondernomen om deze beslissing van het Belgische hof aan te vechten? ", "vraag 4": "Is overwogen om bij weigering van het Belgisch hof op zijn schreden terug te keren, de prijs te laten uitreiken door de Nederlandse Koningin? Zo ja, waarom is daar dan niet toe overgegaan? Zo nee, waarom niet? ", "vraag 5": "Wat is de positie van de Nederlandse Taalunie in deze aangelegenheid? ", "vraag 6": "Welk oordeel heeft de Nederlandse regering over deze gang van zaken? ", "antwoord 1": "[Ik heb kennis genomen van het perscommuniqu\u00c3\u00a9 van de Vlaamse minister van Cultuur, de heer Anciaux, dat de Koning der Belgen de Prijs der Nederlandse Letteren niet zou uitreiken aan Gerard Reve", "antwoord 2": "Minister Anciaux heeft op woensdag 24 november jl. op vragen van Vlaamse parlementsleden geantwoord dat het zijn persoonlijke beslissing was om de prijs niet door de Koning te laten uitreiken. Hij heeft daarbij gezegd dat de persoonlijke situatie van de partner van Gerard Reve hem niet aangaat en dat, zolang geen veroordeling is uitgesproken, die niet kan en mag meespelen. Naar zijn mening echter werd het Belgische Hof gecompromitteerd door verklaringen van de heer Schafthuizen over de uitreiking van de prijs in diverse Nederlandse en Belgische kranten. Minister Anciaux heeft voorts gezegd de beslissing te hebben genomen om erger te voorkomen en omdat naar zijn mening van de prijsuitreiking geen komedie gemaakt mocht worden. \n, Over de onderhavige zaak is telefonisch gesproken met minister Anciaux", "antwoord 3": "Neen, dat wordt niet gepast geacht", "antwoord 4": "De Prijs der Nederlandse Letteren is een prijs van de Nederlandse Taalunie voor het oeuvre van een Nederlandstalige auteur, die beurtelings door de Nederlandse Koningin en de Belgische Koning wordt uitgereikt. De Nederlandse Taalunie heeft geen positie in de verhouding tussen de Vlaamse minister van Cultuur en het Belgische Hof. Er was wel sprake van dat de Algemeen Secretaris van de Nederlandse Taalunie de prijs zou uitreiken, maar dit voorstel heeft de heer Schafthuizen namens de heer Reve afgewezen", "antwoord 5": "De gang van zaken wordt betreurd, maar er is begrip voor de Belgische gevoeligheid in dezen. ]"}