{"Bibliografische_omschrijving": "Vragen van de leden Oedayraj Singh Varma en Rabbae (beiden GroenLinks) over een inbraak bij het Amsterdams Solidariteits Komitee Vluchtelingen (Ingezonden 28 april 1995); Antwoord", "Bestand": "14Kb", "Permalink": "\nhttp://www.geencommentaar.nl/parlando/index.php?action=doc&filename=KVR1537\n", "Inhoud": "Criminaliteit en openbare orde (Overig) Welzijn (Vreemdelingen en asielzoekers)", "Rubriek": "Criminaliteit Vluchtelingen", "Trefwoorden": "Kamervragen met antwoord 1994-1995, nr. 890, Tweede Kamer", "Vindplaats": "Justitie", "Afkomstig van": "<persoon partij=\"GroenLinks\">Oedayraj Singh Varma</persoon>", "Indiener": "\n", "Partij vertegenwoordiger": "<persoon partij=\"GroenLinks\">Rabbae</persoon>", "Datum_reaktie": "\n", "Datum_indiening": "1995-06-12", "vraag 1": "Hebt u kennis genomen van de inbraak \u00e2\u20ac\u201c met behulp van een valse sleutel \u00e2\u20ac\u201c op 19 april jl. in de lokalen van het ASKV (Amsterdams Solidariteits Komitee Vluchtelingen), waarbij het kasboek en een geldkistje zijn verdwenen? ", "vraag 2": "Waren de daders kennelijk op zoek naar materiaal over uitgeprocedeerde asielzoekers en adressen van mensen en organisaties die zich met deze categorie asielzoekers bezighouden? ", "vraag 3": "Begrijpt u het vermoeden van de getroffenen, dat er een verband bestaat tussen deze inbraak en het opsporingsonderzoek in de RARA-zaak? ", "vraag 4": "Bent u bereid te onderzoeken of hier sprake is van een opsporingsaktie van de politie Haaglanden, de BVD of een andere overheidsinstantie en de Kamer daarover in te lichten? ", "antwoord 1": "[Ja", "antwoord 2": "De hoofdofficier van Justitie te Amsterdam heeft van de raadsvrouw van het Amsterdams Solidariteits Komitee Vluchtelingen (ASKV) aangifte ontvangen van diefstal door inbraak met valse sleutels en van lokaalvredebreuk. De Amsterdamse politie heeft deze zaak in onderzoek. Dit onderzoek heeft tot op heden nog geen resultaat gehad. Over de richting waarin de dader moet worden gezocht en over de intentie van de inbraak is nog niets bekend", "antwoord 3": "Neen. Ons is weliswaar bekend dat enkele leden van het ASKV als getuigen zijn gehoord in het kader van het gerechtelijk vooronderzoek tegen twee personen die worden verdacht van betrokkenheid bij een criminele organisatie bekend onder de naam RaRa, doch dit rechtvaardigt geenszins het door de vragenstellers omschreven vermoeden", "antwoord 4": "Uit inlichtingen verstrekt door de procureurs-generaal te Amsterdam en te Den Haag en uit inlichtingen verstrekt door het hoofd van de Binnenlandse Veiligheidsdienst blijkt dat elk vermoeden van een opsporingsaktie van de politie of van een aktie van de Binnenlandse Veiligheidsdienst volstrekt uit de lucht is gegrepen. Wij zullen de Kamer inlichten over de resultaten van het onderzoek van de Amsterdamse politie in deze zaak. ]"}