{"Bibliografische_omschrijving": "Vragen van het lid Th. C. de Graaf (D66) aan de minister-president over de staatssecretaris van Sociale Zaken en Werkgelegenheid. (Ingezonden 6 september 2002); Antwoord", "Bestand": "14Kb", "Permalink": "\nhttp://www.geencommentaar.nl/parlando/index.php?action=doc&filename=KVR16324\n", "Inhoud": "Vragen over de benoeming van de staatssecretaris van Sociale Zaken en Werkgelegenheid, belast met emancipatie, levensloop- en gezinsbeleid, arbeid en zorg en kinderopvang en waarom die benoeming zo lang op zich laat wachten.", "Rubriek": "Staats- en bestuursrecht (Regering)", "Trefwoorden": "Sociale Zaken en Werkgelegenheid (ministerie) Staatssecretarissen", "Vindplaats": "Kamervragen met antwoord 2002-2003, nr. 38, Tweede Kamer", "Afkomstig van": "2010215010", "Indiener": "Algemene Zaken (AZ)", "Partij vertegenwoordiger": "<persoon partij=\"D66\">Th. C. de Graaf</persoon>", "Datum_reaktie": "\n", "Datum_indiening": "2002-09-23", "vraag 1": "Kunt u uitleggen waarom de benoeming van de staatssecretaris van Sociale Zaken en Werkgelegenheid, belast met emancipatie, levensloop- en gezinsbeleid, arbeid en zorg en kinderopvang zo lang op zich laat wachten? ", "vraag 2": "Hebt u, sinds het aftreden van mw. Bijlhout, door de LPF aangedragen kandidaten afgewezen? Zo ja, hoeveel en waarom? ", "vraag 3": "Deelt u de mening dat het nog steeds ontbreken van een staatssecretaris schadelijk is voor geloofwaardigheid van het kabinet en de werkzaamheden van de regering op de terreinen waarvoor de staatssecretaris verantwoordelijk is? ", "vraag 4": "Laat u het aandragen van kandidaten over aan de LPF of bemoeit u zich daar, gezien het belang van de zaak, actief mee? ", "vraag 5": "Is het ontbreken van de staatssecretaris in kwestie bij de huidige kabinetsbesprekingen over de begroting van 2003 niet schadelijk voor de beleidsterreinen waarvoor deze staatssecretaris verantwoordelijk is? Hoe wordt dit probleem ondervangen? ", "vraag 6": "Is het niet invullen van de vacature representatief voor het belang dat het kabinet hecht aan emancipatie, levensloop- en gezinsbeleid, arbeid en zorg en kinderopvang? ", "vraag 7": "Overweegt u, indien de vacature niet binnen enkele dagen kan worden vervuld door de LPF, kandidaten afkomstig van de andere coalitiepartijen aan te zoeken? ", "antwoord 1": "[Zoals u bekend is de verdeling van de portefeuilles in een kabinet het resultaat van afspraken tijdens de kabinetsformatie. Het is ter invulling van die afspraken de eerste verantwoordelijkheid van de betrokken fractie om met kandidaten te komen. Alle fracties hebben daaraan tijdig voor de be\u00c3\u00abdiging van dit kabinet voldaan. Door een betreurenswaardige situatie moest \u00c3\u00a9\u00c3\u00a9n persoon na korte tijd weer aftreden. Het is dan vervolgens weer aan de betrokken fractie om zich te beraden over een nieuwe kandidaat. Ik heb daar ook bij deze fractie op aangedrongen. Het is juist dat er daarop een nieuwe kandidaat is aangemeld. Deze heeft, na een nadere ori\u00c3\u00abntatie op de functie, om persoonlijke reden zich echter vervolgens teruggetrokken. Daarna is op 2 september 2002 een nieuwe kandidaat door de LPF-fractie aangemeld. Zodra ik terug was van de top in Johannesburg heb ik met deze kandidaat gesproken. Daarna heb ik hem voorgedragen als staatssecretaris van Sociale Zaken en Werkgelegenheid. Op 9 september is de heer Phoa als staatssecretaris be\u00c3\u00abdigd", "antwoord 2": "Dit is niet meer van toepassing. ]"}