{"Bibliografische_omschrijving": "Vragen van de leden Vendrik en Duyvendak (beiden GroenLinks) aan de minister van Economische Zaken over het paarse beleid ten aanzien van de liberalisering van de telecom en privatisering van de KPN. (Ingezonden 6 augustus 2002); Antwoord", "Bestand": "16Kb", "Permalink": "\nhttp://www.geencommentaar.nl/parlando/index.php?action=doc&filename=KVR16286\n", "Inhoud": "Vragen over mogelijke overwegingen van minister Heinsbroek (EZ) om o.a. de privatisering van KPN en energiebedrijven tegen te gaan.", "Rubriek": "Bedrijfsleven en industrie (Privatisering) Communicatie, media en informatievoorziening (Telecommunicatie) Energie, water en grondstoffen (Nutsbedrijven, energievoorziening) Handel en economie (Mededinging)", "Trefwoorden": "Mededinging Openbare nutsbedrijven Privatisering Telecommunicatie", "Vindplaats": "Kamervragen met antwoord 2002-2003, nr. 4, Tweede Kamer", "Afkomstig van": "2010213460", "Indiener": "Economische Zaken (EZ)", "Partij vertegenwoordiger": "<persoon partij=\"GroenLinks\">Vendrik</persoon>", "Datum_reaktie": "\n", "Datum_indiening": "<persoon partij=\"GroenLinks\">Duyvendak</persoon>", "vraag 1": "Bent u van mening dat het paarse beleid van liberalisering van de telecom en privatisering van de KPN een mislukking is? ", "vraag 2": "Wat is uw oordeel over de actuele situatie bij KPN? ", "vraag 3": "Overweegt u in te grijpen bij KPN of overweegt u aanpassing van de regels in casu? ", "vraag 4": "Sluit u uit dat u de resterende aandelen KPN verkoopt, ook wanneer het goed gaat met de koers van de aandelen KPN? ", "vraag 5": "Sluit u uit dat u de komende jaren toestemming geeft voor de privatisering van het economisch eigendom van nutsbedrijven? Zo neen, onder welke condities geeft u daar wel toestemming voor? ", "vraag 6": "Bent u van plan om de lopende plannen voor de liberalisering en privatisering van energiebedrijven stop te zetten? ", "antwoord 1": "[De steeds grotere afhankelijkheid van de maatschappij van ICT-infrastructuur (met name gelet op de huidige financieel-economische situatie in de sector) noopt tot een bezinning over consequenties van eventuele verstoringen in de ICT- infrastructuur en de ICT-dienstverlening als gevolg van bedrijfseconomisch falen (faillissementen, surseance van betaling ed.). Tegen deze achtergrond wordt thans door mijn ministerie onderzoek gedaan naar de risico\u00e2\u20ac\u2122s en gevolgen van discontinu\u00c3\u00afteit van maatschappelijk vitale telecomdiensten. Daarbij wordt specifiek aandacht besteed aan de situatie die kan ontstaan wanneer op deze markten dominante aanbieders failliet gaan en welke instrumenten de overheid ter beschikking staan om mogelijke risico\u00e2\u20ac\u2122s hiervan op te vangen. Afhankelijk van de resultaten van het onderzoek zal worden bekeken in hoeverre er van de zijde van de overheid additionele maatregelen noodzakelijk zijn. Ik verwacht dit najaar de eerste resultaten van dit onderzoek te hebben. Op basis van dit inzicht kan ik nader ingaan op uw vraag over liberalisering van de telecomsector en privatisering van KPN", "antwoord 2": "KPN heeft recentelijk de halfjaarcijfers bekendgemaakt. Het halfjaarresultaat bedraagt ruim 9 miljard verlies. Hieraan liggen hoofdzakelijk de grote boekhoudkundige afwaarderingen van de UMTS-licenties en E-plus ten grondslag. De afwaarderingen hebben geen effect op de kaspositie of de schuldenlast van KPN. Het in het najaar van 2001 ingezette actieplan om de balanspositie te versterken, de kosten terug te dringen en het operationele resultaat te verbeteren, beginnen hun vruchten af te werpen", "antwoord 3": "Bij de privatisering van KPN is besloten dat KPN een zogenaamde structuur- n.v. wordt. Een kenmerk daarvan is dat de bevoegdheden van de aandeelhouders zijn teruggebracht ten gunste van de Raad van Commissarissen. Met betrekking tot eventuele aanpassing van de regels verwijs ik naar het antwoord onder vraag 1", "antwoord 4": "Neen", "antwoord 5": "Mijn voornemens omtrent liberalisering en privatisering in de energiesector zult u binnenkort vernemen, uiterlijk op Prinsjesdag. ]"}