{"Bibliografische_omschrijving": "Vragen van het lid Jurgens (PvdA) inzake procedure voordracht Europese rechterlijke colleges. (Ingezonden 2 november 1999); Antwoord", "Bestand": "14Kb", "Permalink": "\nhttp://www.geencommentaar.nl/parlando/index.php?action=doc&filename=KVR10817\n", "Inhoud": "De vragen betreffen een recente Aanbeveling van de Parlementair Vergadering van de Raad van Europa betreffende de (nationale) kandidaatstelling voor verkiezing tot lid van het Europees Hof van de Mensenrechten.", "Rubriek": "Rechterlijke organisatie (Overig) Staats- en bestuursrecht (Grondrechten)", "Trefwoorden": "EU Mensenrechten Rechterlijke macht", "Vindplaats": "Kamervragen met antwoord 1999-2000, nr. 2, Eerste Kamer", "Afkomstig van": "0", "Indiener": "Justitie (JUS) Buitenlandse Zaken (BUZA) Binnenlandse Zaken en Koninkrijksrelaties (BZK)", "Partij vertegenwoordiger": "<persoon partij=\"PvdA\">Jurgens</persoon>", "Datum_reaktie": "\n", "Datum_indiening": "1999-12-30", "vraag 1": "Heeft u kennis genomen van de Aanbeveling van de Parlementaire Vergadering van de Raad van Europa nr. 1429 van 24 september 1999 inzake \u00c2\u00abNationale procedures voor het voordragen van kandidaten voor verkiezing tot lid van het Europees Hof van de Mensenrechten\u00c2\u00bb? ", "vraag 2": "Bent u bereid om deze Aanbeveling op te volgen en over te gaan tot het opstellen van een procedure volgens welke bij een volgende vacature de kandidaatstellingen voor de post van Nederlandse rechter in het Hof tot stand zal komen, en deze procedure als beleidsregel vast te leggen? ", "vraag 3": "Bent u bereid om in die regeling onder meer op te nemen hetgeen de Parlementaire Vergadering aanbeveelt, te weten: \u00e2\u20ac\u201c openbare bekendmaking van de vacature via de vakpers; \u00e2\u20ac\u201c ervaring van de kandidaten op het terrein van de mensenrechten, met name van de Europese Conventie van de Rechten van de Mens; \u00e2\u20ac\u201c opneming van kandidaten van beiderlei kunne in de voordracht van drie; \u00e2\u20ac\u201c vaardigheid van de kandidaten om te werken in een van de twee offici\u00c3\u00able talen, te weten Frans en Engels; \u00e2\u20ac\u201c opstelling van de voordracht in alfabetische volgorde? ", "vraag 4": "Bent u voorts bereid in deze procedure op te nemen het horen van beide Kamers der Staten-Generaal? ", "antwoord 1": "[Ja", "antwoord 2": "Binnenkort vindt overleg plaats over de te volgen procedure bij voordrachten voor de benoeming in Europese rechterlijke colleges. Daarbij wordt ernaar gestreefd om tot een beleidslijn te komen bij de benoeming tot rechter en advocaat-generaal op voordracht van Nederland in het Hof van Justitie en het Gerecht van eerste aanleg van de Europese Gemeenschappen en de verkiezing tot rechter in het Europees Hof van de Rechten van de Mens van de Raad van Europa. Bij dit overleg zullen mijn ambtgenoten van Buitenlandse Zaken en van Binnenlandse Zaken en Koninkrijksrelaties zijn betrokken en voorts de Vice-President van de Raad van State en de President van de Hoge Raad. Over resultaten van het overleg zal ik u informeren. ]"}