{"Bibliografische_omschrijving": "Vragen van de leden Van Heemst, Duijkers en Duivesteijn (allen PvdA) aan de ministers van Binnenlandse Zaken en Koninkrijksrelaties en van Justitie over het verslag van de Vereniging Eigen Huis. (Ingezonden 24 oktober 2001); Antwoord", "Bestand": "16Kb", "Permalink": "\nhttp://www.geencommentaar.nl/parlando/index.php?action=doc&filename=KVR14733\n", "Inhoud": "Vragen over vermeende vriendjespolitiek bij toewijzing van nieuwbouwwoningen, naar aanleiding van het rapport dat Vereniging Eigen Huis oktober 2001 heeft uitgebracht.", "Rubriek": "Criminaliteit en openbare orde (Fraude) Volkshuisvesting (Koopwoningen)", "Trefwoorden": "Ambtsmisdrijven Koopwoningen", "Vindplaats": "Kamervragen met antwoord 2001-2002, nr. 362, Tweede Kamer", "Afkomstig van": "2010201510", "Indiener": "Binnenlandse Zaken en Koninkrijksrelaties (BZK) Justitie (JUS)", "Partij vertegenwoordiger": "<persoon partij=\"PvdA\">Van Heemst</persoon>", "Datum_reaktie": "\n", "Datum_indiening": "<persoon partij=\"PvdA\">Duijkers</persoon>", "vraag 1": "Hebt u kennisgenomen van het rapport \u00c2\u00abWie dicht bij het vuur zit, warmt zich het best\u00c2\u00bb van oktober 2001 waarin de Vereniging Eigen Huis verslag doet van de bevindingen van het meldpunt \u00c2\u00abVriendjespolitiek bij toewijzing van nieuwbouwwoningen\u00c2\u00bb? ", "vraag 2": "Wat is uw oordeel over de gehanteerde wijze van melding en registratie? Geeft dit rapport een betrouwbaar beeld van de mogelijke aard en omvang van vriendjespolitiek, met name waar lokale bestuurders en ambtenaren in het geding zijn? ", "vraag 3": "Zijn er vergelijkbare onderzoeken gedaan naar andere vormen van \u00c2\u00abvriendjespolitiek\u00c2\u00bb in het Nederlandse openbare bestuur en, zo ja, wijzen die in eenzelfde richting? ", "vraag 4": "Hoe luidt uw oordeel over het aandeel gemeenteraadsleden (10%) en ambtenaren (8%) in het totaal van de 169 meldingen van al dan niet vermeende vriendjespolitiek die over de periode van april tot september 2001 zijn gedaan? ", "vraag 5": "Tot welke acties leidt dit oordeel? ", "vraag 6": "Bent u bereid de in het rapport gemelde gevallen nader te onderzoeken om vast te stellen waar sprake is van (vermoedelijke) inbreuken op de integriteit van het openbaar bestuur? Zo neen, waarom niet? ", "antwoord 1": "[Ja", "antwoord 2": "Het rapport geeft een inventarisatie van klachten over de toewijzing van nieuwbouwwoningen en bouwkavels. In de periode van april 2001 tot september 2001 hebben 169 mensen gemeld dat zij het gevoel hebben oneerlijk behandeld te zijn of dat regels overtreden zijn. Dit levert vermoedens op van een ondeugdelijke handelwijze bij de toewijzing van nieuwbouwwoningen en kavels. Daarbij moet echter wel in het oog worden gehouden dat op basis van de gepresenteerde gegevens niet kan worden vastgesteld of die vermoedens ook daadwerkelijk door de feiten kunnen worden gestaafd. Er is op het rapport veel kritiek geleverd. De gemeente Breda heeft zich inmiddels uitdrukkelijk gedistantieerd van de beweringen in het rapport over het toewijzingsbeleid in die gemeente. De Vereniging Eigen Huis heeft erkend dat er geen onomstotelijk bewijs is geleverd voor de suggesties in het rapport over de gemeente Breda . Ook de Vereniging van Nederlandse Gemeenten heeft kritische kanttekeningen bij het rapport geplaatst . E\u00c3\u00a9n en ander neemt niet weg dat het rapport een signaal afgeeft waar de betrokken verantwoordelijken serieus aandacht aan zullen moeten besteden", "antwoord 3": "Op het terrein van de integriteit hebben meerdere onderzoeken plaatsgevonden. Onlangs hebben de commissarissen van de Koningin op verzoek van de Minister van Binnenlandse Zaken en Koninkrijksrelaties een rapportage uitgebracht over het integriteitsbeleid bij gemeenten die op 17 november 1999 aan de Kamer is gezonden . Dit betreft ook het gemeentelijk beleid ter voorkoming van belangenverstrengeling en het opstellen van gedragscodes voor de omgang met zakelijke relaties. Voor zover bekend heeft er binnen het openbaar bestuur met betrekking tot het onderwerp vriendjespolitiek geen specifiek onderzoek plaatsgevonden", "antwoord 4": "Zoals hiervoor al gezegd, kunnen er grote vraagtekens worden gezet bij de validiteit van de uitkomsten van het desbetreffende onderzoek. Uiteraard spreekt het voor zich dat het openbaar bestuur en het ambtelijk apparaat garant dienen te staan voor een objectieve behartiging van het algemeen belang. Transparantie en controleerbaarheid van procedures zullen hiertoe bijdragen. Dat mag de burger verwachten van een integere overheidsorganisatie. Vanuit die optiek is vriendjespolitiek als vorm van belangenverstrengeling, net als de schijn daarvan, absoluut ontoelaatbaar. Bij de toewijzing van nieuwbouwwoningen en bouwkavels behoort het primair tot de verantwoordelijkheid van \u00e2\u20ac\u201c in dit geval \u00e2\u20ac\u201c de gemeenten om daarvoor te waken en de benodigde voorzieningen te treffen", "antwoord 5": "In het kader van de co\u00c3\u00b6rdinerende rol voor het integriteitsbeleid in het openbaar bestuur zijn vanuit het ministerie van Binnenlandse Zaken en Koninkrijksrelaties verschillende activiteiten ondernomen om medeoverheden daarbij te ondersteunen dan wel kaders te bieden. Ik noem in dat verband de in samenwerking met de VNG en het IPO ontwikkelde brochure integriteit voor bestuurders bij gemeenten en provincies waarin ook het thema belangenverstrengeling uitdrukkelijk aan de orde is gesteld. De brochure \u00e2\u20ac\u201c die inmiddels aan uw Kamer is gezonden \u00e2\u20ac\u201c bevat ook model gedragscodes. In dit verband wil ik eveneens wijzen op de regelingen in de Ambtenarenwet inzake integriteit en de voorgenomen aanscherping van deze regelgeving. Bij de Tweede Kamer is aanhangig een voorstel tot wijziging van de Ambtenarenwet met een regeling ter voorkoming van financi\u00c3\u00able belangenverstrengeling. Voor het geval dat er vermoedens van integriteitsinbreuken zijn, worden medeoverheden bij datzelfde voorstel verplicht te voorzien in een regeling voor het melden van vermoedens van misstanden en de bescherming van de ambtenaar die van die regeling gebruik maakt. Ik meen dat er ruimschoots regelingen en handreikingen zijn geboden om het integriteitsbeleid bij gemeenten en provincies vorm te geven. Uiteraard zijn gemeenten en provincies zelf verantwoordelijk voor de invulling van het beleid en het treffen van maatregelen", "antwoord 6": "De minister van Binnenlandse Zaken en Koninkrijksrelaties zal met de VNG overleggen hoe aan de in het rapport neergelegde signalen een follow-up kan worden gegeven. ]"}