{"Bibliografische_omschrijving": "Vragen van het lid De Wit (SP) aan de minister van Sociale Zaken en Werkgelegenheid en de staatssecretaris van Financi\u00c3\u00abn over de heffingskorting van de minst verdiende partner. (Ingezonden 1 oktober 2001); Antwoord", "Bestand": "13Kb", "Permalink": "\nhttp://www.geencommentaar.nl/parlando/index.php?action=doc&filename=KVR14960\n", "Inhoud": "Gevraagd wordt onder meer of, indien de minst verdienende partner in het buitenland verblijft en alleen over een buitenlandse bankrekening beschikt, de heffingskorting voor deze partner kan worden overgemaakt aan de in Nederland verblijvende belastingplichtige partner.", "Rubriek": "Belastingen (Algemeen)", "Trefwoorden": "Belastingen", "Vindplaats": "Kamervragen met antwoord 2001-2002, nr. 541, Tweede Kamer", "Afkomstig van": "2010200430", "Indiener": "Sociale Zaken en Werkgelegenheid (SZW)", "Partij vertegenwoordiger": "<persoon partij=\"SP\">De Wit</persoon>", "Datum_reaktie": "\n", "Datum_indiening": "2002-01-23", "vraag 1": "Klopt het dat, indien de minst verdienende partner in het buitenland verblijft en alleen over een buitenlandse bankrekening beschikt, de heffingskorting voor deze partner kan worden overgemaakt aan de in Nederland verblijvende belastingplichtige partner? Zo ja, is deze belastingkorting dan toch bedoeld voor de minst verdienende partner? ", "vraag 2": "Klopt het dat een bijstandsgerechtigde met een in het buitenland verblijvende partner een bijstandsbedrag ontvangt uitgaande van de norm voor een alleenstaande of een alleenstaande ouder? ", "vraag 3": "Klopt het dat een gemeente de bedoelde heffingskorting voor een in het buitenland verblijvend persoon, die aan een in Nederland verblijvende bijstandsgerechtigde wordt uitbetaald, mag korten op een bijstandsuitkering voor een alleenstaande of eenoudergezin? Zo ja, op welke juridische gronden mag dit en hoe verhoudt zich dit tot artikel 43, tweede lid, sub a, van de Algemene bijstandswet? ", "antwoord 1": "[Ja, met dien verstande dat met ingang van het belastingjaar 2002 de desbetreffende heffingskorting ook op een buitenlandse bankrekening kan worden uitbetaald. Deze heffingskorting is bedoeld toe te komen aan de minstverdienende partner", "antwoord 2": "Ja", "antwoord 3": "De heffingskorting voor een in het buitenland verblijvend persoon die aan een in Nederland verblijvende bijstandsgerechtigde wordt uitbetaald, komt toe aan eerstbedoelde persoon en kan mitsdien niet op de bijstandsuitkering voor een alleenstaande of een eenoudergezin gekort worden. Dit is gebaseerd op artikel 50, tweede lid, Algemene bijstandswet , artikel 43, tweede lid, sub a, Algemene bijstandswet komt niet aan de orde. ]"}