{"Bibliografische_omschrijving": "Vragen van de leden Atsma en Van Lith (beiden CDA) aan de minister van Landbouw, Natuurbeheer en Visserij over de oogstschade en de overvloedige regenval. (Ingezonden 16 augustus 2002); Antwoord", "Bestand": "16Kb", "Permalink": "\nhttp://www.geencommentaar.nl/parlando/index.php?action=doc&filename=KVR16244\n", "Inhoud": "Vragen naar het instellen van een oogstschaderegeling (-verzekering), naar aanleiding van de grote oogstschade door extreme regenval in een aantal delen van Nederland begin augustus 2002.", "Rubriek": "Belastingen (Belastingontheffing, -teruggave, -vermindering, -vrijstelling) Criminaliteit en openbare orde (Rampenpreventie en -bestrijding) Landbouw (Algemeen)", "Trefwoorden": "Belastingen Landbouw Rampenbestrijding Schadevergoeding", "Vindplaats": "Kamervragen met antwoord 2001-2002, nr. 1649, Tweede Kamer", "Afkomstig van": "2010213870", "Indiener": "Landbouw, Natuurbeheer en Visserij (LNV)", "Partij vertegenwoordiger": "<persoon partij=\"CDA\">Atsma</persoon>", "Datum_reaktie": "\n", "Datum_indiening": "<persoon partij=\"CDA\">Van Lith</persoon>", "vraag 1": "Is het u bekend dat door extreme regenval in augustus in een aantal delen van Nederland de oogst voor een groot deel verloren is gegaan of dreigt te gaan? ", "vraag 2": "Kunt u een inventarisatie maken van de meest getroffen regio\u00e2\u20ac\u2122s en kan de omvang van de schade worden vastgesteld? ", "vraag 3": "Zijn er ondernemers die vanwege de extreme regenval in acute financi\u00c3\u00able problemen komen? Zo ja, om hoeveel ondernemers gaat het? ", "vraag 4": "Vindt u dat het noodzakelijk is dat op korte termijn een oogstschaderegeling of oogstschadeverzekering tot stand komt? Ziet u mogelijkheden om stappen in deze richting te zetten? ", "vraag 5": "Hoe oordeelt u over een fiscale regeling, waarbij ondernemers jaarlijks een deel van de opbrengst tegen fiscaal aantrekkelijke voorwaarden mogen reserveren om calamiteiten op te vangen? Bent u bereid de haalbaarheid van een dergelijke fiscale maatregel te onderzoeken? ", "vraag 6": "Zijn er andere alternatieven om de gevolgen van oogstschade op te vangen haalbaar? Zo ja, waar kan dan aan worden gedacht? ", "vraag 7": "Had door het realiseren van alternatieve waterbergingsgebieden of waterbuffers een deel van de problemen kunnen worden voorkomen? Hadden de gevolgen van de extreme regenval anderszins beperkt kunnen worden? Zo ja, waar moet dan aan worden gedacht? ", "antwoord 1": "[Ja, dat is mij bekend", "antwoord 2": "De meest getroffen regio\u00e2\u20ac\u2122s liggen tot dusver in West-Brabant, Zeeuws-Vlaanderen en Noord-Nederland. De eerste verantwoordelijkheid voor de inventarisatie en het vaststellen van de schade ligt bij het bedrijfsleven. Het landbouwbedrijfsleven inventariseert momenteel de schade. Bijlage 1 betreft een overzicht van de schadegegevens van LTO tot nu toe. \n, Voorzover mij bekend zijn tot dusver geen ondernemers in acute financi\u00c3\u00able problemen gekomen als gevolg van de extreme regenval in augustus dit jaar", "antwoord 3": "Ik ben een groot voorstander van een structurele voorziening voor oogstschade als gevolg van extreme weersomstandigheden, bijvoorbeeld in de vorm van een oogstschadeverzekering. Ik zal waar mogelijk een dergelijke voorziening stimuleren. Het bedrijfsleven heeft echter de eerste verantwoordelijkheid hierbij. Eerder heeft hierover al intensief overleg plaatsgevonden tussen overheid en bedrijfsleven en is geconstateerd dat oogstschade als gevolg van extreme weersomstandigheden een ondernemersrisico is dat in principe verzekerbaar is. Op dit moment voer ik opnieuw overleg met het bedrijfsleven om een oogstschadeverzekering van de grond te krijgen. Ik wil geen ad hoc oogstschaderegeling, omdat dit de totstandkoming van een structurele voorziening frustreert", "antwoord 4": "Voor calamiteiten zijn er geen speciale faciliteiten in de fiscaliteit. Wel kan bij wisselende inkomens, bijvoorbeeld als gevolg van calamiteiten, gebruik worden gemaakt van verliescompensatie of van de uitsmeer- of middelingsregeling in de inkomstenbelasting. Betaalde premies voor een eventuele oogstschadeverzekering zijn uiteraard aftrekbaar van de winst. Met betrekking tot de invordering van belastingschulden merk ik voorts op dat de Invorderingswet 1990 voldoende mogelijkheden geeft om in voorkomende gevallen een adequate oplossing te treffen, bijvoorbeeld uitstel van betaling van belasting. Er is dan ook geen aanleiding om generiek fiscaal calamiteitenbeleid te formuleren", "antwoord 5": "Er zijn diverse alternatieven om inkomensfluctuaties als gevolg van bijvoorbeeld oogstschade op te vangen. Elke ondernemer voert hiertoe zijn eigen risicobeleid en kan een combinatie van bestaande instrumenten inzetten in zijn of haar risicomanagement. Te denken valt bijvoorbeeld aan diversiteit in gewassen, de opbouw van een financi\u00c3\u00able buffer op bedrijfsniveau, verzekeringen. Ik wil hierbij verwijzen naar het EC-rapport \u00c2\u00abInkomensfluctuaties in de land- en tuinbouw; Probleemschets, mogelijkheden en instrumenten voor het ondervangen van inkomensfluctuaties\u00c2\u00bb, van maart 2002. Dit rapport is u aangeboden in het voorjaar 2002 ", "antwoord 6": "Wateroverlast als in de afgelopen periode wordt niet alleen veroorzaakt door onvoldoende bergings- of afvoercapaciteit van het watersysteem maar ook doordat het water op het land blijft staan, ook al zijn de sloten nog niet vol. Voor het eerste kunnen waterbergingsgebieden een oplossing bieden, voor het tweede niet. Het tweede punt is deels de verantwoordelijkheid van de ondernemers zelf. Op dit moment worden onder verantwoordelijkheid van overheden deelstroomgebiedsvisies ontwikkeld. De waterkwantiteitsbeheerder zal zeker nagaan in hoeverre aanvullende maatregelen in het watersysteem getroffen kunnen worden en ook of die kosteneffectief zijn. ]"}