{"Bibliografische_omschrijving": "Vraag van het lid Kant (SP) aan de minister-president en de minister van Economische Zaken over financi\u00c3\u00able belangen. (Ingezonden 6 augustus 2002); Antwoord", "Bestand": "12Kb", "Permalink": "\nhttp://www.geencommentaar.nl/parlando/index.php?action=doc&filename=KVR16134\n", "Inhoud": "Vragen over openbaarheid inzake de financi\u00c3\u00able belangen van de ministers in het nieuwe kabinet, naar aanleiding van 'voortdurende speculaties'.", "Rubriek": "Staats- en bestuursrecht (Regering)", "Trefwoorden": "Ministers", "Vindplaats": "Kamervragen met antwoord 2001-2002, nr. 1550, Tweede Kamer", "Afkomstig van": "2010213540", "Indiener": "Algemene Zaken (AZ)", "Partij vertegenwoordiger": "<persoon partij=\"SP\">Kant</persoon>", "Datum_reaktie": "\n", "Datum_indiening": "2002-08-23", "vraag 1": "Zou het om aan de voortdurende speculaties een einde te maken niet beter zijn om volledige openheid te geven over de financi\u00c3\u00able belangen van de ministers? ", "antwoord 1": "[]"}