{"Bibliografische_omschrijving": "Vragen van het lid Gerkens (SP) aan de ministers van Verkeer en Waterstaat en van Binnenlandse Zaken en Koninkrijksrelaties over agressie in treinen. (Ingezonden 31 juli 2002); Antwoord", "Bestand": "13Kb", "Permalink": "\nhttp://www.geencommentaar.nl/parlando/index.php?action=doc&filename=KVR16083\n", "Inhoud": "Aanvullende vragen op eerder gestelde vragen van het lid Van der Staaij, ingezonden 31 juli 2002, over de sterke stijging van de agressie in treinen. Twee conducteuren op een trein zou een belangrijke bijdrage kunnen leveren aan de veiligheid.", "Rubriek": "Criminaliteit en openbare orde (Criminaliteitsbestrijding en -preventie) Criminaliteit en openbare orde (Veiligheid) Verkeer, vervoer en waterstaat (Spoorwegen)", "Trefwoorden": "Criminaliteitsbestrijding Openbare orde en veiligheid Spoorwegen", "Vindplaats": "Kamervragen met antwoord 2001-2002, nr. 1506, Tweede Kamer", "Afkomstig van": "2010213320", "Indiener": "Verkeer en Waterstaat (VW)", "Partij vertegenwoordiger": "<persoon partij=\"SP\">Gerkens</persoon>", "Datum_reaktie": "\n", "Datum_indiening": "2002-08-16", "vraag 1": "Deelt u de mening dat veiligheid in het openbaar vervoer prioriteit dient te hebben? Zo ja, wat voor maatregelen gaat u nemen om de veiligheid van het openbaar vervoer in het geheel te vergroten? ", "vraag 2": "Deelt u de mening dat een conducteur op de trein een belangrijke bijdrage kan leveren aan de veiligheid? Zo ja, deelt u de mening dat op elke trein twee conducteurs aanwezig behoren te zijn? ", "antwoord 1": "[Ja, de Kamer kan binnen afzienbare termijn het zogenaamde \u00c2\u00abAanvalsplan Sociale Veiligheid OV\u00c2\u00bb verwachten, waarin een pakket van maatregelen ter verbetering van de sociale veiligheid zal worden voorgesteld", "antwoord 2": "In het hierboven genoemde \u00c2\u00abAanvalsplan Sociale Veiligheid OV\u00c2\u00bb zal ook aan dit aspect vanzelfsprekend aandacht worden besteed. ]"}