{"Bibliografische_omschrijving": "Vragen van de leden Koenders en Valk (beiden PvdA) aan de ministers van Defensie en van Buitenlandse Zaken over operaties in Afghanistan. (Ingezonden 11 maart 2002); Antwoord", "Bestand": "15Kb", "Permalink": "\nhttp://www.geencommentaar.nl/parlando/index.php?action=doc&filename=KVR15367\n", "Inhoud": "Vragen over Nederlandse deelname aan legering van troepen in delen van Afghanistan (ISAF) en Nederlandse druk op VS inzake berechting van (krijgs)gevangenen volgens principes Geneefse Conventie.", "Rubriek": "Veiligheidsbeleid en defensie (Oorlogen en conflicten)", "Trefwoorden": "Afghanistan Terrorisme", "Vindplaats": "Kamervragen met antwoord 2001-2002, nr. 889, Tweede Kamer", "Afkomstig van": "2010207850", "Indiener": "Defensie (DEF) Buitenlandse Zaken (BUZA)", "Partij vertegenwoordiger": "<persoon partij=\"PvdA\">Koenders</persoon>", "Datum_reaktie": "\n", "Datum_indiening": "<persoon partij=\"PvdA\">Valk</persoon>", "vraag 1": "Welke troepen van welke nationaliteiten zijn actief in de bergen van Oost-Afghanistan? Is hierbij ook een beroep gedaan op Nederlandse troepen? ", "vraag 2": "Zijn er besprekingen gaande over de noodzakelijke uitbreiding van ISAF-troepen naar andere steden in Afghanistan, zoals gevraagd door premier Karzai? ", "vraag 3": "In hoeverre wordt daarbij ook door de Nederlandse regering aangedrongen op verdergaande Amerikaanse participatie? Welke insteek kiest Nederland voor de noodzakelijke voortzetting van de missie na juni? Welk overleg is daarbij ge\u00c3\u00abntameerd? ", "vraag 4": "Wat is de precieze stand van zaken m.b.t. de zogenaamde \u00c2\u00ablead-nation\u00c2\u00bb na het vertrek van het VK? Welke inzet kiest de Nederlandse regering bij de onderhandelingen daarover? ", "vraag 5": "Wat is de voortgang met druk op de VS ten aanzien van de berechting van (krijgs)gevangenen volgens de principes van de Geneefse Conventie? Welke initiatieven neemt de regering terzake? ", "antwoord 1": "[Voor zover bekend hebben naast Amerikaanse en Afghaanse eenheden onder andere ook Australische, Canadese, Noorse, Deense en Duitse eenheden deelgenomen aan operatie Anaconda in Oost-Afghanistan. Voor operatie Anaconda is geen beroep gedaan op Nederlandse eenheden", "antwoord 2": "Geografische uitbreiding van het huidige mandaat van ISAF is onderwerp van besprekingen, zowel in bilateraal als in multilateraal (VN-)verband en in de bijeenkomsten van de troepenleverende landen. Een besluit hierover is nog niet genomen. Legering van troepen buiten Kabul (gelijkstaand aan \u00c2\u00abexpansion\u00c2\u00bb) ligt echter niet in de rede. Bepalende factoren in de internationale besluitvorming over deze kwestie zijn onder meer de ontwikkeling van de veiligheidssituatie in Afghanistan, de positie van het Afghaanse bewind \u00c2\u00abpost-Loya Jirga\u00c2\u00bb en de wijze waarop de nieuwe Afghaanse veiligheidsstructuren zullen worden opgezet. Het woord is eerst en vooral aan de VN Veiligheidsraad. Uitbreiding van het mandaat staat niet gelijk aan stationering van ISAF-eenheden in andere steden dan Kabul. Tot de opties die momenteel besproken worden hoort de mogelijkheid om, in het kader van een nieuw vast te stellen mandaat, in Kabul gelegerde ISAF-eenheden op ad hoc basis elders in Afghanistan in te zetten. Daarbij dient bedacht te worden dat de situatie in de diverse regio\u00e2\u20ac\u2122s verschilt, zodat een uniforme oplossing ook niet voor de hand ligt", "antwoord 3": "Zoals bekend acht de Regering een nauwe Amerikaanse betrokkenheid bij ISAF en een eventuele vervolgmissie van groot belang. De Amerikaanse regering heeft zich, evenals andere leden van de internationale gemeenschap, duidelijk gecommitteerd aan het tot stand brengen van stabiliteit voor de langere termijn in Afghanistan. De Regering is in beginsel voorstander van een verlenging van het huidige mandaat van ISAF. De mogelijkheid van verlenging van de Nederlandse deelneming wordt momenteel onderzocht. De Duitse voornemens ten aanzien van een verlenging van de eigen aanwezigheid zijn daarbij een belangrijke factor. De Regering zal de Kamer conform artikel 100 van de Grondwet en de bepalingen van het Toetsingskader betrekken bij de besluitvorming over dit onderwerp", "antwoord 4": "Op dit moment is nog niet met zekerheid te zeggen welk land de leiding van ISAF van het VK zal overnemen. Turkije heeft te kennen gegeven deze rol onder bepaalde voorwaarden te willen vervullen. De gesprekken hierover zijn nog gaande. Nederland is daarbij betrokken. Zoals bekend is de inzet van de Regering dat de voorwaarden waaronder de Nederlandse eenheden deelnemen aan ISAF niet mogen verslechteren. Het land dat de leiding van ISAF overneemt dient derhalve dezelfde militaire en bestuurlijke inbreng als het VK te kunnen leveren. Daarbij is van zwaarwegend belang dat de huidige arrangementen met de VS worden voortgezet. Deze arrangementen hebben betrekking op ondersteuning bij noodsituaties en op de bevoegdheid van het Amerikaanse hoofdkwartier dat belast is met de co\u00c3\u00b6rdinatie van de Operatie Enduring Freedom (Central Command) te voorkomen dat de activiteiten in het kader van ISAF en Enduring Freedom met elkaar in strijd komen. De Regering zal op deze kwestie terugkomen bij het opmaken van de stand van zaken na de eerste drie maanden Nederlandse aanwezigheid in ISAF", "antwoord 5": "Voor zover bekend is nog niet begonnen met de berechting van betrokkenen. Deze berechting zal naar de mening van de Regering moeten voldoen aan de principes van de Geneefse Conventies. Dit standpunt is in diverse bilaterale contacten met de autoriteiten van de VS overgebracht, meest recentelijk tijdens mijn bezoek aan de VS. ]"}