{"Bibliografische_omschrijving": "Vragen van het lid Hoekema (D66) aan de staatssecretaris van Justitie over terugkeeronderwijs voor alleenstaande minderjarige asielzoekers. (Ingezonden 7 februari 2002); Antwoord", "Bestand": "14Kb", "Permalink": "\nhttp://www.geencommentaar.nl/parlando/index.php?action=doc&filename=KVR15317\n", "Inhoud": "Vragen naar aanleiding van de tussentijdse evaluatie van het Dollard College over het terugkeeronderwijs voor ama's.", "Rubriek": "Voortgezet onderwijs (Overig) Welzijn (Jeugdigen) Welzijn (Vreemdelingen en asielzoekers)", "Trefwoorden": "Jeugdigen Vluchtelingen Voortgezet onderwijs", "Vindplaats": "Kamervragen met antwoord 2001-2002, nr. 851, Tweede Kamer", "Afkomstig van": "2010205700", "Indiener": "Justitie (JUS)", "Partij vertegenwoordiger": "<persoon partij=\"D66\">Hoekema</persoon>", "Datum_reaktie": "\n", "Datum_indiening": "2002-03-19", "vraag 1": "Bent u bekend met de tussentijdse evaluatie van het Dollard College over het terugkeeronderwijs voor alleenstaande minderjarige asielzoekers (ama\u00e2\u20ac\u2122s)? ", "vraag 2": "Ziet u mogelijkheden het terugkeeronderwijs zodanig aan te passen dat het project wel kans van slagen heeft? Zo ja, aan wat voor aanpassingen denkt u dan? ", "vraag 3": "Hoe denkt u de moeizame samenwerking tussen de verschillende instanties die zich bezig houden met ama\u00e2\u20ac\u2122s te verbeteren? ", "vraag 4": "Kunt u aangeven welke verbeteringen in het terugkeeronderwijs u op korte termijn wil doorvoeren? ", "antwoord 1": "[Ja", "antwoord 2": "Het Dollard College is, zoals bekend, een project gestart dat dient als pilot voor het ontwikkelen van een (succesvol) programma, waarbij het accent ligt op terugkeer en toekomstige ontplooiingsmogelijkheden (wonen en werken) in het land van herkomst. Het project wordt voor 50% gefinancierd door het Europees Vluchtelingenfonds. Uit de tussentijdse evaluatie van het Dollard College, die betrekking heeft op de periode 1 oktober 2001 tot en met 16 januari 2002, blijkt een onvoldoende deelname van ama\u00e2\u20ac\u2122s aan het pilot-project \u00c2\u00abTerugkeeronderwijs\u00c2\u00bb. In de evaluatie heeft het Dollard College aangegeven welke maatregelen inmiddels zijn genomen ter vergroting van de deelname aan het Terugkeeronderwijs, alsmede op welke aspecten het project zich in de resterende projectperiode zal richten. Naar aanleiding van de tussentijdse evaluatie zullen op korte termijn in overleg tussen het Ministerie van Justitie, dat als beheersorganisatie fungeert voor het Europees Vluchtelingenfonds, en het Dollard College nadere afspraken worden gemaakt over de wijze waarop en de voorwaarden waaronder in de resterende projectperiode het project zal worden voortgezet. Wellicht ten overvloede zij nog vermeld dat het pilot-project \u00c2\u00abTerugkeeronderwijs\u00c2\u00bb een \u00e2\u20ac\u201c overigens zeer gewaardeerd \u00e2\u20ac\u201c initiatief van het Dollard College z\u00c3\u00a8lf is en geen verband houdt met de implementatie van de Ama-nota van 1 maart 2000. Uiteraard zullen de ervaringen van het Dollard College wel worden betrokken bij de implementatie van eerdergenoemde nota. ]"}