{"Bibliografische_omschrijving": "Vragen van het lid Rabbae (GroenLinks) aan de minister van Onderwijs, Cultuur en Wetenschappen over de regeling remedial teaching WVO. (Ingezonden 7 oktober 1999); Antwoord", "Bestand": "16Kb", "Permalink": "\nhttp://www.geencommentaar.nl/parlando/index.php?action=doc&filename=KVR10591\n", "Inhoud": "Vragen over het feit dat de regeling remedial teaching uit de Wet op het voortgezet onderwijs (WVO) de preventieve aanpak van (leer)problemen als dyslexie uitsluit en zich beperkt tot een kortstondige ingreep. Deze vragen dienen ter aanvulling op eerdere vragen terzake van het lid Van Bommel (Aanh. Hand. II, 1999-2000, nr. 143).", "Rubriek": "Voortgezet onderwijs (Leerlingen)", "Trefwoorden": "Dyslexie Leerlingen Onderwijsverzorging Voortgezet onderwijs", "Vindplaats": "Kamervragen met antwoord 1999-2000, nr. 301, Tweede Kamer", "Afkomstig van": "2990000750", "Indiener": "Onderwijs, Cultuur en Wetenschappen (OCW)", "Partij vertegenwoordiger": "<persoon partij=\"GroenLinks\">Rabbae</persoon>", "Datum_reaktie": "\n", "Datum_indiening": "1999-11-16", "vraag 1": "Waarom is het noodzakelijk, zoals de regeling remedial teaching uit de Wet voortgezet Onderwijs stelt, dat een leerling al een grote achterstand in leervorderingen heeft opgelopen voor ingegrepen kan worden? Waarom is een preventieve aanpak uitgesloten? ", "vraag 2": "Waarom is de regeling beperkt tot een kortstondige ingreep terwijl de gevolgen van dyslexie vaak een langdurig karakter hebben? ", "vraag 3": "Waarom kan de vergoeding slechts worden verstrekt wanneer de hiervoor bedoelde achterstand bij het ontbreken van remedial teaching niet anders kan worden opgeheven dan door plaatsing in het special onderwijs of het voortgezet speciaal onderwijs en (dus) niet binnen het reguliere onderwijsaanbod van de school? ", "vraag 4": "Deelt u de mening dat het effect van de bovengenoemde bepalingen is dat betrokken leerlingen gedwongen worden onder hun capaciteiten te werken, binnen het speciaal onderwijs dan wel op een schooltype dat lager is dan op grond van hun leercapaciteiten mogelijk zou zijn? ", "vraag 5": "Deelt u de mening dat het een verspilling van talent en een ongewenste vorm van uitsluiting is om leerlingen te dwingen voor een lager schooltype te kiezen wanneer met een goede en gerichte behandeling deze leerlingen hun talenten wel optimaal kunnen ontplooien? ", "vraag 6": "In hoeverre zijn de beschikbare middelen voor de regeling remedial teaching op dit moment toereikend? Wat zouden de financi\u00c3\u00able gevolgen zijn van een verruiming van de regeling? ", "vraag 7": "Ziet u mogelijkheden om de regeling remedial teaching op de bovengenoemde punten te verbeteren en de beschikbare middelen te verruimen? ", "antwoord 1": "[Van meetaf \u00e2\u20ac\u201c de regeling Vergoeding remedial teaching VO/J/MP-457 is voor het eerst in het najaar van 1988 gepubliceerd \u00e2\u20ac\u201c wordt ervan uitgegaan dat scholen in het algemeen ook kinderen met (leer)problemen moeten kunnen begeleiden. De preventieve aanpak wordt derhalve van de school verwacht. Pas als blijkt dat het probleem niet binnen de reguliere onderwijskaders kan worden opgeheven, kan een beroep gedaan worden op de regeling vergoeding remedial teaching", "antwoord 2": "In het algemeen geldt dat een leerling in het type onderwijs wordt geplaatst waarvan aangenomen mag worden dat de leerling dit op grond van al zijn of haar eigenschappen met succes kan doorlopen. Leerlingen met dyslexie van wie deskundigen menen dat voor hen met specifieke interventies, binnen het kader van de regeling, uitzicht bestaat op het met succes doorlopen van het gekozen schooltype, komen in aanmerking voor toepassing van de regeling. De remediale begeleiding moet daarbij passend van aard zijn. Blijkt bij een aanvraag dat er sprake is van een zodanig structureel probleem dat deze hulp geen oplossing biedt, dan wordt niet voldaan aan de grondslag van deze regeling en zal voor de betreffende leerling een andere oplossing gezocht moeten worden", "antwoord 3": "Dit is het gevolg van de grondslag van de regeling", "antwoord 4": "Zie mijn antwoord onder vraag 2", "antwoord 5": "Ja, ik deel die mening", "antwoord 6": "Voor de toepassing van de thans geldende regeling zijn voldoende middelen beschikbaar. De afwijzing van aanvragen heeft dan ook niet te maken met een tekort aan middelen, maar met het niet voldoen aan de voorwaarden zoals die in de regeling staan vermeld. Verruiming van de regeling is alleen zinvol met wijziging van de grondslag. In lijn met mijn antwoord op vraag 5 ben ik bereid binnen het vigerende financi\u00c3\u00able kader van de thans geldende regeling verruiming mogelijk te maken. De bedoelde bepaling kan dan als criterium vervallen. Ten minste zal dan wel door deskundigen een verklaring afgegeven moeten worden dat er gelet op (en binnen) de regeling voorzieningen mogelijk zijn, bedoeld om de leerling toch met succes het gekozen schooltype te laten doorlopen. Ik merk daarbij op dat deze bepaling een gedateerde is als gevolg van in 1990 ontwikkelde jurisprudentie (zie de toelichting bij Artikel 2, onderdelen c en d van de regeling VO/AVV/AOB-91034110, 30 juni 1991) die thans achterhaald is. Ik ben voornemens de onderhavige regeling op dit punt met ingang van het schooljaar 2000/2001 te verruimen. Tevens ben ik bereid de regeling zo te moderniseren dat scholen onder de eigen verantwoordelijkheid maatregelen kunnen treffen die hiervoor passend geacht worden. Ik zal daarbij ook rekening houden met de expertise (Commissie dyslexie) uit de sector Primair Onderwijs op het punt van de aansluiting met het voortgezet onderwijs", "antwoord 7": "Zie mijn antwoord onder vraag 6. ]"}