{"Bibliografische_omschrijving": "Vragen van het lid Crone (PvdA) aan de minister en staatssecretaris van Volkshuisvesting, Ruimtelijke Ordening en Milieubeheer en de minister van Justitie over de bodemsanering en het afvalbeleid. (Ingezonden 21 oktober 1999); Antwoord", "Bestand": "17Kb", "Permalink": "\nhttp://www.geencommentaar.nl/parlando/index.php?action=doc&filename=KVR10632\n", "Inhoud": "Vragen over malafide praktijken van milieuadviesbureaus bij keuringen van grond. Deze vragen dienen ter aanvulling op eerdere vragen van het lid Poppe, ingezonden 21 oktober 1999 (2990001380).", "Rubriek": "Criminaliteit en openbare orde (Fraude) Milieu (Afvalstoffen) Milieu (Bodemsanering) Wetenschap en technologie (Onderzoeksinstituten)", "Trefwoorden": "Afvalstoffen Bodemsanering Fraude Onderzoeksinstituten", "Vindplaats": "Kamervragen met antwoord 1999-2000, nr. 336, Tweede Kamer", "Afkomstig van": "2990001400", "Indiener": "Volkshuisvesting, Ruimtelijke Ordening en Milieubeheer", "Partij vertegenwoordiger": "<persoon partij=\"PvdA\">Crone</persoon>", "Datum_reaktie": "\n", "Datum_indiening": "1999-11-23", "vraag 1": "Kunt u inzicht geven in hoeveel kopers van grond, particulieren of gemeenten/provincies benadeeld zijn door malafide praktijken van milieuadviesbureaus bij keuringen, omdat hun grond toch vervuild blijkt te zijn? ", "vraag 2": "Is het waar dat de zelfregulering van deze bureaus grote gaten vertoont en frauduleuze handelingen niet uitsluit? ", "vraag 3": "Bent u bereid te bevorderen dat er een sluitende kwaliteitsbewaking komt van verklaringen over de bodemkwaliteit, bijvoorbeeld door alleen bonafide advies- en onderzoeksbureaus te erkennen (door middel van een keurmerk) en daarop onafhankelijk toezicht in te stellen? ", "vraag 4": "Is het Openbaar Ministerie reeds langer op de hoogte van malafide adviespraktijken? Zo ja, waarom is dan niet eerder tot actie overgegaan? ", "vraag 5": "Bent u bereid zo nodig de wetgeving aan te passen zodat deze malafide praktijken strafbaar worden? ", "antwoord 1": "[Zoals ik al heb aangegeven in het antwoord op vraag 2 van het Kamerlid de heer Poppe, heb ik geen informatie over afgeronde zaken omtrent aangetoonde bewuste regelovertreding door intermediaire organisaties. Daarom is het niet mogelijk aan te geven of er benadeelde partijen zijn", "antwoord 2": "In de huidige situatie is het mogelijk dat in delen van de branche de zelfregulering te kort schiet. De totstandkoming van een specifieke branchevereniging VKB (Vereniging Kwaliteitsborging Bodemonderzoek) en enkele andere certificatieactiviteiten beogen reeds tot een verbetering te komen. In aanvulling daarop worden bovendien op initiatief van mijn Ministerie en de VKB initiatieven genomen om de keten van zelfregulering te sluiten, middels het oprichten van een Infrastructuur Kwaliteitsborging Bodembeheer (IKB), die eisen zal stellen aan de te hanteren werkwijzen en controle daarop. Bij dit initiatief wordt verbreding naar andere geledingen van de intermediaire organisaties, alsmede de betrokkenheid van de andere overheden, als voorwaarde gehanteerd. Deze zelfregulering blijft echter kwetsbaar, doordat er geen garantie is dat overheden bij hun beslissingen uitsluitend van (gegevens van) vrijwillig gecertificeerde bureaus gebruik zullen maken, en in combinatie daarmee het gevaar blijft bestaan dat \u00c2\u00abfree riders\u00c2\u00bb via prijsconcurrentie de bereidheid van intermediairs om kosten te blijven maken voor hun kwaliteitsborging, zullen aantasten", "antwoord 3": "Uw voorstel is in lijn met het al eerder ingezette beleid. Voor het Bouwstoffenbesluit is dit (inclusief het keurmerk) al operationeel; voor andere bodemregelgeving wordt daaraan gewerkt, onder andere door het oprichten van de IKB. Daarenboven kom ik met een verplichting om ten behoeve van overheidsbeslissingen uitsluitend gebruik te maken van voor bodemonderzoek specifiek gecertificeerde bureaus (zie antwoord op vragen 3 en 4 van het Kamerlid Poppe). Het toezicht wordt verricht door de onafhankelijke Raad voor Accreditatie en de onafhankelijke certificerende instellingen die in een aantal gevallen door de minister van VROM kunnen worden aangewezen. Ik ga ervan uit dat, naast dit toezicht, ook middels een goede handhaving door bevoegd gezag, inspectie, politie en OM, maar ook door de branche zelf, misbruik zoveel mogelijk voorkomen wordt", "antwoord 4": "Aanleiding voor dit onderzoek was, dat uit eerder strafrechtelijk onderzoek van het OM in de afvalbranche het beeld naar voren kwam dat intermediaire organisaties soms ongewenste faciliterende gedragingen verrichten. Daarnaast bestond het vermoeden dat de aanpak van deze vorm van criminaliteit lastig zou zijn omdat de wettelijke milieunormen zich niet richten op de intermediaire organisaties: zij zijn geen \u00c2\u00abnormadressaat\u00c2\u00bb van de Wet Milieubeheer. Dit onderzoek bevestigde het beeld dat intermediaire organisaties in belangrijke mate buiten de reikwijdte van de Wet Milieubeheer vallen. Immers, traditionele schakels, zoals ontdoeners, inzamelaars, bewerkers en eindverwerkers van afval zijn de normadressaten van de Wet Milieubeheer op wie (dus) ook het strafrechtelijk onderzoek zich richt. Dit neemt niet weg, dat indien er concrete aanwijzingen bestaan dat milieu-adviesbureaus of andere intermediairs zich schuldig maken aan een strafbaar feit het OM opdracht zal geven tot een strafrechtelijk onderzoek. Dat zal zich dan richten op een deelnemingsvorm aan de Wet Milieubeheer of op een delict uit het commune strafrecht zoals valsheid in geschrift. Het bewijs van met name valsheid in geschrift is, bijvoorbeeld bij het manipuleren met analyseresultaten, achteraf veelal moeilijk te leveren", "antwoord 5": "Er is een wetsvoorstel Wijziging van de Wet Milieubeheer (structuur verwijdering afvalstoffen) in behandeling bij de Tweede Kamer, waarin de positie van handelaren en makelaars in de Wet Milieubeheer nader wordt geregeld (zie het antwoord op vragen 3 en 4 van het Kamerlid Poppe). Voorts zal ten aanzien van het probleem van het normadressaat de van belang zijnde regelgeving worden bezien met het doel belemmeringen weg te nemen die een adequate (strafrechtelijke) handhaving in de weg staan. Een aanpak daartoe zal in de thans in voorbereiding zijnde discussienota over de toekomst van de Wet Milieubeheer worden beschreven. Voorts zal \u00e2\u20ac\u201c naar aanleiding van opmerkingen van het OM \u00e2\u20ac\u201c overlegd worden of en hoe het normadressaat van het Bouwstoffenbesluit kan worden uitgebreid tot een grotere groep dan alleen de gebruikers ter verbetering van de strafrechtelijke en bestuursrechtelijke handhaving. Overigens zij herhaald dat naast de strafrechtelijke handhaving de bestuurs- en privaatrechtelijke handhaving onmisbaar zijn (zie het antwoord op de vragen 3 en 4 van het Kamerlid Poppe). ]"}