{"Bibliografische_omschrijving": "Vragen van het lid Verburg (CDA) aan de minister en staatssecretaris van Sociale Zaken en Werkgelegenheid over het functioneren van de UWV. (Ingezonden 16 augustus 2002); Mededeling", "Bestand": "13Kb", "Permalink": "\nhttp://www.geencommentaar.nl/parlando/index.php?action=doc&filename=KVR16263\n", "Inhoud": "Het UWV int sinds augustus 2002 in de schildersbedrijfstak de verschuldigde premies via een automatische afboeking, zonder dat de afzonderlijke bedrijven een machtiging hebben gegeven.", "Rubriek": "Sociale zekerheid (Bedrijfsverenigingen) Sociale zekerheid (Sociale verzekeringspremies)", "Trefwoorden": "Sociale verzekeringspremies Uitvoeringsinstellingen sociale verzekeringen", "Vindplaats": "Kamervragen met antwoord 2001-2002, nr. 1664, Tweede Kamer", "Afkomstig van": "2010213950", "Indiener": "Sociale Zaken en Werkgelegenheid (SZW)", "Partij vertegenwoordiger": "<persoon partij=\"CDA\">Verburg</persoon>", "Datum_reaktie": "\n", "Datum_indiening": "2002-09-12", "vraag 1": "Is het waar dat de UWV sinds augustus jl. in de schildersbedrijfstak de verschuldigde premies via een automatische afboeking int zonder daartoe per bedrijf een machtiging te hebben verkregen? Zo ja, hoe verklaart u dat dit zonder toestemming van de betreffende werkgever(s) gebeurt? Hoe beoordeelt u deze gang van zaken? Zo nee, bent u bereid er op toe te zien dat bedoelde werkwijze van het UWV op de korte termijn wordt stopgezet, automatisch ge\u00c3\u00afnde bedragen worden teruggestort, de verhouding met de branche wordt hersteld en de Kamer hierover te informeren? ", "vraag 2": "Is van een dergelijke gang van zaken ook sprake in andere branches en sectoren? Zo ja welke, en bent u bereid hier dezelfde aanpak te hanteren als in de vorige vraag bedoeld? ", "vraag 3": "Wat gaat u ondernemen om dit soort problemen in de toekomst te voorkomen en ervoor te zorgen dat de UWV adequaat, en met oog voor de mensen om wie het gaat, gaat opereren? ", "antwoord 1": "[]"}