{"Bibliografische_omschrijving": "Vragen van het lid Arib (PvdA) aan de minister van Volksgezondheid, Welzijn en Sport over thuisbevallingen, bevallingen in een geboortehuis en ziekenhuisbevallingen. (Ingezonden 13 juni 2002); Antwoord", "Bestand": "13Kb", "Permalink": "\nhttp://www.geencommentaar.nl/parlando/index.php?action=doc&filename=KVR15901\n", "Inhoud": "Vragen over de gevolgen van een kort geding in Purmerend voor het inkopen van verloskundige zorg door zorgverzekeraars als PWZ Achmea, de verdere mogelijkheid tot thuisbevallen en de positie van verloskundigen.", "Rubriek": "Gezondheidszorg (Maatschappelijke gezondheidszorg) Gezondheidszorg (Medische beroepen) Gezondheidszorg (Zorgverzekeringen)", "Trefwoorden": "Bevallingen Gezondheidszorg Verloskundigen Ziektekostenverzekeringen", "Vindplaats": "Kamervragen met antwoord 2001-2002, nr. 1351, Tweede Kamer", "Afkomstig van": "2010211470", "Indiener": "Volksgezondheid, Welzijn en Sport (VWS)", "Partij vertegenwoordiger": "<persoon partij=\"PvdA\">Arib</persoon>", "Datum_reaktie": "\n", "Datum_indiening": "2002-07-02", "vraag 1": "Hebt u kennisgenomen van het bericht \u00c2\u00abVerloskundige verliest geding tegen verzekeraar\u00c2\u00bb? ", "vraag 2": "Wat zijn de gevolgen voor de keuzevrijheid in de wijze van bevallen van de bij PWZ Achmea verzekerde zwangere vrouwen in Purmerend? ", "vraag 3": "Wat zijn de gevolgen van deze uitspraak voor de verloskundigen die thuisbevallingen doen, als de andere verzekeraars op dezelfde wijze hun verloskundige zorg gaan inkopen? ", "vraag 4": "Deelt u de mening dat het unieke Nederlandse systeem van thuisbevallingen gevaar loopt als verzekeraars op grote schaal het voorbeeld van PWZ gaan volgen? ", "vraag 5": "Kunt u maatregelen treffen om verzekeraars te verplichten ook voldoende verloskundige zorg in te kopen om hiermee de keuze van vrouwen om thuis te bevallen mogelijk te maken? Zo ja, welke? Zo nee, welke aanpassing van wet- en regelgeving is nodig om verzekeraars te verplichten op zodanige wijze verloskundige zorg in te kopen dat iedere vrouw in Nederland zelf kan kiezen voor een thuisbevalling, een bevalling in een geboortehotel of bevalling in het ziekenhuis? ", "antwoord 1": "[Ja", "antwoord 2": "Geen. De rechtbank te Haarlem heeft uitgesproken dat gelet op de tijdens het geding door partijen overlegde gegevens vooralsnog dient te worden aangenomen dat PWZ Achmea met de door haar gecontracteerde verloskundige zorg voldoende in de behoefte aan zorg bij thuisbevallingen kan voorzien", "antwoord 3": "Aangezien het geding betrekking had op de heel specifieke situatie in Purmerend, is een antwoord op deze vraag puur hypothetisch. Wel wijs ik er op dat de verloskundige zorg die PWZ Achmea in Purmerend heeft gecontracteerd ook betrekking heeft op bevallingen bij de verzekerde vrouwen thuis", "antwoord 4": "Zie het antwoord op vraag 3", "antwoord 5": "Gelet op de uitspraak van de rechtbank te Haarlem is de keuzevrijheid niet in gevaar. Bovendien zijn ziekenfondsen uit hoofde van de Ziekenfondswet verplicht om voldoende verloskundige zorg te contracteren. Die verloskundige zorg betreft ook de thuisbevallingen. ]"}