{"Bibliografische_omschrijving": "Vragen van de leden Mosterd en C\u00c3\u00b6ruz (beiden CDA) aan de staatssecretaris van Onderwijs, Cultuur en Wetenschappen, mw. Adelmund, en de staatssecretaris van Justitie over de investeringen door scholen voor asielzoekers. (Ingezonden 22 april 2002); Antwoord", "Bestand": "18Kb", "Permalink": "\nhttp://www.geencommentaar.nl/parlando/index.php?action=doc&filename=KVR15692\n", "Inhoud": "Vragen over de financi\u00c3\u00able gevolgen die scholen voor voortgezet onderwijs ondervinden van het feit dat het aantal leerlingen vanuit de groep asielzoekers jaarlijks sterk kan fluctueren, terwijl de scholen grote investeringen hebben gedaan in gebouwen en personeel omdat ze die leerlingen reeds vele jaren les hebben gegeven.", "Rubriek": "Voortgezet onderwijs (Bekostiging voortgezet onderwijs) Voortgezet onderwijs (Leerlingen) Welzijn (Vreemdelingen en asielzoekers)", "Trefwoorden": "Bekostiging voortgezet onderwijs Buitenlandse leerlingen Vluchtelingen", "Vindplaats": "Kamervragen met antwoord 2001-2002, nr. 1169, Tweede Kamer", "Afkomstig van": "2010209460", "Indiener": "Onderwijs, Cultuur en Wetenschappen (OCW)", "Partij vertegenwoordiger": "<persoon partij=\"CDA\">Mosterd</persoon>", "Datum_reaktie": "\n", "Datum_indiening": "<persoon partij=\"CDA\">C\u00c3\u00b6ruz</persoon>", "vraag 1": "Bent u op de hoogte van het feit dat scholen voor voortgezet onderwijs die reeds vele jaren aan grote aantallen asielzoekers les hebben gegeven daarvoor grote structurele investeringen hebben moeten doen in gebouwen en personeel? ", "vraag 2": "Onderkent u de situatie dat het aantal leerlingen vanuit de groep asielzoekers jaarlijks sterk kan fluctueren en daardoor deze scholen voor ernstige financi\u00c3\u00able gevolgen kan plaatsen en vindt u dit re\u00c3\u00abel gelet op de grote inspanning die deze scholen voor de leerlingen plegen? ", "vraag 3": "Verwacht u dat fluctuaties in het aantal leerlingen vanuit de groep asielzoekers de komende jaren zal toenemen of afnemen? ", "vraag 4": "Vindt u het aanvaardbaar dat de betrokken scholen de financi\u00c3\u00able gevolgen van deze fluctuaties de komende jaren zelf moeten dragen? Zo ja, waarom? ", "vraag 5": "Onderschrijft u de mening dat docenten vaak niet passende werkgelegenheid binnen dezelfde VO-school aangeboden kan worden? ", "vraag 6": "Bent u bereid samen met deze scholen waar veel aan asielzoekers lesgegeven wordt te zoeken naar een oplossing voor de financi\u00c3\u00able risico\u00e2\u20ac\u2122s die deze scholen lopen? ", "antwoord 1": "[Ik ben op de hoogte van het feit dat scholen voor voortgezet onderwijs die aan asielzoekers les hebben gegeven voortdurend aanpassingen hebben moeten plegen, waarvoor in de bekostiging oplossingen moesten worden gevonden", "antwoord 2": "In het onderzoek dat ik heb laten uitvoeren door het Bureau Andersson Elffers Felix (AEF) naar de bekostiging van het onderwijs aan asielzoekers zijn deze fluctuaties ook aan de orde gekomen. In de brief die daarover aan uw Kamer is gezonden op 11 februari 2002 (PO/OO/2002/5012) ben ik daarop ingegaan. Het onderwijs aan schoolgaande asielzoekers verkeert in een \u00c2\u00abvolgende\u00c2\u00bb positie ten opzichte van het vreemdelingenbeleid van het ministerie van Justitie en het opvangbeleid van de Centrale Opvang Asielzoekers (COA). De schommelingen in de aantallen asielzoekers, landelijk, regionaal en lokaal zijn vanuit het onderwijs niet te be\u00c3\u00afnvloeden. Naast de fluctuaties in aantallen leerlingen is de verdeling van deze leerlingen over primair en voortgezet onderwijs sterk wisselend en onvoorspelbaar. Om die reden is financiering van het onderwijs aan asielzoekers via het Gemeentelijk Onderwijsachterstandenbeleid (GOA) niet de beste oplossing gebleken en is besloten naar een bekostiging te zoeken die terecht komt in de gemeenten die daadwerkelijk met de opvang van asielzoekers te maken hebben. Daartoe is op basis van het onderzoek van AEF vooruitlopend op een structurele regeling (vanaf 1/8/2003), voor het schooljaar 2002\u00e2\u20ac\u201c2003 een overgangsregeling getroffen voor het onderwijs aan asielzoekers. Deze overgangsregeling is reeds gepubliceerd in Uitleg op 20 maart jongstleden (Regeling specifieke uitkering voor gemeenten voor onderwijs aan schoolgaande asielzoekers in het primair en voortgezet onderwijs 2002\u00e2\u20ac\u201c2003, kenmerk PO/OO-2002/3685). Daarmee wordt tegemoet gekomen aan de financi\u00c3\u00able gevolgen van de fluctuaties voor de scholen, volgens de systematiek van de huidige regeling \u00c2\u00abexceptionele toename\u00c2\u00bb. Voor de investeringen in de onderwijshuisvesting bestaat een onderscheid tussen het primair en voortgezet onderwijs. Scholen voor het primair onderwijs kunnen via de gemeente aanspraak maken op de OHBA-regeling die door het COA wordt uitgevoerd. Om de knelpunten in het voortgezet onderwijs op te lossen, hebben gemeenten die in de problemen kwamen extra financi\u00c3\u00able ondersteuning gekregen (totaal 5,17 mln \u00e2\u20ac\u201c najaarsnota t.b.v. Ministerie van Justitie). Door een volgend kabinet zal moeten worden bezien hoe die ondersteuning een vervolg krijgt", "antwoord 3": "Fluctuaties in het aantal asielzoekers worden onder andere veroorzaakt door internationale ontwikkelingen, het vreemdelingenbeleid in Nederland, het plaatsingsbeleid van het COA en eigen keuzes van asielzoekers. Met betrekking tot de instroom van asielzoekers is het algemene beeld dat deze daalt. Met het oog op de toekomst is de verwachting dat door de invoering van de Vreemdelingenwet 2000 de totale tijd dat mensen in de opvang verblijven zal dalen vanwege de versnelling van de asielprocedure. Het verwachte gevolg is een daling van het aantal op te vangen mensen en dus ook het aantal leerplichtige kinderen. Hiernaast is het COA gestart met het verwerven van structurele opvangcentra op vaste plaatsen voor een langere periode. Hierdoor zullen de fluctuaties vanwege sluitingen van centra gaan verminderen", "antwoord 4": "Nee, om de financi\u00c3\u00able gevolgen voor gemeenten zoveel mogelijk te beperken. Vooruitlopend op een structurele regeling (vanaf 1/8/2003), voor het schooljaar 2002\u00e2\u20ac\u201c2003 is er reeds een overgangsregeling getroffen voor het onderwijs aan asielzoekers. Zie hiervoor ook het antwoord op vraag twee", "antwoord 5": "Ik ben van mening dat het mogelijk moet zijn om docenten die onderwijs aan asielzoekers hebben verzorgd in te zetten voor het onderwijs aan niet- asielzoekersleerlingen. Zeker in deze tijden van het lerarentekort zouden deze leraren binnen dezelfde VO-school moeten kunnen worden ingezet", "antwoord 6": "Aanpassingen in de bekostiging van het onderwijs aan asielzoekers is zoveel mogelijk in goed overleg met gemeenten en scholen en andere betrokken partijen uit het veld tot stand gekomen. Vanuit het ministerie van OCenW worden de ontwikkelingen in overleg met het ministerie van Justitie samen met het scholenveld, gemeenten en betrokkenen (LOWAC) nauwlettend gevolgd en besproken. ]"}