{"Bibliografische_omschrijving": "Reitsma (CDA) over de promillagegrens (Ingezonden 3 januari 1995); Antwoord", "Bestand": "15Kb", "Permalink": "\nhttp://www.geencommentaar.nl/parlando/index.php?action=doc&filename=KVR1072\n", "Inhoud": "De vragen betreffen het vervolgingsbeleid van het arrondissementsparket en de rechtbank Amsterdam ten opzichte van automobilisten met een te hoog alcoholpromillage.", "Rubriek": "Strafrecht en strafprocesrecht (Vervolging) Verkeer, vervoer en waterstaat (Verkeersdelicten) Verkeer, vervoer en waterstaat (Verkeersveiligheid)", "Trefwoorden": "Alcoholgebruik Strafvervolging Verkeersdelicten Verkeersveiligheid", "Vindplaats": "Kamervragen met antwoord 1994-1995, nr. 440, Tweede Kamer", "Afkomstig van": "Justitie Verkeer en Waterstaat", "Indiener": "<persoon partij=\"CDA\">Reitsma</persoon>", "Partij vertegenwoordiger": "\n", "Datum_reaktie": "1995-02-13", "Datum_indiening": "1995-01-03", "vraag 1": "Is het waar dat automobilisten in Amsterdam die met 2,1 promille alcohol in hun bloed worden aangehouden, voorlopig niet voor de rechter hoeven te verschijnen? ", "vraag 2": "Welke maatregelen neemt u opdat de landelijke richtlijn van 1,3 promille gehandhaafd blijft voor alle liggende zaken uit 1994 en alle nieuwe zaken in 1995? ", "vraag 3": "Zijn er de afgelopen jaren meer arrondissementsrechtbanken overgegaan tot vermindering van de promillagegrens? ", "vraag 4": "Vindt u dit niet strijdig met het ingezette verkeersveiligheidsbeleid? ", "vraag 5": "Heeft een dergelijke aankondiging van de arrondissementsrechtbank te Amsterdam juist in de periode van feestdagen en jaarwisseling niet het effect dat meer mensen met alcohol op achter het stuur gaan zitten, met alle gevolgen van dien voor de weggebruikers? ", "vraag 6": "Deelt u de mening, dat het hoogst onverantwoord van de rechtbank is om een capaciteitstekort via de publiciteit aan de kaak te stellen? Wordt de verkeersveiligheid zo ondergeschikt gemaakt aan het eigen belang? ", "antwoord 1": "[Nee. Het betrof hier overigens een e\u00c2\u00b4e\u00c2\u00b4nmalige actie, waarbij de getransigeerde zaken zorgvuldig zijn geselecteerd. Ik verwijs verder naar het antwoord op vraag 4 en de bijgevoegde ambtsberichten ", "antwoord 2": "De Procureur-Generaal bij het Gerechtshof te Amsterdam heeft mij bericht dat openbaar ministerie en rechtbank alles in het werk zullen stellen de vigerende richtlijn na te leven om te voorkomen dat in de toekomst een soortgelijke beslissing moet worden genomen. Gelet hierop zijn maatregelen van mijn kant niet aan de orde", "antwoord 3": "Uit de ambtsberichten die mij ter zake door de Procureurs-Generaal zijn verstrekt is mij gebleken dat in het verleden alleen in Rotterdam van de vigerende richtlijn is afgeweken in verband met geringe zittingscapaciteit. In Rotterdam wordt evenwel de richtlijn weer onverkort toegepast", "antwoord 4": "Vooropgesteld moet worden dat de actie in Amsterdam niet tot gevolg had dat de desbetreffende automobilisten (het betrof 150 zaken tegen first-offenders) vrijuit zouden gaan. Een aantal zaken zou niet binnen een half jaar door de rechter kunnen worden behandeld, terwijl zij al wel enige tijd ter berechting gereed lagen. In het uiterste geval zou daarvan mogelijk het gevolg zijn een niet-ontvankelijkheid van het openbaar ministerie. De actie had tot doel te voorkomen dat deze automobilisten vrijuit zouden gaan. Ik acht toepassing van de richtlijn van groot belang als onderdeel van de handhaving van de regelgeving inzake rijden onder invloed. Gelet op de aard van de actie alsmede op het feit dat het hier een eenmalige actie betrof, deel ik het oordeel van de Procureur-Generaal bij het Gerechtshof te Amsterdam dat deze actie niet in strijd was met het verkeersveiligheidsbeleid", "antwoord 5": "Betwijfeld kan worden of het bedoelde effect zich inderdaad heeft voorgedaan, mede gelet op de omstandigheid dat het om een gering aantal zaken ging en de betrokken automobilisten niet vrijuit zijn gegaan, maar een transactie van het openbaar ministerie aangeboden hebben gekregen", "antwoord 6": "Noch het arrondissementsparket Amsterdam, noch de rechtbank aldaar hebben over onderhavige aangelegenheid de publiciteit gezocht. Eerst na de onjuiste berichtgeving hebben rechtbank en parket een persbericht laten uitgaan. Zo het in vraag 5 bedoelde effect zich heeft voorgedaan, kunnen noch rechtbank noch parket hiervoor verantwoordelijk worden gesteld. ]"}