{"Bibliografische_omschrijving": "Vragen van het lid Van Dijke (ChristenUnie) aan de minister van Binnenlandse Zaken en Koninkrijksrelaties over de demonstratie te Assen ter herdenking van de Armeense genocide. (Ingezonden 2 mei 2002); Antwoord", "Bestand": "15Kb", "Permalink": "\nhttp://www.geencommentaar.nl/parlando/index.php?action=doc&filename=KVR15848\n", "Inhoud": "Bij een demonstratie in Assen ter gelegenheid van de herdenking van de Armeense genocide, moest in opdracht van de politie bepaalde woorden uit de meegedragen spandoeken worden geknipt.", "Rubriek": "Criminaliteit en openbare orde (Politie) Staats- en bestuursrecht (Grondrechten)", "Trefwoorden": "Demonstraties Mensenrechten Politie", "Vindplaats": "Kamervragen met antwoord 2001-2002, nr. 1304, Tweede Kamer", "Afkomstig van": "2010209890", "Indiener": "Binnenlandse Zaken en Koninkrijksrelaties (BZK)", "Partij vertegenwoordiger": "<persoon partij=\"ChristenUnie\">Van Dijke</persoon>", "Datum_reaktie": "\n", "Datum_indiening": "2002-06-20", "vraag 1": "Hebt u kennisgenomen van de demonstratie die woensdag 24 april jl. plaatsvond in Assen ter gelegenheid van de herdenking van de Armeense genocide (1915), waarvoor toestemming was verleend door het College van Burgemeester & Wethouders en door de politie? ", "vraag 2": "Is het u bekend dat uit de bij deze demonstratie gedragen spandoeken, in opdracht van de politie, bepaalde woorden (zoals \u00c2\u00abTurkije\u00c2\u00bb of \u00c2\u00abTurkse overheid\u00c2\u00bb) moesten worden geknipt? ", "vraag 3": "Op welke gronden kon worden gelast dat deze woorden moesten worden geschrapt? ", "vraag 4": "Was er naar uw mening grond voor het genoemde optreden van de politie bij deze demonstratie? ", "vraag 5": "In welke gevallen is de politie gemachtigd om teksten van spandoeken die worden meegedragen bij een demonstratie te wijzigen? ", "vraag 6": "Deelt u de mening dat er bij de genoemde demonstratie geen problemen van openbare orde waren, die een dergelijk ingrijpen van de politie noodzakelijk maakte? Is er reden aan te nemen dat ten onrechte een inbreuk is gemaakt op de vrijheid van meningsuiting en de regelingen uit de Wet Openbare Manifestaties? ", "antwoord 1": "[Ja", "antwoord 2": "Ja", "antwoord 3": "Het besluit om bepaalde uitingen op spandoeken te verwijderen is in casu middels overleg tussen de politie en de organisatie van de demonstratie tot stand gekomen. Het is van belang te benadrukken dat er bij openbare manifestaties, zoals demonstraties, sprake is van een stelsel van voorafgaande kennisgeving (met de mogelijkheid van een verbod als aan de gestelde voorwaarden niet is voldaan) in plaats van een vergunningenstelsel dat een instemming met de manifestatie impliceert. In de Wet openbare manifestaties (Wom) is een duidelijk kader gegeven voor de wijze waarop het recht tot betoging op gemeentelijk niveau kan worden gereguleerd. Zo is de gemeenteraad bevoegd op grond van artikel 4 Wom om regels vast te stellen inzake de kennisgevingsplicht en ook bij de bevoegdheden van de burgemeester in het kader van de Wom gaat het om voorschriften die het ordelijk verloop van een manifestatie betreffen. Indien bijvoorbeeld een ernstige verstoring van het verkeer in de verwachting ligt, mag de burgemeester \u00e2\u20ac\u201c na het maken van een noodzakelijke belangenafweging \u00e2\u20ac\u201c maatregelen treffen om dit effect te beperken. Maar de keuze van de organisatie voor het tijdstip en de plaats van de betoging is dus in eerste instantie bepalend en dat moet ook het uitgangspunt van het lokale gezag zijn. Een voorafgaande controle van en actieve bestuurlijke bemoeienis met de inhoud van de uit te dragen standpunten valt echter niet binnen het kader van de Wom en is ongeoorloofd. Het voorafbeoordelen van teksten van spandoeken op hun inhoud is een schending van het verbod van censuur zoals dat voortvloeit uit de artikelen 7 en 9 Grondwet. Alleen achteraf, als blijkt dat betogers discriminerende of beledigende teksten uitdragen, kan de politie de desbetreffende spandoeken e. d. in beslag nemen en eventueel individuele betogers aanhouden op verdenking van bepaalde strafbare feiten", "antwoord 4": "Het optreden van de politie was gebaseerd op de in het vooroverleg gemaakte afspraken over onder andere de teksten op de mee te dragen spandoeken. De politie wilde daarmee voorkomen \u00e2\u20ac\u201c en dat is op zichzelf zeer gerechtvaardigd \u00e2\u20ac\u201c dat ongeregeldheden zouden kunnen ontstaan. Echter naar mijn mening \u00e2\u20ac\u201c en hierbij verwijs ik ook naar mijn antwoord op vraag 3 \u00e2\u20ac\u201c was de insteek die de politie daarbij koos niet geoorloofd. Hoewel de beoordeling over de rechtmatigheid in het individuele geval aan de rechter is, is het dus zeer de vraag of de gemaakte afspraken in een rechtszaak overeind zouden kunnen blijven", "antwoord 5": "Voor het antwoord op deze vraag verwijs ik naar mijn antwoord op vraag drie", "antwoord 6": "Uit het antwoord op vraag drie is reeds gebleken dat problemen van openbare orde sowieso nooit mogen leiden tot voorafgaand ingrijpen ten aanzien van de uitingen die men voornemens is te doen tijdens een demonstratie. Het antwoord op het tweede deel van deze vraag moet dan ook bevestigend luiden. ]"}