{"Bibliografische_omschrijving": "Vragen van het lid Marijnissen (SP) over het verstrekken van de bijstandsuitkering achteraf. (Ingezonden 24 mei 1995); Antwoord", "Bestand": "16Kb", "Permalink": "\nhttp://www.geencommentaar.nl/parlando/index.php?action=doc&filename=KVR1613\n", "Inhoud": "Sociale zekerheid (Bijstand (ABW, RWW, Wet Sociale Werkvoorziening))", "Rubriek": "Bijstand Sociale uitkeringen", "Trefwoorden": "Kamervragen met antwoord 1994-1995, nr. 965, Tweede Kamer", "Vindplaats": "Sociale Zaken en Werkgelegenheid", "Afkomstig van": "<persoon partij=\"SP\">Marijnissen</persoon>", "Indiener": "\n", "Partij vertegenwoordiger": "1995-06-27", "Datum_reaktie": "1995-05-24", "Datum_indiening": "KVR1613", "vraag 1": "Bent u op de hoogte van de problematiek die dreigt te ontstaan voor de bijstandsgerechtigden wanneer op grond van de Herinrichting Algemene Bijstandswet de bijstandsuitkering achteraf zal worden verstrekt? ", "vraag 2": "Moeten bij het ingaan van de betaling-achteraf de bijstandsgerechtigden minstens een periode van enkele weken overbruggen, gedurende welke zij geen uitkering ontvangen? ", "vraag 3": "Bent u bereid de gemeenten extra middelen ter beschikking te stellen ter overbrugging van dit \u00c2\u00abuitkeringsloze\u00c2\u00bb tijdperk? ", "vraag 4": "Zo neen, bent u dan bereid de gemeenten de ruimte te bieden om oplossingen te zoeken die de inkomensschade voor de bijstandsgerechtigden zoveel mogelijk beperken? ", "vraag 5": "Zo neen, welke oplossing ziet u voor dit probleem? ", "antwoord 1": "[Veel gemeenten betalen de uitkering al tegen het einde van de maand omdat daarmee wordt aangesloten bij de betalingswijze die, zowel bij lonen als bij uitkeringen, het meest gebruikelijk is, namelijk achteraf. Deze systematiek heeft zowel bij aanvang als bij bee\u00c2\u00a8indiging van de bijstand grote voordelen omdat de betaling van het loon bij het aanvaarden van werk qua betaalritme aansluit op de bijstand en er zich dan ook geen overbruggingsproblemen voordoen gedurende een periode dat betrokkene geen recht op bijstand meer heeft. Om bovengenoemde redenen zal voor de zogenaamde nieuwe gevallen in de HABW de betaling achteraf doorgaans dan ook geen problemen opleveren. Voorzover voorafgaande aan de bijstandsverlening door de bijstandsaanvrager geen inkomsten worden ontvangen, en het niet mogelijk is om de periode gelegen tussen het besluit tot toekenning van de bijstand en de uitbetaling ervan te overbruggen, zullen B en W van hun bevoegdheid gebruik maken om op grond van artikel 24, onderdeel a bijstand te verstrekken. Zoals ik in mijn antwoord aan dhr. Rosenmo\u00c2\u00a8ller ook heb aangegeven kunnen betalingen omstreeks het einde van de maand beschouwd worden als betalingen achteraf. Gemeenten die derhalve reeds op dit tijdstip uitbetalen behoeven het betaalmoment niet te verschuiven", "antwoord 2": "Met betrekking tot het ingaan van de betaling achteraf voor bestaande uitkeringsgerechtigden kan het volgende worden opgemerkt. In artikel 13 van de Invoeringswet wordt aan B en W de bevoegdheid gegeven om voor de lopende uitkeringen de oude betaalsystematiek te handhaven. Het is derhalve geen verplichting voor gemeenten om voor deze lopende uitkeringen de betaaldatum te verschuiven. Indien gemeenten ertoe besluiten om ook de lopende uitkeringen over te zetten op de nieuwe betaalsystematiek, mag dit er uiteraard niet toe leiden dat de bijstandsgerechtigde daardoor in liquiditeitsproblemen geraakt. Uit jurisprudentie die zich hierover de laatste jaren heeft ontwikkeld omdat veel gemeenten deze verschuiving reeds hebben doorgevoerd, vloeit voort dat hierbij de belangen van de bijstandsgerechtigde niet mogen worden geschaad. Gemeenten kunnen er bijvoorbeeld voor kiezen om het betaaltijdstip geleidelijk te verschuiven. Door de betaaldatum met telkens een tof twee dagen te verschuiven wordt voorkomen dat de bijstandsgerechtigde een periode van twee weken of langer zonder inkomsten moet overbruggen. Behalve de mogelijkheid van een stapsgewijze verschuiving van het betalingstijdstip is in de uitvoeringspraktijk vaak een overbruggingsuitkering toegekend die later werd terugbetaald (in maandelijkse termijnen danwel bij het verlaten van de bijstand). Ook de nieuwe bijstandswet biedt hiertoe de mogelijkheid doordat op grond van artikel 24 onderdeel a van de nieuwe bijstandswet aan B en W de bevoegdheid wordt gegeven om ter overbrugging van een periode waarin betrokkene niet in de noodzakelijke bestaanskosten kan voorzien, bijstand te verstrekken. Op deze wijze kan derhalve te allen tijde worden voorkomen dat de bijstandsgerechtigde door het verschuiven van de betaaldatum in liquiditeitsproblemen geraakt", "antwoord 3": "Zoals aangegeven in het antwoord op vraag 1 en 2 zijn gemeenten niet verplicht om voor de lopende uitkeringen de betaaldatum te verschuiven. Het is de eigen beleidsvrijheid van gemeenten om daartoe over te gaan. Bovendien is het mogelijk om via geleidelijke verschuivingen een \u00c2\u00abuitkeringsloos tijdperk\u00c2\u00bb te voorkomen dat niet in overeenstemming is met het doel van de wet. Er is dan ook geen aanleiding om gemeenten extra middelen ter beschikking te stellen ter overbrugging van een dergelijk tijdperk, mede gezien de omstandigheid dat de verstrekking van een zgn. overbruggingsuitkering niet leidt tot hogere bijstandsuitgaven over de totale bijstandsperiode", "antwoord 4": "In het antwoord op vraag 1 en 2 is aangegeven welke mogelijkheden de gemeenten ter beschikking staan om, in geval zij besluiten tot een verschuiving van de betaaldatum, met de financie\u00c2\u00a8le gevolgen voor betrokkenen rekening te houden. Er is dus geen aanleiding om het ontstaan van inkomensschade te veronderstellen. ]"}