{"Bibliografische_omschrijving": "Vragen van het lid Van der Vlies (SGP) aan de staatssecretaris van Sociale Zaken en Werkgelegenheid en de staatssecretaris van Onderwijs, Cultuur en Wetenschappen, mw. Nijs, over gevolgen premiekorting in de Wet Rea. (Ingezonden 25 juli 2002); Antwoord", "Bestand": "13Kb", "Permalink": "\nhttp://www.geencommentaar.nl/parlando/index.php?action=doc&filename=KVR16265\n", "Inhoud": "Vragen over de negatieve gevolgen van de premiekorting in de Wet Rea, die in de plaats is gekomen van het plaatsingsbudget, voor de instroom van arbeidsgehandicapten op de arbeidsmarkt.", "Rubriek": "Arbeid (Werkloosheidsbestrijding) Arbeid (Werknemers) Welzijn (Lichamelijk gehandicapten)", "Trefwoorden": "Gehandicapte werknemers Subsidies Werkloosheidsbestrijding", "Vindplaats": "Kamervragen met antwoord 2001-2002, nr. 1666, Tweede Kamer", "Afkomstig van": "2010213050", "Indiener": "Sociale Zaken en Werkgelegenheid (SZW)", "Partij vertegenwoordiger": "<persoon partij=\"SGP\">Van der Vlies</persoon>", "Datum_reaktie": "\n", "Datum_indiening": "2002-09-13", "vraag 1": "Bent u op de hoogte van het feit dat de premiekorting in de Wet Rea, die in de plaats is gekomen van het plaatsingsbudget, negatieve gevolgen kan hebben voor de instroom van arbeidsgehandicapten op de arbeidsmarkt? ", "vraag 2": "Is, gelet op het feit, dat met name kleine bedrijven extra terughoudend worden, omdat de plaatsing van arbeidsgehandicapten voor hen weinig financieel voordeel oplevert, terwijl grote bedrijven van de maximale premiekorting kunnen profiteren, naar uw oordeel sprake van rechtsongelijkheid? ", "vraag 3": "Bent u bereid om aan de negatieve gevolgen van de wijziging van de Wet Rea, met name voor scholen in het praktijkonderwijs voor wat betreft de plaatsing van hun leerlingen op de arbeidsmarkt, tegemoet te komen? ", "antwoord 1": "[Bij het belastingplan 2002, deel V, zijn de plaatsingsbudgetten vervangen door een premiekorting voor werkgevers die een arbeidsgehandicapte in dienst nemen. Achtergrond van deze wijziging is dat de voordien bestaande regeling als ingewikkeld werd ervaren en bovendien bij de evaluatie REA is gebleken dat subsidies niet doorslaggevend zijn voor werkgevers in hun re\u00c3\u00afntegratiebeleid . De wijziging beoogde tevens om de werkgever via zijn premienota te confronteren met de gevolgen van zijn verzuim- en re\u00c3\u00afntegratiebeleid. Zowel de verhoging bij instroom van werknemers in de WAO als de vermindering wegens re\u00c3\u00afntegratie van arbeidsgehandicapten worden zichtbaar gemaakt op de nota. Er is geen aanleiding om te veronderstellen dat de wijziging heeft geleid tot negatieve gevolgen voor de instroom van arbeidsgehandicapten op de arbeidsmarkt", "antwoord 2": "Voor grote en voor kleine werkgevers is de premiekorting afhankelijk van het aantal arbeidsgehandicapten dat in dienst wordt genomen doordat de premiekorting direct is gekoppeld aan de hoogte van het premieplichtige loon van de arbeidsgehandicapte werknemer. Alleen indien de totale verschuldigde premie van de werkgever geringer is dan de premiekorting kan het voorkomen dat niet het gehele bedrag van de premiekorting wordt genoten. De premie wordt immers niet verder teruggebracht dan tot nihil. Dit kan zich voordoen indien de verschuldigde premie voor het Algemeen Werkloosheidsfonds door toepassing van de franchise een relatief gering bedrag is. Dit kan zich bij kleine werkgevers met werknemers met een laag loon eerder voordoen dan bij grote werkgevers. Van rechtsongelijkheid is echter geen sprake", "antwoord 3": "Gelet op het antwoord op de vragen ad 1 en 2 is er naar mijn oordeel geen aanleiding om over te gaan tot maatregelen waarmee scholen voor praktijkonderwijs tegemoet worden gekomen. ]"}