{"Bibliografische_omschrijving": "Vragen van de leden Dijsselbloem en Depla (beiden PvdA) aan de minister van Verkeer en Waterstaat over geluidsoverlast van de A2. (Ingezonden 27 februari 2002); Mededeling", "Bestand": "13Kb", "Permalink": "\nhttp://www.geencommentaar.nl/parlando/index.php?action=doc&filename=KVR15376\n", "Inhoud": "Vragen over geluidshinder in de wijk Maarssenbroek.", "Rubriek": "Milieu (Geluidhinder) Verkeer, vervoer en waterstaat (Wegen)", "Trefwoorden": "Geluidhinder Wegen", "Vindplaats": "Kamervragen met antwoord 2001-2002, nr. 898, Tweede Kamer", "Afkomstig van": "2010207220", "Indiener": "Verkeer en Waterstaat (VW)", "Partij vertegenwoordiger": "<persoon partij=\"PvdA\">Dijsselbloem</persoon>", "Datum_reaktie": "\n", "Datum_indiening": "<persoon partij=\"PvdA\">Depla</persoon>", "vraag 1": "Deelt u de conclusie dat de overlast van de A2 in met name de wijk Maarssenbroek de bestaande geluidsnormen fors overschrijdt, tot aan 70dB(A) toe ? ", "vraag 2": "Hoe verhoudt deze situatie zich tot het beleid van het kabinet dat in 2010 90% van de knelpunten waarbij de geluidsbelasting meer dan 65 dB(A) is, dient te zijn opgelost? ", "vraag 3": "Bent u bereid om, in afwachting van de verlegging van de A2, het huidige geluidsscherm langs de A2 bij Maarssen te vervangen? Zo ja, op welke termijn? Zo neen, waarom niet? ", "vraag 4": "Wanneer kan de Kamer de in de motie-Dijsselbloem (27 408, nr. 30) gevraagde inventarisatie van leefkwaliteits-knelpunten langs rijksinfrastructuur tegemoet zien? ", "antwoord 1": "[]"}