{"Bibliografische_omschrijving": "Vragen van het lid Kamp (VVD) aan de minister van Justitie over de KLM en Europese regelgeving. (Ingezonden 16 oktober 2001); Antwoord", "Bestand": "13Kb", "Permalink": "\nhttp://www.geencommentaar.nl/parlando/index.php?action=doc&filename=KVR14704\n", "Inhoud": "Is het waar dat op grond van Europese regelgeving alleen de KLM gehouden is te controleren of haar passagiers die via Schiphol reizen in het bezit zijn van een geldig transitvisum en dat andere maatschappijen op Schiphol en in Europa deze verplichting niet hebben.", "Rubriek": "Criminaliteit en openbare orde (Persoonsregistratie en identificatie) Verkeer, vervoer en waterstaat (Luchtvaartterreinen)", "Trefwoorden": "Luchthavens Visa", "Vindplaats": "Kamervragen met antwoord 2001-2002, nr. 343, Tweede Kamer", "Afkomstig van": "2010201010", "Indiener": "Justitie (JUS)", "Partij vertegenwoordiger": "<persoon partij=\"VVD\">Kamp</persoon>", "Datum_reaktie": "\n", "Datum_indiening": "2001-12-04", "vraag 1": "Is het waar dat de KLM op grond van Europese regelgeving gehouden is te controleren of haar passagiers die via Schiphol reizen in het bezit zijn van een geldig transitvisum? ", "vraag 2": "Zijn de andere maatschappijen die passagiers via Schiphol laten reizen ook gehouden hun passagiers op transitvisa te controleren? Zo neen, waarom niet? ", "vraag 3": "Is het waar dat andere Europese luchtvaartmaatschappijen, zoals Air France en Lufthansa, op grond van Europese regelgeving, bedoeld in vraag 1, niet gehouden zijn om transitpassagiers die via Frankrijk en Duitsland reizen op transitvisa te controleren? ", "vraag 4": "Bent u van mening dat de Europese regelgeving, bedoeld in vraag 1, gelijkluidend dient te worden ge\u00c3\u00afnterpreteerd door alle lidstaten, c.q. Schengenlanden? ", "vraag 5": "Wat gaat u doen om dit te bereiken? ", "antwoord 1": "[Luchtvaartmaatschappijen die een Nederlandse luchthaven aandoen zijn op grond van artikel 4 lid 1 van de Vreemdelingenwet verplicht erop toe te zien dat alle passagiers in het bezit zijn van een geldig document voor grensoverschrijding met, indien van toepassing, daarin aangebracht een geldig (transit) visum. Deze in de Vreemdelingenwet opgenomen verplichting is een uitwerking van artikel 26 lid 1 onder b van de Schengen Uitvoeringsovereenkomst. In Bijlage 3 bij de Gemeenschappelijke Visuminstructie aan de landen en consulaire beroepsposten van de staten die partij zijn bij het akkoord van Schengen is een gemeenschappelijke lijst opgenomen van derde landen waarvan de onderdanen of houders van door deze derde landen afgegeven reisdocumenten aan de transitvisumplicht voor luchthavens zijn onderworpen. De Schengen-Staten hebben zich ertoe verbonden deel I van deze bijlage niet te wijzigen zonder voorafgaande instemming van de overige Partnerstaten. Indien een Partnerstaat deel II van deze bijlage wenst te wijzigen, verbindt hij zich ertoe de partners op de hoogte te brengen en rekening te houden met hun belangen", "antwoord 2": "Neen. Zoals reeds aangegeven in mijn antwoord op de vorige vragen betreft het hier een verplichting die is opgenomen in het Schengen-acquis", "antwoord 3": "Ja , Het betreft hier reeds langer bestaande Europese regelgeving. Ik heb geen aanwijzingen dat er sprake zou zijn van verschil in interpretatie van de hier bedoelde bepaling tussen de lidstaten c.q. Schengenlanden. ]"}