{"Bibliografische_omschrijving": "Vragen van het lid Verburg (CDA) aan de minister van Sociale Zaken en Werkgelegenheid over afhandeling ESF-projecten '94-'99. (Ingezonden 19 februari 2002); Antwoord", "Bestand": "17Kb", "Permalink": "\nhttp://www.geencommentaar.nl/parlando/index.php?action=doc&filename=KVR15302\n", "Inhoud": "Gevraagd wordt onder meer op welke datum de Arbeidsvoorziening definitief zal worden opgeheven en of op die datum alle procedures met betrekking tot de afhandeling van projecten '94-'98 zijn afgerond.", "Rubriek": "Arbeid (Arbeidsbemiddeling) Arbeid (Subsidies) Arbeid (Werkloosheidsbestrijding)", "Trefwoorden": "Arbeidsvoorziening Europees Sociaal Fonds", "Vindplaats": "Kamervragen met antwoord 2001-2002, nr. 831, Tweede Kamer", "Afkomstig van": "2010206500", "Indiener": "Sociale Zaken en Werkgelegenheid (SZW)", "Partij vertegenwoordiger": "<persoon partij=\"CDA\">Verburg</persoon>", "Datum_reaktie": "\n", "Datum_indiening": "2002-03-18", "vraag 1": "Op welke datum zal naar uw oordeel de Arbeidsvoorziening definitief worden opgeheven? ", "vraag 2": "Zijn op die datum alle procedures met betrekking tot de afhandeling van projecten \u00e2\u20ac\u212294\u00e2\u20ac\u201c\u00e2\u20ac\u212299 afgerond? ", "vraag 3": "Komen vanaf het moment van opheffing van de Arbeidsvoorziening, alle mogelijk toegekende terugvorderingclaims inzake ESF-projecten via het agentschap SZW voor rekening van het budget van het ministerie van Sociale Zaken en Werkgelegenheid ? Zo neen, hoe zal dan de procedure zijn? ", "vraag 4": "Is voor alle te verwachten vorderings- en schadeclaims een financi\u00c3\u00able reservering gemaakt? ", "vraag 5": "Zijn hiervoor ook reserveringen gedaan op het niveau van de voormalige Regionale besturen Arbeidsvoorziening? ", "vraag 6": "Op welke wijze worden deze reserveringen, als hiervan sprake is, beheerd en waar is deze reservering terug te vinden in de rapportages arbeidsvoorziening? ", "vraag 7": "Kan per RBA-gebied worden aangegeven of er een reservering is en zo ja, hoe groot deze is? ", "vraag 8": "Zijn alle bestuurders van de RBA\u00e2\u20ac\u2122s en het CBA inmiddels voor 100% gedechargeerd? Zo neen, kan inzicht gegeven worden in de exacte stand van zaken van dechargeverlening regionaal en centraal? ", "vraag 9": "Is een (ex) bestuurder CBA of RBA voor 100% gevrijwaard van elke aansprakelijkheid inzake Arbeidsvoorziening na d\u00c3\u00a9charge? Zo neen, hoe zit dit exact in elkaar? ", "antwoord 1": "[Op 1 januari 2002 is krachtens de Invoeringswet Wet Structuur Uitvoering Werk en Inkomen (SUWI) artikel 27, eerste lid, de Arbeidsvoorzieningswet 1996 en de invoeringswet Arbeidsvoorzieningswet 1996 ingetrokken. In het kader van de verzelfstandiging van onderdelen van de Arbeidsvoorzieningsorganisatie , is besloten de Arbeidsvoorzieningsorganisatie nog tijdelijk in stand te houden. Hiervoor is het nodig een aantal artikelen van de Arbeidsvoorzieningswet 1996 \u00e2\u20ac\u201c waarvan de intrekking is geregeld in artikel 27 van de Invoeringswet SUWI \u00e2\u20ac\u201c tijdelijk van kracht te laten blijven. De juridische afhechting van de Arbeidsvoorzieningsorganisatie staat gepland voor 31 december 2002. Bij koninklijk besluit worden op die datum de resterende artikelen van de Arbeidsvoorzieningswet ingetrokken", "antwoord 2": "Het is van belang om ten aanzien van de procedures onderscheid te maken tussen Arbeidsvoorziening als subsidieverstrekker, Arbeidsvoorziening als aanvrager en Arbeidsvoorziening als uitvoerder. Ik heb u hierover ge\u00c3\u00afnformeerd bij brief van 6 april 2001. Voor een beschrijving van de procedures verwijs ik kortheidshalve naar deze brief . Met ingang van 1 april 2001 heeft het Agentschap SZW de taken in verband met de subsidieverstrekking ESF 1994\u00e2\u20ac\u201c1999 van Arbeidsvoorziening overgenomen. Zoals is aangegeven bij de beantwoording van de vragen van de Vaste commissie voor Sociale Zaken en Werkgelegenheid van de Tweede Kamer naar aanleiding van het rapport van de heer Koning inzake subsidies Europees Sociaal Fonds en de kabinetsreactie daarop , werkt het Agentschap SZW met een integrale planning voor de afwerking van de programmaperiode 1994\u00e2\u20ac\u201c1999, die de maand juli 2002 als eindpunt kent. Dat wil zeggen dat op dat moment de beschikkingen subsidievaststelling zijn afgegeven en een saldo-uitbetaling is verricht of een terugvordering is ingesteld. Een aantal aanvragers is thans druk doende om de afwikkeling van projecten ESF 1997\u00e2\u20ac\u201c1999 te realiseren. In die hoedanigheid is Arbeidsvoorziening bezig om de afwikkeling van projecten waarbij Arbeidsvoorziening als aanvrager en uitvoerder is opgetreden te realiseren. Alle activiteiten zijn erop gericht om uiterlijk in maart 2003 een adequate einddeclaratie voor de gehele programmaperiode 1994\u00e2\u20ac\u201c1999 voor de Europese Commissie op te stellen. Als subsidieverstrekker handelt het Agentschap de bezwaar- en beroepsprocedures in dit verband af. Het is niet uitgesloten dat ten aanzien van projecten waarbij Arbeidsvoorziening als aanvrager en/of uitvoerder fungeert procedures kunnen doorlopen tot na 31 december 2002. Voor de behandeling van dergelijke procedures zal een organisatorische voorziening worden getroffen", "antwoord 3": "Ik heb het Agentschap SZW de opdracht gegeven Brussel-proof af te rekenen. Hiertoe zijn ordelijke procedures opgesteld. Dit kan betekenen dat het Agentschap de uiteindelijke beschikking lager vaststelt dan de door de aanvrager ingediende einddeclaratie. Het Agentschap vordert eventueel teveel bevoorschot ESF-geld terug", "antwoord 4": "Arbeidsvoorziening is nog bezig met de opstelling van de jaarrekeningen 2000 en 2001. Ik heb de Tweede Kamer meermalen medegedeeld dat de jaarrekening 2000 wordt meegenomen in de boedelbeschrijving van prof. Koopmans. Deze rapportage heb ik heden nog niet ontvangen. Ik heb de Tweede Kamer naar aanleiding van een vraag van mevr. Van Lente per brief medegedeeld, dat naar verwachting voor eind maart het rapport van prof. Koopmans de Tweede Kamer zal hebben bereikt ", "antwoord 5": "Nee, de bestuurders van de RBA\u00e2\u20ac\u2122s Rijnmond en Zuidelijk Noord-Holland zijn nog niet gedechargeerd. Zoals is aangegeven in de antwoorden op een schriftelijk verslag zijn de regionale besturen gedechargeerd op grond van verantwoordingsdocumenten. Er is sprake van persoonlijke aansprakelijkheid, indien blijkt dat er sprake is van schade veroorzaakt door aan \u00c3\u00a9\u00c3\u00a9n of meerdere personen toe te wijzen nalatig handelen. Hiervoor heeft geen vrijwaring plaatsgevonden. Ik heb dit eveneens gemeld in mijn antwoord op eerdere vragen van mevrouw Verburg . De bestuurders van het CBA zijn niet gedechargeerd, zij kunnen worden gedechargeerd na vaststelling en goedkeuring van de jaarrekeningen. In zijn algemeenheid bestaat er na decharge geen vrijwaring/ontheffing van aansprakelijkheid voor feiten die bij degene die decharge verleent, niet bekend zijn en voor schade als gevolg van aan de bestuurder toe te rekenen ernstig verwijtbaar gedrag. ]"}