{"Bibliografische_omschrijving": "Vragen van het lid Van der Steenhoven (GroenLinks) aan de minister van Verkeer en Waterstaat over het Multimodaal Transportcentrum (MTC) in Gelderland. (Ingezonden 17 oktober 2001); Antwoord", "Bestand": "17Kb", "Permalink": "\nhttp://www.geencommentaar.nl/parlando/index.php?action=doc&filename=KVR14594\n", "Inhoud": "Vragen naar aanleiding van het onderzoek dat is verricht door het Crisis Onderzoeks Team, naar de bestuurlijke gang van zaken in een voorbereidende fase van het MTC Valburg, waarbij onregelmatigheden zijn geconstateerd.", "Rubriek": "Criminaliteit en openbare orde (Fraude) Overheidsfinanci\u00c3\u00abn (Provinciale financi\u00c3\u00abn) Verkeer, vervoer en waterstaat (Goederenvervoer)", "Trefwoorden": "Fraude Gelderland Goederenvervoer Provinciale financi\u00c3\u00abn", "Vindplaats": "Kamervragen met antwoord 2001-2002, nr. 249, Tweede Kamer", "Afkomstig van": "2010201150", "Indiener": "Verkeer en Waterstaat (VW)", "Partij vertegenwoordiger": "<persoon partij=\"GroenLinks\">Van der Steenhoven</persoon>", "Datum_reaktie": "\n", "Datum_indiening": "2001-11-14", "vraag 1": "Bent u op de hoogte van de bevindingen van het Crisis Onderzoeks Team bij het, in opdracht van Provinciale Staten van Gelderland, verrichte onderzoek naar de bestuurlijke gang van zaken in een voorbereidende fase van het MTC, zoals weergegeven in het onlangs gepresenteerde rapport Project en route? ", "vraag 2": "Gezien de door het Crisis Onderzoeks Team geconstateerde onregelmatigheden bij de totstandkoming en de diverse inhoudelijke hiaten, deelt u de mening dat de door het Knooppunt Arnhem\u00e2\u20ac\u201cNijmegen goedgekeurde MER voor het MTC Valburg niet als richtsnoer kan gelden? Zo neen, waarom niet? ", "vraag 3": "Kent u het Haalbaarheidsonderzoek MTC-Valburg (juni 1999), en het Ondernemingsplan MTC Valburg (januari 2000)? ", "vraag 4": "Hoe beoordeelt u het feit dat het ondernemingsplan een rooskleurige samenvatting van het haalbaarheidsonderzoek is, waarbij zwakke kanten, risico\u00e2\u20ac\u2122s en uit de begroting weggelaten delen van het MTC worden verzwegen? ", "vraag 5": "Bent u er van op de hoogte dat het oorspronkelijke haalbaarheidsonderzoek lange tijd niet beschikbaar was voor de volksvertegenwoordigers van de betrokken Gelderse overheden? Zo ja, wat vindt u van dit besluitvormingsproces? ", "vraag 6": "Is volgens u het doortrekken van de A73 een noodzakelijkheid voor een goede ontwikkeling van het MTC? Zo ja, waarom? Zo neen, waarom niet? ", "vraag 7": "Wat zijn volgens u de gevolgen van het niet doorgaan van de Zuidtak van de Betuweroute voor het project MTC? ", "vraag 8": "Kunt u inzicht geven in de beoogde financiering van het project, inclusief benodigde infrastructuur, uitgesplitst naar bijdrage van Rijk, provincie, gemeentes en private partijen? Wilt u hierbij ook eventuele bijdragen van de EU betrekken? ", "vraag 9": "Is het waar dat er f 150 mln. voor het MTC op de plank ligt, zoals door een woordvoerder van Rijkswaterstaat directie Oost wordt beweerd? Waar is deze reservering op de begroting van het Ministerie van Verkeer en Waterstaat voor het jaar 2002 terug te vinden? ", "vraag 10": "Bent u bereid om bij de maatschappelijke kosten-baten analyse, die ten behoeve van een beoordeling van het project zal moeten worden opgesteld, met name in te gaan op de volgende aspecten: \u00e2\u20ac\u201c de locatiekeuze, in het licht van de in het haalbaarheidsonderzoek gesignaleerde gunstiger ligging van Venlo, Emmerich en Duisburg; \u00e2\u20ac\u201c een gedegen toetsing op de financi\u00c3\u00able haalbaarheid van het gehele project, inclusief alle infrastructuur en de vereiste compenserende en mitigerende maatregelen; \u00e2\u20ac\u201c de consequenties van het MTC voor de cultuurhistorie (vereiste sloop van zeven gemeentelijke monumenten); \u00e2\u20ac\u201c de gevolgen voor het leefmilieu in de omliggende dorpen; \u00e2\u20ac\u201c de toepassing van de Habitatrichtlijn en de Vogelrichtlijn voor het plangebied? ", "antwoord 1": "[Ja, ik ben op de hoogte van de bevindingen van het Crisis Onderzoeks Team en het gepresenteerde rapport \u00c2\u00abProject en Route\u00c2\u00bb", "antwoord 2": "Of het uitgevoerde MER op basis van het rapport van het Crisis Onderzoek Team als richtsnoer kan blijven gelden, is aan het Knooppunt Arnhem Nijmegen (KAN). Niet het Rijk maar het KAN is bevoegd gezag inzake dit MER", "antwoord 3": "Ja, zowel het Haalbaarheidsonderzoek MTC Valburg van juni 1999 als het Projectvoorstel MTC Valburg van januari 2000 zijn mij bekend", "antwoord 4": "Ik beschouw het Projectvoorstel (januari 2000) geenszins als samenvatting van het haalbaarheidsonderzoek. Het haalbaarheidsonderzoek brengt de haalbaarheid van het project in kaart. Een analyse van de risico\u00e2\u20ac\u2122s is daarbij een logisch onderdeel. Ook een voorstel voor de opzet en invulling van de uitvoeringsorganisatie maakt deel uit van dit specifieke haalbaarheidsonderzoek. Het Projectvoorstel geeft uitwerking aan de opzet en invulling van de uitvoeringsorganisatie en het geeft weer onder welke condities het project realiseerbaar is, gegeven de risico\u00e2\u20ac\u2122s die blijken uit het haalbaarheidsonderzoek. Overigens ben ik nog niet overgegaan tot de uitgebreide inhoudelijke beoordeling van het project. Het betreft een regionaal project en het rijk is niet direct betrokken bij de realisatie. Wel is het rijk gevraagd een financi\u00c3\u00able bijdrage te verstrekken. Een formeel subsidieverzoek daartoe is door de initiatiefnemers nog niet ingediend. Na indiening van het subsidieverzoek zal ik een onafhankelijke beoordeling laten opstellen van dat verzoek en het projectvoorstel waarop dat gebaseerd is", "antwoord 5": "Het haalbaarheidsonderzoek was wel degelijk beschikbaar. Uit informatie van de provincie Gelderland blijkt mij dat het rapport vertrouwelijk (vanwege strategische bedrijfsinformatie in het rapport) beschikbaar was voor de betrokken Statenleden als onderdeel van statenvoorstel H-547 ten behoeve van de Statenvergadering van 5 april 2000", "antwoord 6": "Nee, het doortrekken van de A73 is niet direct noodzakelijk voor een goede ontwikkeling van het MTC. Een ontsluiting via de A15 kan ook een adequate oplossing bieden. De ontsluiting van het MTC op het hoofdwegennet is momenteel onderwerp van een studie die wordt uitgevoerd in opdracht van de provincie Gelderland", "antwoord 7": "Geen. In mijn brief van 24 september 2001 over het spoorverkeer in Zuidoostelijk Nederland heb ik de Kamer ge\u00c3\u00afnformeerd over mijn conclusies naar aanleiding van een Verkenningsstudie over het spoornetwerk in Zuidoost Nederland. In die studie is onder andere geconstateerd dat zowel het reizigersverkeer als het goederenvervoer, dat conform de NVVP-ambities in dat gebied verwacht wordt, over het spoorwegnet afgewikkeld kan worden z\u00c3\u00b3nder dat daarvoor \u00e2\u20ac\u201c in ieder geval tot rond 2015 \u00e2\u20ac\u201c de realisering van een Zuidtak Betuweroute nodig is. Dat betekent dat de omstandigheden zoals die zich voordoen rond het MTC niet veranderen", "antwoord 8": "Het MTC Valburg betreft een regionaal project. Besluitvorming over de beoogde financiering vindt primair in de regio plaats. De komende maanden zullen aan de Raden van Arnhem, Nijmegen, Overbetuwe en het Regionaal Openbaar Lichaam Knooppunt Arnhem-Nijmegen alsmede de Provinciale Staten van Gelderland besluiten worden gevraagd over de verdere invulling van het MTC Valburg. Na besluitvorming in de regio en na oplevering van de Maatschappelijke Kosten Baten Analyse die ik laat uitvoeren (zie ook antwoord op vraag 10) kunnen de initiatiefnemers een formeel subsidieverzoek indienen bij het Ministerie van Verkeer en Waterstaat. De onzekerheid over (de hoogte van) een rijksbijdrage is dan ook als voorlopige risicofactor meegenomen in het voorstel aan de Raden en Staten", "antwoord 9": "Hoewel er nog geen besluit is genomen over (de hoogte van) een rijksbijdrage, is hierop in het MIT wel geanticipeerd door het voorlopig reserveren van totaal f 175 miljoen. (2005\u00e2\u20ac\u201c2008 f 100 miljoen gulden en na 2010 f 75 miljoen gulden). Omdat er nog geen besluit is genomen over een bijdrage voor het project, is het in het MIT opgenomen als p.m.-post in de verkenningentabel Vaarwegen. Bij een verkenning is de reservering (nog) niet zichtbaar", "antwoord 10": "Op mijn initiatief is reeds een Maatschappelijke Kosten Baten Analyse (MKBA) uitgevoerd. Medio november is het eindrapport beschikbaar. Nieuwe elementen kunnen hieraan niet meer worden toegevoegd. De centrale vraag van de MKBA is: bepaal de maatschappelijke waarde van het MTC Valburg door het uitvoeren van een Maatschappelijke Kosten-Baten Analyse en maak hierbij de bijdragen aan het saldo van kosten en baten van de afzonderlijke onderdelen (terminals, bedrijventerrein, haven en dergelijke) transparant. Doel van de analyse is het verkrijgen van inzicht in het maatschappelijk nut van het project. Op basis van de uitkomsten van de MKBA zullen de initiatiefnemers voor het project een definitieve subsidie aanvraag indienen bij V&amp;W. ]"}