{"Bibliografische_omschrijving": "Vragen van het lid Terpstra (VVD) aan de minister van Volksgezondheid, Welzijn en Sport over bevoegdverklaring van buitenlands gediplomeerde verloskundigen. (Ingezonden 28 september 2001); Antwoord", "Bestand": "15Kb", "Permalink": "\nhttp://www.geencommentaar.nl/parlando/index.php?action=doc&filename=KVR14499\n", "Inhoud": "Vragen over het feit dat de Commissie Buitenlands Gediplomeerden Volksgezondheid sinds 1995 kennelijk slechts \u00c3\u00a9\u00c3\u00a9n buitenlands gediplomeerde verloskundige uit een land buiten de Europese Economische Ruimte bevoegd heeft verklaard om in Nederland haar/zijn vak uit te oefenen.", "Rubriek": "Gezondheidszorg (Medische beroepen)", "Trefwoorden": "Verloskundigen", "Vindplaats": "Kamervragen met antwoord 2001-2002, nr. 164, Tweede Kamer", "Afkomstig van": "2010200380", "Indiener": "Volksgezondheid, Welzijn en Sport (VWS)", "Partij vertegenwoordiger": "<persoon partij=\"VVD\">Terpstra</persoon>", "Datum_reaktie": "\n", "Datum_indiening": "2001-10-25", "vraag 1": "Is het waar dat de Commissie Buitenlands Gediplomeerden Volksgezondheid (CBGV) sinds 1995 slechts een van de 42 aangemelde buitenlands gediplomeerde verloskundigen uit een land buiten de Europese Economische Ruimte bevoegd heeft verklaard om in Nederland haar/zijn vak uit te oefenen? ", "vraag 2": "Kan een overzicht worden gegeven van de landen van herkomst van de afgewezen buitenlands gediplomeerde verloskundigen? ", "vraag 3": "Kan worden aangegeven op welke wijze de vakbekwaamheid van de buitenlands gediplomeerde verloskundigen wordt getoetst? ", "vraag 4": "Wat is uw oordeel over het kwaliteitsniveau van de Zuid-Afrikaanse opleiding tot verloskundige? ", "antwoord 1": "[Ja. De Commissie Buitenslands Gediplomeerden Volksgezondheid (CBGV) brengt op mijn verzoek advies uit over een bij het Ministerie van VWS ingediende aanvraag voor een verklaring van vakbekwaamheid, voorheen verzoek tot toelating tot de beroepsuitoefening. In de periode 1995\u00e2\u20ac\u201c2000 heeft de CBGV 46 adviezen uitgebracht over aanvragen/verzoeken van buiten de Europese Economische Ruimte (EER) gediplomeerde verloskundigen. Bij 1 aanvraag kwam de CBGV op grond van opleidingen en beroepservaring tot een advies dat een verklaring van vakbekwaamheid kon worden afgegeven, inhoudende dat de aanvrager het niveau heeft bereikt dat gelijkwaardig is aan dat van een Nederlandse verloskundige", "antwoord 2": "Uit de door mij afgehandelde toelatingsverzoeken respectievelijk aanvragen voor verklaringen van vakbekwaamheid van verloskundigen van buiten de Europese Economische Ruimte (EER) in de periode 1995\u00e2\u20ac\u201c2000, komt het volgende overzicht naar voren van landen van herkomst van niet gelijkwaardig bevonden verzoekers/aanvragers: Bulgarije, Cuba, Filippijnen, Georgi\u00c3\u00ab, Indonesi\u00c3\u00ab, Iran, Japan, Joegoslavi\u00c3\u00ab (voormalig), Litouwen, Nieuw-Zeeland, Nigeria, Pakistan, Polen, Rusland, Suriname, Syri\u00c3\u00ab, Turkije, U.S.S.R. (voormalige Sovjet-Unie) en Zuid-Afrika", "antwoord 3": "In de artikelen 41 tot en met 45 van de Wet beroepen in de individuele gezondheidszorg (Wet BIG) zijn de wettelijke regelingen aangegeven die de Minister moet volgen voor het wel of niet afgeven van een verklaring van vakbekwaamheid aan in het buitenland gediplomeerden die een wettelijk gereglementeerd beroep binnen de gezondheidszorg in Nederland willen uitoefenen. Voor verloskundigen betekent dit dat de Minister aan de hand van het Besluit opleidingseisen en deskundigheidsgebied verloskundige toetst of het opleidingsniveau van het in het buitenland behaalde diploma gelijkwaardig, nagenoeg gelijkwaardig dan wel niet gelijkwaardig is aan het in het Besluit neergelegde opleidingsniveau. Kort samengevat komt het er op neer dat een aanvrager een vooropleiding op HAVO-niveau moet hebben met een exact vakkenpakket (biologie en scheikunde) en vervolgens moet betrokkene een vierjarige opleiding volgen op HBO-niveau. Het gaat hierbij om een opleiding met specifiek verloskundige vakken zoals genoemd in de artikelen 3 tot en met 10 van het Besluit", "antwoord 4": "Zuid-Afrika kende het systeem dat een persoon eerst een algemene opleiding verpleegkunde van drie of vier jaar volgt en daarna kan deze persoon een opleiding van \u00c3\u00a9\u00c3\u00a9n jaar verloskunde volgen. Wanneer dat jaar met het diploma wordt afgesloten, dan kan betrokkene zich in het Zuid-Afrikaanse register van verloskundigen laten registreren. Verder kende Zuid-Afrika een tweejarige opleiding tot verloskunde. Enkele jaren geleden zijn deze opleidingen veranderd in een ge\u00c3\u00afntegreerde opleiding van vier jaar met vier uitstroommogelijkheden waaronder verpleegkunde en verloskunde. De waardering voor wat verloskunde betreft verschilt daardoor niet met de waardering die over de oude opleiding werd gegeven. Het opleidingsniveau is niet te vergelijken met de Nederlandse opleiding tot verloskundige. Dit komt omdat de opleiding in Zuid-Afrika voor hooguit twee jaar uit verloskundige vakken bestaat. Het verschil komt vooral naar voren bij de risicoselectie, de thuisbevallingen en de volledig zelfstandige beroepsuitoefening en bedrijfsvoering. De geconstateerde tekorten zijn dermate groot dat beroepservaring de geconstateerde tekorten niet kan compenseren. Vanwege bijzondere omstandigheden kan het mogelijk zijn dat niet op voorhand duidelijk is dat een aanvrager door opleiding en beroepservaring een niveau heeft dat niet dan wel nagenoeg gelijkwaardig is aan het niveau van een in Nederland opgeleide verloskundige. Bijvoorbeeld wanneer een aanvrager een aanvullende opleiding in een ander land heeft gevolgd. In de procedure bestaat dan de mogelijkheid de aanvrager een toets aan te bieden om het niveau te bepalen. Wanneer een aanvrager slaagt voor een dergelijke toets, dan heeft betrokkene aangetoond een niveau te hebben dat nagenoeg gelijkwaardig is aan dat van een in Nederland opgeleide verloskundige. Betrokkene moet dan nog enige maanden onder supervisie werken om kennis te maken met het Nederlandse zorgstelsel. Wanneer een aanvrager zakt voor de toets, dan kan aan de hand van de toetsresultaten bepaald worden welke onderdelen van de opleiding betrokkene nog moet volgen om zo het Nederlandse diploma te behalen. Indien een aanvrager afziet van het afleggen van een toets, dan gaat de Minister er van uit dat betrokkene een opleidingsniveau heeft dat niet gelijkwaardig is aan dat van een in Nederland opgeleide verloskundige. ]"}