{"Bibliografische_omschrijving": "Vragen van het lid De Haan (CDA) aan de staatssecretaris van Financi\u00c3\u00abn over de heffingskorting voor alfa-hulpen. (Ingezonden 23 januari 2002); Antwoord", "Bestand": "16Kb", "Permalink": "\nhttp://www.geencommentaar.nl/parlando/index.php?action=doc&filename=KVR15084\n", "Inhoud": "Vragen over de inkomenspolitieke consequenties van de afschaffing van de invorderingsvrijstelling, met name voor alfahulpen en mensen met kleine baantjes.", "Rubriek": "Belastingen (Inkomstenbelasting) Gezondheidszorg (Maatschappelijke gezondheidszorg) Welzijn (Gezinsverzorging)", "Trefwoorden": "Gezinsverzorging Inkomstenbelasting Thuiszorg", "Vindplaats": "Kamervragen met antwoord 2001-2002, nr. 644, Tweede Kamer", "Afkomstig van": "2010204900", "Indiener": "Financi\u00c3\u00abn (FIN)", "Partij vertegenwoordiger": "<persoon partij=\"CDA\">De Haan</persoon>", "Datum_reaktie": "\n", "Datum_indiening": "2002-02-15", "vraag 1": "Is een overgangsmaatregel getroffen omdat de inkomenspolitieke consequenties van de afschaffing van de invorderingsvrijstelling (met name voor alfahulpen en mensen met kleine baantjes) te gevoelig bleken? ", "vraag 2": "Erkent u dat deze overgangsmaatregel \u00e2\u20ac\u201c die de vorm heeft gekregen van een tijdelijke verhoging van de heffingskorting en moet worden vastgesteld op basis van een formule (hoofdstuk 2, artikel I, onderdeel Ata, 2e lid Invoeringswet IB 2001) \u00e2\u20ac\u201c zeer ingewikkeld is? ", "vraag 3": "Bewerkstelligt vaststelling op basis van deze formule dat de alfahulp volledig gekort kan worden op de algemene heffingskorting, op het moment dat de werkende partner iets meer gaat verdienen? ", "vraag 4": "Is deze consequentie bedoeld? Zo ja, hoe rechtvaardigt u dit dan, mede in het licht van het feit dat belastingplichtigen tegenwoordig zelfstandig worden aangeslagen voor de inkomstenbelasting? ", "vraag 5": "Bent u bereid om een oplossing te vinden voor deze groep belastingplichtigen bijvoorbeeld door de formule van artikel I, onderdeel Ata, 2e lid Invoeringswet IB 2001 los te koppelen van het inkomen van de partner? ", "antwoord 1": "[De regeling inzake de tijdelijke verhoging van de algemene heffingskorting is ingevoerd in verband met de inkomensgevolgen die het geheel afschaffen van de invorderingsvrijstelling zou hebben voor onder meer alfahulpen. De verhoging wordt in vijf jaar afgebouwd", "antwoord 2": "De formule in de wet is inderdaad ingewikkeld. Dit vloeit voort uit het feit dat de tijdelijke verhoging van de algemene heffingskorting zoveel mogelijk moest aansluiten op de invorderingsvrijstelling die op zich al ingewikkeld was. Belastingplichtigen hebben overigens van die complexiteit geen last, omdat de Belastingdienst bij het vaststellen van de aanslag automatisch rekening houdt met de tijdelijke verhoging van de algemene heffingskorting", "antwoord 3": "Neen. Het inkomen van de meer verdienende partner van de alfahulp heeft in het algemeen geen invloed op de tijdelijke verhoging van de algemene heffingskorting. Uiteraard geldt, zoals bij alle heffingskortingen, dat het totaal van de gezamenlijke heffingskortingen niet hoger kan zijn dan de gezamenlijk te betalen inkomstenbelasting. Wel is het zo dat indien de alfahulp met een (meer) verdienende partner zelf meer gaat verdienen (bijvoorbeeld door meer uren te werken of door een hoger uurloon) en daardoor meer inkomen heeft dan de inkomensgrens van 4395, er in de meeste gevallen geen recht meer bestaat op de tijdelijke verhoging van de algemene heffingskorting", "antwoord 4": "Het inkomen van de meer verdienende partner van de alfahulp heeft geen invloed op de tijdelijke verhoging van de algemene heffingskorting. De door u beschreven onrechtvaardige situatie doet zich derhalve niet voor. lk zie dan ook geen reden de regeling op dit punt aan te passen. ]"}