{"Bibliografische_omschrijving": "Vragen van de leden Mosterd en de Haan (beiden CDA) aan de staatssecretarissen van Financi\u00c3\u00abn en van Volksgezondheid, Welzijn en Sport over belastingaanslagen van gehandicapten. (Ingezonden 19 februari 2002); Antwoord", "Bestand": "15Kb", "Permalink": "\nhttp://www.geencommentaar.nl/parlando/index.php?action=doc&filename=KVR15315\n", "Inhoud": "Vragen over belastingaanslagen die voor lichamelijk gehandicapten nadeliger uitpakken dan voor andere belastingplichtigen.", "Rubriek": "Belastingen (Algemeen) Staats- en bestuursrecht (Grondrechten) Welzijn (Lichamelijk gehandicapten)", "Trefwoorden": "Belastingen Discriminatie Lichamelijk gehandicapten", "Vindplaats": "Kamervragen met antwoord 2001-2002, nr. 853, Tweede Kamer", "Afkomstig van": "2010206460", "Indiener": "Financi\u00c3\u00abn (FIN)", "Partij vertegenwoordiger": "<persoon partij=\"CDA\">de Haan</persoon>", "Datum_reaktie": "\n", "Datum_indiening": "<persoon partij=\"CDA\">Mosterd</persoon>", "vraag 1": "Weet u dat gehandicapten die vanwege hun handicap gedwongen zijn om meer kilometers te rijden en een duurdere aangepaste auto moeten gebruiken door de fiscus hoger worden aangeslagen? ", "vraag 2": "Weet u dat gehandicapten door een woningaanpassing ten gevolge van hun handicap een hogere WOZ aanslag krijgen? ", "vraag 3": "Vindt u de in vraag 1 en 2 genoemde situaties aanvaardbaar uitgaande van gelijke behandeling van gehandicapten? ", "vraag 4": "Bent u bereid deze ongelijke, nadelige situaties voor gehandicapten op te heffen? Zo neen, waarom niet? Zo ja, hoe en op welk moment? ", "antwoord 1": "[Het komt voor dat een gehandicapte van zijn werkgever een auto van de zaak heeft en dat die auto zodanig ruim is dat bijvoorbeeld een scootermobiel voor verder vervoer kan worden meegenomen. Dat kan betekenen dat hem een duurdere auto ter beschikking is gesteld dan gebruikelijk. Dat zal in beginsel inderdaad doorwerken naar de bijtelling priv\u00c3\u00a9 gebruik auto voor de inkomstenbelasting. Een en ander vloeit voort uit de enigszins ruwe werking van de autokostenfictie. Anderzijds zal, als aannemelijk is dat deze belastingplichtige ook voor priv\u00c3\u00a9 doeleinden de auto meer gebruikt dan met hem vergelijkbare belastingplichtigen met een auto van de zaak, maar die niet gehandicapt zijn, de belastingplichtige deze extra kosten van vervoer als buitengewone uitgaven in aftrek kan brengen. In lijn met hetgeen daarover in het besluit van 12 december 2001, nr. CPP 2001/2139M, V-N 2002/7.13, al is uitgedragen, kunnen deze extra kosten van vervoer op een evenredig deel van diezelfde bijtelling priv\u00c3\u00a9 gebruik auto worden gesteld. Of dit per saldo tot een hogere belastingaanslag zal leiden, kan ik zo in het algemeen niet beoordelen", "antwoord 2": "Het is mij bekend, dat door uitbreiding van een woning met een aanbouw in verband met de handicap deze woning in waarde vermeerderd kan zijn. De wijze waarop de woning is ingericht (er is b.v. een traplift aangebracht of een aangepaste keuken) wordt niet in deze waardering betrokken. Het behoort tot de gemeentelijke beleidsruimte om te oordelen of aan de eigenaar/bewoner van een aangepaste woning een bijdrage in het kader van de Wvg wordt verstrekt voor de hogere WOZ-aanslag. Bij sociale woningbouw wordt er rekening mee gehouden dat bewoners beperkingen kunnen hebben of krijgen. Noodzakelijke aanpassingen zijn dan geen reden om groter te gaan wonen", "antwoord 3": "Het uitgangspunt van het beleid van de regering is een gelijke behandeling van mensen met beperkingen vergeleken met alle andere Nederlanders. De beschreven oplossingen doen recht aan de gelijke behandeling. In breder verband vormt de diversiteit in extra kosten van mensen met functiebeperkingen onderwerp van overleg met de CG-Raad. In vervolg op het rapport van de interdepartementale werkgroep \u00c2\u00abInkomenspositie van gehandicapten en chronisch zieken\u00c2\u00bb (IGCZ) dat in juni 2001 aan de Tweede Kamer is aangeboden, worden in samenspraak met de CG-Raad beleidsalternatieven verkend ter oplossing van de kostenproblematiek. ]"}