{"Bibliografische_omschrijving": "Vragen van de leden Cornielje en Cherribi (beiden VVD) aan de minister van Onderwijs, Cultuur en Wetenschappen over problemen van het NIOZ. (Ingezonden 20 februari 2002); Antwoord", "Bestand": "13Kb", "Permalink": "\nhttp://www.geencommentaar.nl/parlando/index.php?action=doc&filename=KVR15989\n", "Inhoud": "Vragen over de acute financi\u00c3\u00able problemen van het Koninklijke Nederlandse Instituut voor Onderzoek der Zee (NIOZ) op Texel.", "Rubriek": "Natuur (Algemeen) Wetenschap en technologie (Onderzoeksinstituten)", "Trefwoorden": "Natuurbescherming Oceanologie Onderzoeksinstituten", "Vindplaats": "Kamervragen met antwoord 2001-2002, nr. 1428, Tweede Kamer", "Afkomstig van": "2010206560", "Indiener": "Onderwijs, Cultuur en Wetenschappen (OCW)", "Partij vertegenwoordiger": "<persoon partij=\"VVD\">Cornielje</persoon>", "Datum_reaktie": "\n", "Datum_indiening": "<persoon partij=\"VVD\">Cherribi</persoon>", "vraag 1": "Bent u op de hoogte van de acute financi\u00c3\u00able problemen van het op Texel gevestigde Koninklijke Nederlandse Instituut voor Onderzoek der Zee (NIOZ)? ", "vraag 2": "Deelt u de mening dat het NIOZ uniek is omdat het alle relevante wetenschapsgebieden zoals fysica, chemie, geologie, ecologie en marine biologie van de oceanografie combineert? ", "vraag 3": "Erkent u het essenti\u00c3\u00able belang van het instituut voor de Waddenzee, de Noordzee en de Oceanen? ", "vraag 4": "Erkent u het essenti\u00c3\u00able belang van het instituut binnen het kernthema \u00c2\u00abSysteem Aarde\u00c2\u00bb van NWO? ", "vraag 5": "Vindt u dat het grootste interdisciplinaire oceanografische onderzoeksinstituut voor Nederland niet verloren mag gaan? ", "vraag 6": "Klopt het dat tijdens de overgang in 1993 van het NIOZ van OCenW naar NWO de basissubsidie te laag is vastgesteld? ", "vraag 7": "Bent u bereid samen met andere betrokken ministers (VROM, LNV, VW, en EZ) en het NIOZ te zoeken naar oplossingen zodat het NIOZ voor Nederland behouden kan blijven en de Kamer hierover v\u00c3\u00b3\u00c3\u00b3r 18 maart 2002 te informeren? ", "antwoord 1": "[Met ingang van 1 januari 1990 is de directe zorg voor het NIOZ overgedragen aan NWO en daarmee werd de directe subsidierelatie met het NIOZ verbroken. Alle betrokken partijen hebben destijds na een bescheiden verhoging van de basissubsidie ingestemd met de overgang van het NIOZ naar NWO door ondertekening van het overdrachtsprotocol. ]"}