{"Bibliografische_omschrijving": "Vragen van de leden Middel en Albayrak (beiden PvdA) aan de staatssecretaris van Justitie over uitgeprocedeerde asielzoekers uit Mauritani\u00c3\u00ab. (Ingezonden 23 oktober 2001); Mededeling", "Bestand": "13Kb", "Permalink": "\nhttp://www.geencommentaar.nl/parlando/index.php?action=doc&filename=KVR14654\n", "Inhoud": "Vragen over de moeilijkheden die uitgeproceeerde asielzoekers uit Mauretani\u00c3\u00ab ondervinden bij terugkeer in hun land.", "Rubriek": "Criminaliteit en openbare orde (Persoonsregistratie en identificatie) Welzijn (Vreemdelingen en asielzoekers)", "Trefwoorden": "Legitimatie Mauretani\u00c3\u00ab Vluchtelingen", "Vindplaats": "Kamervragen met antwoord 2001-2002, nr. 298, Tweede Kamer", "Afkomstig van": "2010201410", "Indiener": "Justitie (JUS)", "Partij vertegenwoordiger": "<persoon partij=\"PvdA\">Middel</persoon>", "Datum_reaktie": "\n", "Datum_indiening": "<persoon partij=\"PvdA\">Albayrak</persoon>", "vraag 1": "Is het u bekend dat het voor uitgeproceerde asielzoekers uit Mauritani\u00c3\u00ab zo goed als onmogelijk is om bij de autoriteiten van hun land een laissez-passer te verkrijgen? ", "vraag 2": "Bent u ervan op de hoogte dat de Mauretaanse ambassade in Brussel slechts reispapieren afgeeft als de aanvrager zijn paspoort kan tonen alsmede een geboorteakte, wat vreemd mag heten voor een land waarvan de meeste inwoners nooit een geboorteakte hebben ontvangen? ", "vraag 3": "Is het u bekend dat de IND van betrokkenen verwacht dat zij via correspondentie met familieleden \u00e2\u20ac\u201c die niet zelden analfabeet zijn \u00e2\u20ac\u201c veelal niet-bestaande identiteitspapieren moeten achterhalen? ", "vraag 4": "Hoeveel uitgeprocedeerde Mauretani\u00c3\u00abrs bevinden zich momenteel in zowel het bestand van de IND als de opvang van de COA? ", "vraag 5": "Wat denkt u te kunnen veranderen aan de ogenschijnlijke uitzichtloze situatie van betrokkenen, die weg moeten maar dat niet kunnen, zelfs al zouden zij willen? ", "antwoord 1": "[]"}