{"Bibliografische_omschrijving": "Vragen van het lid Scheltema-de Nie (D66) aan de minister van Binnenlandse Zaken en Koninkrijksrelaties over de getroffen afvloeiingsregeling van de burgemeester van Leeuwarden. (Ingezonden 25 oktober 2001); Antwoord", "Bestand": "14Kb", "Permalink": "\nhttp://www.geencommentaar.nl/parlando/index.php?action=doc&filename=KVR14514\n", "Inhoud": "Vragen over de afspraak die het gemeentebestuur van Leeuwarden met mevrouw Van Maaren-van Balen gemaakt zou hebben: dat alle betrokkenen over haar vertrek als burgemeester zullen zwijgen op straffe van een boete van f 50.000.", "Rubriek": "Inkomen en rechtspositie (Overig) Staats- en bestuursrecht (Gemeenten)", "Trefwoorden": "Afvloeiingsregelingen Burgemeesters", "Vindplaats": "Kamervragen met antwoord 2001-2002, nr. 178, Tweede Kamer", "Afkomstig van": "2010201530", "Indiener": "Binnenlandse Zaken en Koninkrijksrelaties (BZK)", "Partij vertegenwoordiger": "<persoon partij=\"D66\">Scheltema-de Nie</persoon>", "Datum_reaktie": "\n", "Datum_indiening": "2001-10-30", "vraag 1": "Hebt u kennisgenomen van de afspraken die het gemeentebestuur van Leeuwarden heeft gemaakt met mevrouw Van Maren-van Balen over haar vertrek als burgemeester van Leeuwarden? ", "vraag 2": "Acht u het aanvaardbaar dat is afgesproken dat op straffe van een boete van f 50 000 door alle betrokkenen gezwegen zal worden over de gang van zaken? ", "vraag 3": "Mag niet tenminste worden ge\u00c3\u00abist dat het college van burgemeester en wethouders de gemeenteraad in een openbare vergadering informeert over de redenen waarom met de burgemeester afspraken over haar aftreden zijn gemaakt en over de condities waaronder? ", "vraag 4": "Overweegt u vernietiging van het besluit van de gemeente Leeuwarden over aangaan van een verplichting tot zwijgen op straffe van een boete van f 50 000? ", "vraag 5": "Geeft de getroffen afvloeiingsregeling u niet alle aanleiding om met spoed te gaan werken aan een wijziging van de rechtspositieregeling van burgemeesters in de richting van een regeling die geldt voor andere politieke ambtsdragers? ", "antwoord 1": "[Ja", "antwoord 2": "Over bestuurlijk handelen moet verantwoording worden afgelegd. Daarbij dient onderkend te worden dat er aangelegenheden zijn die naar hun aard vertrouwelijk behandeld moeten worden. Verantwoording en openbaarheid zijn echter het uitgangspunt en privaatrechtelijke bedingen, waarvan in casu hier sprake is, mogen geen afbreuk doen aan de in de Gemeentewet geregelde voorzieningen gericht op de mogelijkheid van democratische controle. Ik heb voorts kennisgenomen van een verklaring van wethouders en fractievoorzitters van Leeuwarden d.d. 23 oktober jl., waarin de volgende toelichting wordt gegeven: \u00c2\u00abEr is geen sprake van een zwijgplicht. De overeenkomst doet op geen enkele wijze afbreuk aan de democratische rechten en plichten van raadsleden en/of wethouders. In de overeenkomst is afgesproken dat partijen zich zullen onthouden van uitspraken die de andere partij schade kunnen toebrengen. De achtergrond van deze afspraak is de wederzijdse wens om in waardigheid uit elkaar te gaan zonder verdere schade voor de gemeente of de persoon in kwestie.\u00c2\u00bb De integrale tekst van de overeenkomst voeg ik als bijlage bij. \n, Op 29 oktober heeft de raad van Leeuwarden aan het ontslag een uitgebreid debat gewijd. Ik heb begrepen dat de door u genoemde onderwerpen daarbij aan de orde zijn geweest", "antwoord 3": "Gelet op de ontwikkelingen is daarvoor geen aanleiding aanwezig", "antwoord 4": "In de Tweede Kamer is een motie-De Cloe ingediend over een meer toegesneden wachtgeldregeling voor burgemeesters. Ik zal daarover binnenkort een gesprek hebben met het Georganiseerd Overleg van burgemeesters. ]"}