{"Bibliografische_omschrijving": "Vragen van het lid Gerkens (SP) aan de minister van Economische Zaken over groene stroom en de Regulerende Energiebelasting (REB). (Ingezonden 16 augustus 2002); Antwoord", "Bestand": "16Kb", "Permalink": "\nhttp://www.geencommentaar.nl/parlando/index.php?action=doc&filename=KVR16248\n", "Inhoud": "Vragen over het voornemen van de regering om groene stroom niet langer volledig vrij te stellen van de regulerende Energiebelasting (REB). In zijn beantwoording besteedt minister Heinsbroek aandacht aan: het tegengaan van freeriders (buitenlandse energie-aanbieders die profiteren van Nederlandse stimuleringsmaatregelen);de omvang van ombuigingen op EZ.", "Rubriek": "Belastingen (Energiefondsheffingen) Energie, water en grondstoffen (Energiebesparing)", "Trefwoorden": "Energiebesparing Energieheffingen", "Vindplaats": "Kamervragen met antwoord 2001-2002, nr. 1651, Tweede Kamer", "Afkomstig van": "2010213810", "Indiener": "Economische Zaken (EZ)", "Partij vertegenwoordiger": "<persoon partij=\"SP\">Gerkens</persoon>", "Datum_reaktie": "\n", "Datum_indiening": "2002-09-11", "vraag 1": "Bent u voornemens om groene stroom niet langer volledig vrij te stellen van de Regulerende Energiebelasting (REB)? ", "vraag 2": "Klopt het dat er over deze groene stroom REB zal worden geheven van tussen de 40 en 60 procent van de huidige REB op niet duurzaam geproduceerde stroom? ", "vraag 3": "Deelt u de mening dat energiebedrijven hierdoor genoodzaakt zullen zijn om klanten tot tientallen procenten meer te laten betalen voor duurzaam geproduceerde stroom? ", "vraag 4": "Vindt u het toelaatbaar dat de burger op deze manier gestraft wordt voor goed gedrag? Zo nee, vindt u ook dat eenzijdige wijziging van reeds afgesloten leveringsvoorwaarden, zoals een prijsverhoging onwenselijk is? ", "vraag 5": "Bent u bereid om met de betreffende energiebedrijven om de tafel te gaan zitten om eenzijdige wijziging van leveringsvoorwaarden en met name prijsverhogingen te voorkomen, omdat burgers anders het slachtoffer worden van een onbetrouwbare overheid? ", "antwoord 1": "[In het Strategisch Akkoord wordt voorgesteld een grondslagverbreding van 500 mln. toe te passen op het fiscale milieu- en energiepakket, te realiseren door een beperking van het aandeel freeriders. Het Strategisch Akkoord noemt ter invulling de volgende regelingen: fiscale energiepremieregeling, REB-faciliteiten groene stroom, investeringsregelingen milieu en energie (MIA/VAMIL/EIA), afdrachtvermindering REB afvalverbrandingsinstallaties (AVI\u00e2\u20ac\u2122s) en de Duurzame ondernemersaftrek (DOA). Het nihiltarief in de Regulerende energiebelasting (REB) is hier onderdeel van. Al deze regelingen zijn onderzocht op mogelijkheden om het aandeel freeriders te beperken. Ook het nihiltarief (Wbm art. 36i) is hierbij betrokken aangezien ook bij deze regeling sprake is van freeriders. Zoals bekend komt een aanzienlijk deel van de financi\u00c3\u00able middelen die we beschikbaar stellen voor duurzame energie, in het buitenland terecht. Over de precieze omvang van de ombuigingen kan ik op dit moment nog geen uitsluitsel geven. In de begroting over 2003 van het Ministerie van Economische Zaken en in het Belastingplan 2003, deel 1 worden de voorgenomen wijzigingen uiteengezet. Bij de behandeling van deze voorstellen in uw Kamer komen de staatssecretaris van Financi\u00c3\u00abn en ik graag terug op de door u gestelde vragen", "antwoord 2": "Het staat voor mij niet vast dat de prijs van duurzame elektriciteit substantieel gaat stijgen door de maatregelen die het kabinet momenteel in voorbereiding heeft. In het pakket aan maatregelen wordt voorgesteld om duurzame elektriciteit te blijven stimuleren, maar wel via gerichte stimulering. Mijn verwachting is dat er een behoorlijke concurrentie gaat plaatsvinden en dat dit pakket niet tot prijsstijgingen van duurzame elektriciteit hoeft te leiden. Deze verwachting wordt ondersteund door de recente persberichten van de energiebedrijven waarin een aantal van hen aangeeft de prijs van duurzame elektriciteit niet te zullen veranderen. ]"}