{"Bibliografische_omschrijving": "Vragen van de leden Stuger, Eerdmans en Schonewille (allen LPF) aan de minister van Justitie over de recidivecijfers van het CBS. (Ingezonden 19 augustus 2002); Antwoord", "Bestand": "18Kb", "Permalink": "\nhttp://www.geencommentaar.nl/parlando/index.php?action=doc&filename=KVR16313\n", "Inhoud": "Vragen over de recidivecijfers van verschillende categorie\u00c3\u0192\u00c2\u00abn TBS-ers.", "Rubriek": "Criminaliteit en openbare orde (Gevangeniswezen en penitentiair recht) Strafrecht en strafprocesrecht (Straffen)", "Trefwoorden": "Recidive TBS", "Vindplaats": "Kamervragen met antwoord 2002-2003, nr. 27, Tweede Kamer", "Afkomstig van": "2010214010", "Indiener": "Justitie (JUS)", "Partij vertegenwoordiger": "<persoon partij=\"LPF\">Stuger</persoon>", "Datum_reaktie": "\n", "Datum_indiening": "<persoon partij=\"LPF\">Eerdmans</persoon>", "vraag 1": "Wat zijn de algemene recidivecijfers voor TBS? ", "vraag 2": "Wat is het recidivecijfer van TBS-ers voor seksuele geweldsdelicten ten aanzien van kinderen in absolute en relatieve zin? ", "vraag 3": "Wat is het recidivecijfer van TBS-ers voor specifiek kindermoordenaars in absolute en relatieve zin? ", "vraag 4": "Wat is het recidivecijfer van TBS-ers tijdens (proef)verlof? ", "vraag 5": "Hoeveel TBS-ers (procentueel en absoluut) komen meermalen in een TBS-kliniek terecht? ", "vraag 6": "Wat zijn de totale kosten van TBS-instellingen? ", "antwoord 1": "[Onder het begrip algemene recidive wordt verstaan alle geregistreerde misdrijven. De algemene recidive na be\u00c3\u00abindiging van de tbs was in de tweede helft van de zeventiger jaren 63% en nam af naar 53%. Naast de algemene recidive wordt de recidive van tbs-waardige misdrijven onderscheiden. Hiermee worden misdrijven bedoeld waarvoor vaak tbs wordt opgelegd zoals geweld, seksueel geweld en brandstichting. Deze recidive blijft in de loop der jaren gemiddeld circa 15%. De meest recente gegevens zijn gepubliceerd in een rapport van het WODC, getiteld: \u00c2\u00abRecidive na de tbs\u00c2\u00bb . De percentages hebben betrekking op personen van wie de tbs is ge\u00c3\u00abindigd. De recidivemetingen zijn verricht 3 tot 8 jaar nadat de tbs was be\u00c3\u00abindigd. Voor nadere informatie verwijs ik u naar de brief van 21 augustus 2001 , waarin uitvoerige informatie is opgenomen over recidive en de ontwikkeling van een Recidivemonitor", "antwoord 2": "In het geciteerde WODC-onderzoek zijn recidivecijfers opgenomen over drie perioden van twee categorie\u00c3\u00abn sexuele geweldsdelicten. Daaruit blijkt dat de seksuele geweldsrecidive voor de verpleegden van wie de tbs was ge\u00c3\u00abindigd in de jaren tussen 1979\u00e2\u20ac\u201c1983, 1984\u00e2\u20ac\u201c1988 en 1989\u00e2\u20ac\u201c1993 respectievelijk 6%, 6% en 5% bedroeg. Voor de seksuele geweldsrecidive tegen kinderen bedroeg die recidive respectievelijk 4%, 2% en 1%. Dit zijn respectievelijk, 17, 7 en 3 personen. Per brief van 2 mei 2000 is de Kamer ge\u00c3\u00afnformeerd over het beleid ten aanzien van pedoseksuele delinquenten en zijn ook gegevens gepresenteerd over de omvang van het aantal pedoseksuele delicten", "antwoord 3": "Recidivecijfers van ex-tbs-gestelden die recidiveren voor een levensdelict ten aanzien van een kind, worden niet afzonderlijk geregistreerd. Wel kan in het algemeen worden vastgesteld dat levensdelicten ten aanzien van kinderen (14 jaar of jonger) slechts in zeer kleine aantallen voorkomen ", "antwoord 4": "Er is op het terrein van recidive tijdens (proef)verlof slechts beperkt onderzoek gedaan. Uit dit onderzoek is bekend dat over een periode van bijna 10 jaar (sept. 1988 tot okt. 1997) zich in totaal 51 gevallen van algemene recidive hebben voorgedaan tijdens verlof (zowel begeleid als onbegeleid verlof). Hiervan vonden in deze 10 jaar in totaal 17 gevallen van recidive plaats tijdens proefverlof. In totaal is over de jaren 1988 t/m 1997 circa 470 maal proefverlof verleend. Over de jaren 1993 t/m 1997 vonden overigens jaarlijks gemiddeld ongeveer 33.000 verlofbewegingen van tbs-gestelden plaats, niet zijnde proefverlof", "antwoord 5": "Van de tbs-gestelden die op peildatum 1 januari 2000 zijn opgenomen heeft 8% (86 tbs-gestelden) eerder tbs opgelegd gekregen ", "antwoord 6": "In zijn totaliteit zijn de kosten voor de tbs in 2002 op circa 184,3 mln begroot, inclusief overhead . Op basis van een in het verleden gemaakte afspraak met het ministerie van VWS, declareert het ministerie van Justitie circa 80% van de kosten (exclusief overhead) van ter beschikking gestelden in justiti\u00c3\u00able tbs-inrichtingen bij het Algemeen Fonds Bijzondere Ziektekosten. ]"}