{"Bibliografische_omschrijving": "Vragen van het lid Platvoet (GroenLinks) op 24januari 2002 meegedeeld aan de minister-president, minister van Algemene Zaken inzake het tv-interview van Z.K.H. Prins Willem-Alexander en mevrouw M\u00c3\u00a1xima Zorreguieta op 18januari 2002.; Antwoord", "Bestand": "13Kb", "Permalink": "\nhttp://www.geencommentaar.nl/parlando/index.php?action=doc&filename=KVR14990\n", "Inhoud": "Vragen over de passage van het tv-interview met prins Willem-Alexander en M\u00c3\u00a1xima Zorreguieta, dat op 18 januari 2002 is uitgezonden, waarin prins Willem-Alexander uitspreekt dat het onderzoek van professor Baud 'een mening' is.", "Rubriek": "Staats- en bestuursrecht (Grondrechten) Staats- en bestuursrecht (Koninklijk huis)", "Trefwoorden": "Argentini\u00c3\u00ab Koninklijk huis Mensenrechten", "Vindplaats": "Kamervragen met antwoord 2001-2002, nr. 6, Eerste Kamer", "Afkomstig van": "0", "Indiener": "Algemene Zaken (AZ)", "Partij vertegenwoordiger": "<persoon partij=\"GroenLinks\">Platvoet</persoon>", "Datum_reaktie": "\n", "Datum_indiening": "2002-01-31", "vraag 1": "Hebt u na uw preview van het tv-interview, dat op TV2 op 18 januari jl. is uitgezonden, overwogen de passage waarin Z.K.H. Prins Willem-Alexander uitspreekt dat het onderzoek van professor Baud \u00c2\u00abeen mening\u00c2\u00bb is, niet te laten uitzenden? ", "vraag 2": "Bent u nog steeds van mening dat het onderzoek van professor Baud een gedegen en evenwichtig inzicht geeft in de desbetreffende periode? ", "vraag 3": "Geldt deze positieve opvatting ook voor de conclusies, die deel uit maken van het onderzoek, en waarin (conclusie 5, blz. 194) professor Baud stelt dat het ondenkbaar is dat Jorge Zorreguieta niets van de praktijk van de repressie en van de mensenrechtensituatie zou hebben geweten? ", "vraag 4": "Is de opvatting van de Kroonprins dat het \u00c2\u00abeen mening\u00c2\u00bb betreft de opvatting van de regering? ", "vraag 5": "Hoe kwalificeert u de opvatting van Z.K.H. Prins Willem-Alexander in het licht van het leerstuk van de ministeri\u00c3\u00able verantwoordelijkheid, zoals laatstelijk beschreven in de regeringsnotitie \u00c2\u00abHet Koningschap\u00c2\u00bb? Is de kwalificatie \u00c2\u00abdat was nu voor de tweede keer, maar hierna nooit weer\u00c2\u00bb hiervoor passend? ", "vraag 6": "Vindt er nog een screening plaats van het Argentijnse deel van de gastenlijst van het huwelijk, zodat voorkomen kan worden dat andere personen die een vooraanstaande rol hebben gespeeld ten tijde van het Videla-regime, zoals Alejandro Estrada, het huwelijk bijwonen? Zo ja, welke criteria worden bij deze screening gehanteerd? ", "antwoord 1": "[]"}