{"Bibliografische_omschrijving": "Vragen van het lid Halsema (GroenLinks) aan de staatssecretaris van Justitie over het ontslag van een medewerkster van de Asielunit van de Haagse vreemdelingendienst. (Ingezonden 3 oktober 2001); Antwoord", "Bestand": "13Kb", "Permalink": "\nhttp://www.geencommentaar.nl/parlando/index.php?action=doc&filename=KVR14601\n", "Inhoud": "Vragen over de reden van het ontslag, dat verband zou houden met de opvattingen van de medewerkster over het in acht nemen van drie minuten stilte in verband met de aanslagen in de Verenigde Staten.", "Rubriek": "Criminaliteit en openbare orde (Politie) Inkomen en rechtspositie (Ontslagen) Staats- en bestuursrecht (Vreemdelingenrecht)", "Trefwoorden": "Ontslagen Politie Vreemdelingen", "Vindplaats": "Kamervragen met antwoord 2001-2002, nr. 256, Tweede Kamer", "Afkomstig van": "2010200600", "Indiener": "Justitie (JUS)", "Partij vertegenwoordiger": "<persoon partij=\"GroenLinks\">Halsema</persoon>", "Datum_reaktie": "\n", "Datum_indiening": "2001-11-14", "vraag 1": "Kunt u bevestigen dat een medewerkster van de Asielunit van de Haagse vreemdelingendienst is ontslagen wegens haar opvattingen over het in acht nemen van drie minuten stilte in verband met de aanslagen in de Verenigde Staten op 11 september jl.? ", "vraag 2": "Kunt u uiteenzetten wat er precies is voorgevallen? Wat is de reden van het bedoelde ontslag? Heeft de ontslagen vrouw zich schuldig gemaakt aan enig strafbaar feit of overtreding van interne regels? ", "vraag 3": "Waarom is de vrouw inzage in het proces-verbaal van haar uitlatingen geweigerd? Wat staat er in het bedoelde proces-verbaal? ", "vraag 4": "Acht u het besluit van de chef van de vreemdelingendienst in de regio Haaglanden in strijd met het recht van vrije meningsuiting, en zo ja, wilt u het ontslag in dat geval met onmiddellijke ingang ongedaan maken? Zo neen, waarom niet? ", "vraag 5": "Acht u het verstandig op dergelijke wijze met de gevoeligheden in Nederland met betrekking tot de aanslagen in de Verenigde Staten om te gaan? Zo neen, wat wilt u ondernemen om dergelijke misstappen in de toekomst te voorkomen? ", "antwoord 1": "[De korpsbeheerder van het regionale politiekorps Haaglanden heeft mij meegedeeld dat hij op 2 oktober 2001 een externe commissie heeft gevraagd een oordeel te geven over het voorgenomen ontslag van de medewerkster van de Haagse vreemdelingenpolitie. Deze uit drie leden bestaande commissie zal vermoedelijk medio november 2001 aan de korpsbeheerder advies uitbrengen. Eerst daarna kan hij mij van bericht en raad dienen. Beantwoording van de vragen zal derhalve plaatsvinden zodra alle relevante informatie is verkregen", "antwoord 2": "Zoals hiervoor bij de beantwoording van de vragen 1 tot en met 3 aangegeven, beschik ik (nog) niet over de relevante feiten. Ik ben derhalve thans niet in staat een afgewogen oordeel te geven over de zaak betreffende de medewerkster van de Asielunit van de Haagse vreemdelingendienst. Wel kan ik meedelen dat, zo er sprake is van een ontslag, ik niet bevoegd ben dat ontslag ongedaan te maken. De bevoegheid tot aanstelling en ontslag berust in casu op grond van de ter zake geldende rechtspositionele regelingen uitsluitend bij de korpsbeheerder. ]"}