{"Bibliografische_omschrijving": "Vragen van het lid Stroeken (CDA) aan de staatssecretaris van Sociale Zaken en Werkgelegenheid, dhr. Hoogervorst, over de korting op de AOW-toeslag. (Ingezonden 11 februari 2002); Antwoord", "Bestand": "14Kb", "Permalink": "\nhttp://www.geencommentaar.nl/parlando/index.php?action=doc&filename=KVR15176\n", "Inhoud": "Vragen over de korting op de partnertoeslag voor AOW-gerechtigden met partners onder de 65 jaar zonder eigen inkomen.", "Rubriek": "Sociale zekerheid (Ouderdomsvoorzieningen en pensioenen (AOW))", "Trefwoorden": "AOW", "Vindplaats": "Kamervragen met antwoord 2001-2002, nr. 722, Tweede Kamer", "Afkomstig van": "2010205960", "Indiener": "Sociale Zaken en Werkgelegenheid (SZW)", "Partij vertegenwoordiger": "<persoon partij=\"CDA\">Stroeken</persoon>", "Datum_reaktie": "\n", "Datum_indiening": "2002-03-04", "vraag 1": "Is het u bekend dat AOW-gerechtigden met een partner jonger dan 65 jaar zonder eigen inkomen een korting op hun partnertoeslag krijgen van 2% per jaar, omdat deze partner niet AOW-verzekerd is geweest? ", "vraag 2": "Is het waar dat de partnertoeslag voor AOW-gerechtigden juist bedoeld is ter compensatie van het ontbreken van een eigen inkomen van de partner jonger dan 65 jaar? ", "vraag 3": "Is deze korting op de partnertoeslag niet onredelijk, met name voor de jongere partner zonder eigen inkomen die in het verleden als grensarbeider heeft gewerkt en gelet op het feit dat het door de jongere partner opgebouwde buitenlandse pensioen pas na diens 65e levensjaar wordt uitgekeerd? ", "vraag 4": "Vindt u het redelijk dat voor iemand die enige tijd in het buitenland heeft gewerkt de partnertoeslag gekort wordt en voor iemand die nooit gewerkt heeft en dus ook geen premie betaald heeft niet? Ziet u hierin een mogelijke strijd met het vrije verkeer van werknemers? ", "vraag 5": "Bent u bereid de hoogte van de partnertoeslag enkel te laten afhangen van de afwezigheid van eigen inkomen van deze jongere partner en de grondslag van de AOW-uitkering van de AOW-gerechtigde zelf? ", "antwoord 1": "[Ja, op grond van artikel 13, tweede lid, onderdeel a, van de AOW vindt een korting op de bruto-toeslag plaats voor elk kalenderjaar, dat de echtgenoot van de pensioengerechtigde na het bereiken van zijn 15-jarige leeftijd, doch v\u00c3\u00b3\u00c3\u00b3r het bereiken van de 65-jarige leeftijd van de pensioengerechtigde niet verzekerd is geweest", "antwoord 2": "De pensioengerechtigde kan aanspraak maken op een toeslag indien hij een jongere echtgenoot ten laste heeft. De hoogte van de toeslag wordt \u00e2\u20ac\u201c naast de niet \u00e2\u20ac\u201c verzekerde jaren en schuldige nalatigheid in de premiebetaling \u00e2\u20ac\u201c (mede) be\u00c3\u00afnvloed door het inkomen van die jongere echtgenoot", "antwoord 3": "Neen. Zonder de kortingsbepaling op grond van niet-verzekerde jaren zou ten behoeve van de jongere echtgenoot mogelijk een toeslag kunnen worden verleend die hoger is dan het AOW-ouderdomspensioen waarop hij of zij ooit zelf aanspraak kan maken. Bovendien zou aldus de AOW de rol van de Algemene Bijstandswet voor de tijd tussen de pensioengerechtigde leeftijden van de echtgenoten overnemen", "antwoord 4": "Aan het feit dat ten behoeve van iemand die nooit gewerkt heeft en dus ook geen premie heeft betaald, toch recht bestaat op een AOW-toeslag, ligt het fundament van de volksverzekeringen ten grondslag, namelijk de solidariteitsgedachte. Een ieder die in Nederland woont is in beginsel verzekerd voor de AOW. Weliswaar is een verzekeringsplichtige ook premieplichtig over zijn of haar inkomen, dat neemt niet weg dat in de situatie waarbij inkomen ontbreekt, premiebetaling achterwege blijft. Van een korting te zijner tijd op de toeslag wegens niet-verzekerde jaren of wegens schuldige nalatigheid in de premiebetaling zal dan ook geen sprake zijn. Degene die enige tijd buiten ons land heeft gewerkt is gedurende die periode niet onderworpen geweest aan het Nederlandse stelsel van sociale zekerheid maar aan dat van het land waar hij zijn werkzaamheden gedurende die periode heeft uitgeoefend. Ik acht het dan ook geenszins onredelijk dat zo \u00e2\u20ac\u2122n niet-verzekerde periode \u00e2\u20ac\u201c gebaseerd op de betreffende wettelijke bepalingen \u00e2\u20ac\u201c te zijner tijd doorwerkt in zowel de toeslag als het pensioen", "antwoord 5": "Ik zie \u00e2\u20ac\u201c op grond van mijn antwoorden op de vragen 3 en 4 \u00e2\u20ac\u201c geen aanleiding de huidige bepalingen in de AOW die leiden tot korting op de toeslag te wijzigen. ]"}