{"Bibliografische_omschrijving": "Vragen van de leden Rietkerk en Atsma (beiden CDA) aan de minister van Justitie over de voorlichtingsrichtlijn van het Openbaar Ministerie. (Ingezonden 6 maart 2002); Mededeling", "Bestand": "13Kb", "Permalink": "\nhttp://www.geencommentaar.nl/parlando/index.php?action=doc&filename=KVR15405\n", "Inhoud": "De nieuwe voorlichtingsrichtlijn van het Openbaar Ministerie stelt dat justitie en politie geen gegevens meer mogen openbaren die leiden tot de identificatie van gearresteerde verdachten. Ook mag een aanhouding pas bekend worden gemaakt als die door een rechtelijke raadkamer goed is bevonden.", "Rubriek": "Communicatie, media en informatievoorziening (Overig) Criminaliteit en openbare orde (Politie) Rechterlijke organisatie (Openbaar ministerie)", "Trefwoorden": "Openbaar ministerie Politie Voorlichting", "Vindplaats": "Kamervragen met antwoord 2001-2002, nr. 922, Tweede Kamer", "Afkomstig van": "2010207580", "Indiener": "Justitie (JUS)", "Partij vertegenwoordiger": "<persoon partij=\"CDA\">Rietkerk</persoon>", "Datum_reaktie": "\n", "Datum_indiening": "<persoon partij=\"CDA\">Atsma</persoon>", "vraag 1": "Bent u op de hoogte van de voorlichtingsrichtlijn van het Openbaar Ministerie die stelt dat justitie en politie geen gegevens meer mogen openbaren die leiden tot de identificatie van gearresteerde verdachten? ", "vraag 2": "Heeft u kennisgenomen van het feit dat de Raad van Hoofdcommissarissen, de journalistenvakbond NVJ en het Nederlands Genootschap van Hoofdredacteuren zich tegen deze voorlichtingsrichtlijn van het Openbaar Ministerie uitgesproken hebben? Deelt u de mening dat het standpunt van bovengenoemde drie organen voldoende reden is om de nieuwe richtlijn niet goed te keuren? ", "vraag 3": "Acht u het niet verontrustend dat de nieuwe richtlijn de politie te zeer beperkt in haar mogelijkheden om door snelle voorlichting publieke onrust te doen bedaren? Zo neen, waarom niet? ", "vraag 4": "Deelt u de mening dat op deze manier burgers te lang informatie onthouden wordt waarover zij redelijkerwijs mogen verwachten op korte termijn ingelicht te worden? Zo neen, waarom deelt u niet de mening dat de publieke verantwoording door de nieuwe richtlijn te zeer wordt vertraagt? ", "vraag 5": "Deelt u de mening dat navolging van deze richtlijn een toenemend gevoel van onveiligheid en afnemend vertrouwen in de werking van de democratische rechtsstaat bij de burgers teweeg zal brengen? Hoe denkt u deze ontwikkeling naar de burger toe te rechtvaardigen? ", "vraag 6": "Hoe staat u tegenover het feit dat volgens de nieuwe regel een aanhouding pas bekend mag worden gemaakt als die door een rechterlijke raadkamer goed is bevonden, wat zelfs tot 12 dagen na arrestatie kan plaatsvinden? Wekt deze maatregel niet de indruk dat een aanhouding pas rechtmatig is wanneer de raadkamer dat heeft bevestigd en gaat deze regel niet voorbij aan het vakmanschap van de politie? ", "vraag 7": "Hoe verhoudt de nieuwe richtlijn zich tot de persvrijheid? ", "vraag 8": "Bent u van plan uw fiat te verlenen aan de nieuwe richtlijn? ", "antwoord 1": "[]"}