{"Bibliografische_omschrijving": "Vragen van de leden De Koning (D66), Van der Ploeg (PvdA) en Vo\u00c3\u00bbte-Droste (VVD) over een initiatief van het Benelux Merkenbureau (Ingezonden 7 april 1995); Antwoord", "Bestand": "17Kb", "Permalink": "\nhttp://www.geencommentaar.nl/parlando/index.php?action=doc&filename=KVR1483\n", "Inhoud": "Gevraagd wordt of de nieuwe dienst van het Benelux Merkenbureau (Abonnement op latere merken) in strijd is met de beginselen van faire mededinging.", "Rubriek": "Burgerlijk recht en burgerlijk procesrecht (Intellectueel en industrieel eigendom) Handel en economie (Mededinging) Internationale betrekkingen (Benelux)", "Trefwoorden": "Benelux Mededinging Merkenrecht", "Vindplaats": "Kamervragen met antwoord 1994-1995, nr. 839, Tweede Kamer", "Afkomstig van": "Economische Zaken", "Indiener": "<persoon partij=\"D66\">De Koning</persoon>", "Partij vertegenwoordiger": "\n", "Datum_reaktie": "<persoon partij=\"PvdA\">Van der Ploeg</persoon>", "Datum_indiening": "\n", "vraag 1": "Biedt het Benelux Merkenbureau sinds januari een nieuwe dienst aan het publiek onder de naam \u00c2\u00abOnderzoeken achteraf\u00c2\u00bb? ", "vraag 2": "Heeft een aantal particuliere merkenadviseurs ernstig bezwaar gemaakt tegen de introductie van deze dienst, omdat zij soortgelijke dienstverlening al jaren bieden? ", "vraag 3": "Acht u dit initiatief van het Benelux Merkenbureau in strijd met de beginselen van faire mededinging? ", "vraag 4": "Is er sprake van ongelijke machtsmiddelen en concurrentievervalsing, als publieke instellingen een marktaandeel pogen te verwerven terwijl de publieke instelling in staat is de exploitatiekosten via taxen op het bedrijfsleven te dekken? ", "vraag 5": "Deelt u de mening, dat hier ge\u00c2\u00b4e\u00c2\u00b4n sprake is van een \u00c2\u00ablevel playing field\u00c2\u00bb? ", "vraag 6": "Klemt dit niet te meer, nu het Benelux Merkenbureau door zijn publieke aard van functioneren een zeer groot deel van de markt kan be\u00c4\u00b1\u00c2\u00a8nvloeden? ", "vraag 7": "Bent u bereid deze kwestie bij uw Benelux ambtgenoten aan de orde te stellen? ", "vraag 8": "Deelt u de mening, dat de mededingingswetgeving nu juist ziet op meer en open kansen voor de markt en dat daarin deze vorm van oneerlijke concurrentie niet past? ", "antwoord 1": "[Ja, zij het dat de naam van de dienst luidt \u00c2\u00abAbonnement op latere merken\u00c2\u00bb", "antwoord 2": "Bij de voorbereiding van de introductie van deze nieuwe dienst is gebleken van bezwaren van een onderneming die een vergelijkbare dienst aanbiedt. Vanuit de ge\u00c4\u00b1\u00c2\u00a8nteresseerde kringen is de vraag naar de opportuniteit van de nieuwe dienst opgeworpen. Vervolgens is onderzoek gepleegd naar de belangstelling hiervoor. Uit een door een extern bureau verrichte Enque\u00cb\u2020te dienstverlening Benelux Merkenbureau bleek dat 44% van de ondervraagde deposanten belangstelling had voor de nieuwe dienst", "antwoord 3": "De nieuwe dienst betreft het periodiek \u00e2\u20ac\u201c met vaste tijdsintervallen \u00e2\u20ac\u201c verschaffen van specifieke inlichtingen uit het merkenregister, zijnde een officieel en openbaar register dat door het Benelux merkenbureau (BMB) wordt beheerd. De bedoelde inlichtingen hebben betrekking op latere inschrijvingen in het merkenregister die naar objectieve criteria gelijkenis vertonen met een reeds ingeschreven merk. Het op verzoek en tegen betaling verstrekken van deze gegevens stelt merkhouders dan wel hun gemachtigden in staat aan merkbewaking te doen. Het BMB verbindt aan de verstrekte gegevens geen conclusie of advies; dit valt buiten de competentie en taakopdracht van het BMB. Voor de beantwoording van de vraag of sprake is van oneerlijke mededinging is van belang of de nieuwe dienst is te rekenen onder de wettelijke taak van het BMB. De wettelijke taak is onder meer het op verzoek van iedere belanghebbende verstrekken van inlichtingen en afschriften van inschrijvingen in het merkenregister. Uitgangspunt moet zijn dat instellingen met een publieke taak zich strikt daartoe beperken. Een optreden van publieke instellingen op markten, die ook door het particuliere bedrijfsleven worden bediend, kan licht tot concurrentievervalsing leiden omdat een publieke dienst meestal een marktvoorsprong heeft op commercie\u00c2\u00a8le aanbieders in termen van imago, bekendheid, klantenkring, continu\u00c4\u00b1\u00c2\u00a8teit, betrouwbaarheid. Bovendien leidt het verrichten van commercie\u00c2\u00a8le activiteiten door publieke instellingen tot een vermindering van (potentie\u00c2\u00a8le) afzetmogelijkheden voor particuliere ondernemingen. Bij de beantwoording van de vraag of de nieuwe dienst tot de publieke taak van het BMB is te rekenen zijn twee zaken van belang. In de eerste plaats de rol van de technologie. Technologie maakt het mogelijk dat publieke taken beter kunnen worden vervuld, dat een hoger dienstbetoon wordt bereikt. Dit kan er echter tevens toe leiden dat het taakgebied geleidelijk wordt uitgebreid tot een scala van activiteiten dat niet langer een dwingende binding aan de publieke taakopdracht heeft, maar ook activiteiten omvat die door particuliere ondernemers kunnen worden verricht. In zo\u00e2\u20ac\u2122n geval is er aanleiding om het publieke taakgebied te herijken. Er zijn op dit moment onvoldoende redenen aan te nemen dat deze situatie zich hier voordoet: weliswaar wordt het dienstbetoon van het BMB uitgebreid met een nieuwe dienst, maar ligt deze dicht aan tegen de kerntaak van het BMB. Een tweede aspect bij de onderhavige beoordeling betreft de werving met dienstverlening; in beginsel zou actieve werving bij publieke taakverrichting achterwege moeten blijven, aangezien het opwekken van vraagbehoefte \u00c2\u00abeigen\u00c2\u00bb is aan marktgoederen. Anders geformuleerd indiceert actieve werving dat een (publieke) instelling zich met me\u00c2\u00b4e\u00c2\u00b4r dan een strikte publieke taakuitoefening bezighoudt. Niet gebleken is dat het BMB op dit punt teveel activiteiten ontplooit", "antwoord 4": "Gezien het voorgaande bestaat er thans geen aanleiding om contact op te nemen met de Benelux ambtgenoten. Het belang van een goede marktwerking moge blijken uit de hiervoor gemarkeerde toetspunten, die laten zien dat publieke instellingen zich tot het publieke taakgebied moeten beperken. Vanuit deze toetspunten zal ik de ontwikkelingen blijven volgen. ]"}