{"Bibliografische_omschrijving": "Vragen van de leden Atsma, Verhagen (beiden CDA) en Hoekema (D66) aan de staatssecretaris van Onderwijs, Cultuur en Wetenschappen, dhr. Van der Ploeg, over het bereik van BVN-tv. (Ingezonden 8 mei 2002); Antwoord", "Bestand": "16Kb", "Permalink": "\nhttp://www.geencommentaar.nl/parlando/index.php?action=doc&filename=KVR15744\n", "Inhoud": "Vragen over bereik van, en budget voor, de gezamenlijk Nederlands-Vlaamse satellietuitzendingen van stichting BVN-tv.", "Rubriek": "Communicatie, media en informatievoorziening (Omroepen)", "Trefwoorden": "Belgi\u00c3\u00ab Omroepen", "Vindplaats": "Kamervragen met antwoord 2001-2002, nr. 1216, Tweede Kamer", "Afkomstig van": "2010210230", "Indiener": "Onderwijs, Cultuur en Wetenschappen (OCW)", "Partij vertegenwoordiger": "<persoon partij=\"CDA\">Atsma</persoon>", "Datum_reaktie": "\n", "Datum_indiening": "<persoon partij=\"CDA\">Verhagen</persoon>", "vraag 1": "Kunt u een indicatie geven van het aantal kijkers dat wereldwijd wordt bereikt met tv-uitzendingen voor Nederlanders en Vlamingen die de stichting BVN-tv sinds oktober 1998 verzorgt via satellietuitzendingen, die worden mogelijk gemaakt door bijdragen van de Nederlandse en Belgische overheid? ", "vraag 2": "Hoe groot is het budget dat beschikbaar is voor BVN-tv en op welke wijze zijn de kosten, gemoeid met het verzorgen van satellietuitzendingen verdeeld? ", "vraag 3": "Deelt u de mening dat, in tegenstelling tot de meeste landen waar BVN-tv zonder decoder kan worden ontvangen, het onnodig is dat in de USA BVN-tv verspreid wordt als abonnee-tv? Bent u bereid te bevorderen dat uitzendingen door iedereen in de USA zonder een decoder via de satelliet te ontvangen zijn? ", "vraag 4": "Bent u bereid te bevorderen dat BVN-tv ook via de satelliet te ontvangen is in Australi\u00c3\u00ab en Nieuw-Zeeland? Zijn er voldoende financi\u00c3\u00able middelen beschikbaar om BVN-tv wereldwijd te kunnen ontvangen? Bent u bereid te bevorderen dat er aanvullend voldoende middelen beschikbaar worden gesteld? ", "antwoord 1": "[Nee. Ik heb in maart jl. de RNWO gevraagd mij hieromtrent nadere gegevens te verstrekken. Aangezien ik deze nog niet heb ontvangen, heb ik hier recent opnieuw om gevraagd", "antwoord 2": "Het beschikbare budget bedroeg in , 7,7 miljoen. De kosten bestaan uit de verzorging van programma\u00e2\u20ac\u2122s ( 4,8 miljoen) en de verspreiding van programma\u00e2\u20ac\u2122s ( 2,6 miljoen). Binnen deze laatste categorie bedragen de kosten van satelliethuur 2,1 miljoen", "antwoord 3": "Nee. Bij het opzetten van BVN-tv in 1999 op de Nederlandse Antillen, Aruba, de USA en Canada is door mij een jaarlijkse financi\u00c3\u00able bijdrage toegezegd. Tevens is door de Vlaamse regering een financi\u00c3\u00able bijdrage toegezegd. Met de RNWO is toen overeengekomen dat de additionele bijdrage beperkt blijft tot een periode van drie jaar. Na deze periode dient de RNWO zichzelf te bedruipen. Dat is mogelijk doordat de RNWO in de USA en in Canada heeft gekozen voor abonnee-tv. Op deze wijze wordt permanente overheidsfinanciering voorkomen en is het tevens mogelijk dat op Aruba, de Antillen en Suriname BVN-tv zonder decoder kan worden ontvangen", "antwoord 4": "Onlangs heeft de RNWO aan mij een bijdrage van 2 miljoen euro per jaar gevraagd voor uitzendingen naar Azi\u00c3\u00ab/Australi\u00c3\u00ab en Nieuw Zeeland. Het ontbreekt mij op dit moment aan een gedegen onderbouwing ten aanzien van het te verwachten bereik op basis van een evaluatie van eerdere projecten (Noord-Amerika). Zonder deze onderbouwing heb ik geen basis voor een zorgvuldige afweging van de kosten en baten van een dergelijk project. ]"}