{"Bibliografische_omschrijving": "Vragen van het lid Hoekema (D66) aan de minister van Buitenlandse Zaken over visumafgifte in Turkije. (Ingezonden 22 november 2001); Antwoord", "Bestand": "13Kb", "Permalink": "\nhttp://www.geencommentaar.nl/parlando/index.php?action=doc&filename=KVR14769\n", "Inhoud": "Vragen over problemen bij de visumafgifte in Turkije (met het oog op visa van Turkse burgers voor Nederland).", "Rubriek": "Criminaliteit en openbare orde (Persoonsregistratie en identificatie) Internationale betrekkingen (Ambassades)", "Trefwoorden": "Ambassades Turkije Visa", "Vindplaats": "Kamervragen met antwoord 2001-2002, nr. 390, Tweede Kamer", "Afkomstig van": "2010202720", "Indiener": "Buitenlandse Zaken (BUZA)", "Partij vertegenwoordiger": "<persoon partij=\"D66\">Hoekema</persoon>", "Datum_reaktie": "\n", "Datum_indiening": "2001-12-14", "vraag 1": "Is het waar dat bij aanvragen voor een visum door Turkse mannen voor Nederland de vraag moet worden beantwoord of de militaire dienstplicht is vervuld of uitstel/ontheffing is verkregen? Zo ja, waarom is dit het geval? Stelt Nederland in andere landen ook deze vraag en, zo ja, in welke mate en met welke redenen? ", "vraag 2": "Is Turkije in uw opvatting een land waar de diplomatieke vestigingen significant langere wachttijden bij de aanvraag van een visum kennen dan elders? Zo ja, wat denkt u hieraan te doen? ", "antwoord 1": "[De Nederlandse ambassade in Ankara en het Consulaat-Generaal in Istanbul stellen in het kader van een visumaanvraag in bepaalde gevallen aan Turkse mannen van dienstplichtige leeftijd de vraag of zij hun militaire dienstplicht hebben vervuld. Deze vraag wordt gesteld, omdat de vrees kan bestaan dat personen die de dienstplicht nog niet hebben vervuld, om die reden zullen trachten zich in Nederland te vestigen. Overigens is het enkele feit van het niet vervuld hebben van de dienstplicht geen reden om een visum te weigeren. In de beoordeling of aan een persoon een visum kan worden verleend, dient de aanvraag getoetst te worden aan de Schengen-voorwaarden voor verlening van een visum. Het niet vervuld hebben van de dienstplicht kan doorslaggevend zijn in gevallen waarbij twijfel bestaat over de tijdige terugkeer naar het land van herkomst. Deze vraag wordt in voorkomend geval ook in andere landen aan visumaanvragers gesteld", "antwoord 2": "Bij de ambassade in Ankara is dit jaar een duidelijke toename van het aantal aanvragen waarneembaar. Thans worden 125 \u00c3\u00a0 130 visumaanvragen per dag ingediend. Ook andere Schengen-vertegenwoordigingen in Ankara, hebben te maken met een duidelijke toename van het aantal aanvragen. Hierdoor is de wachttijd bij de ambassade voor visumaanvragen toegenomen. Om het hoofd te kunnen bieden aan deze verhoogde werkdruk, is reeds besloten om d.m.v. een verbouwing van de consulaire afdeling de aannamecapaciteit te vergroten en daarmee de wachttijden te verkorten. Wachttijden komen in meer of mindere mate ook bij andere Nederlandse vertegenwoordigingen in de wereld voor, hetgeen afhankelijk is van de lokale situatie. Zo bestaan er bij het Consulaat-Generaal in Istanbul geen wachttijden voor het indienen van visumaanvragen. ]"}