{"Bibliografische_omschrijving": "Vragen van de leden Atsma, Mosterd (beiden CDA) en Van der Vlies (SGP) aan de minister van Landbouw, Natuurbeheer en Visserij over het door de RVV aantekenen van beroep tegen eerder overeengekomen taxatiebedragen voor geruimd vee in de MKZ-gebieden.(Ingezonden 4 januari 2002); Antwoord", "Bestand": "15Kb", "Permalink": "\nhttp://www.geencommentaar.nl/parlando/index.php?action=doc&filename=KVR14965\n", "Inhoud": "In de laatste weken van december 2001 hebben diverse boeren in de door MKZ getroffen gebieden bericht gekregen dat er een hertaxatie moet plaatsvinden van het eerder dat jaar geruimde vee van hun bedrijven.", "Rubriek": "Veeteelt (Veeziekten)", "Trefwoorden": "Mond- en klauwzeer", "Vindplaats": "Kamervragen met antwoord 2001-2002, nr. 546, Tweede Kamer", "Afkomstig van": "2010204090", "Indiener": "Landbouw, Natuurbeheer en Visserij (LNV)", "Partij vertegenwoordiger": "<persoon partij=\"CDA\">Atsma</persoon>", "Datum_reaktie": "\n", "Datum_indiening": "<persoon partij=\"CDA\">Mosterd</persoon>", "vraag 1": "Is het u bekend dat in de laatste weken van december diverse boeren in de door MKZ-getroffen gebieden bericht hebben gekregen dat er een hertaxatie moet plaatsvinden van het eerder dit jaar geruimde vee van hun bedrijven? ", "vraag 2": "Wat is de achtergrond van deze initiatieven van de Rijksdienst voor de keuring van Vee en Vlees (RVV)? Hoeveel bedrijven betreft het? ", "vraag 3": "Hoe oordeelt u over het feit dat er sprake is van een hertaxatie nadat eerder zowel de betreffende boer als vertegenwoordigers van uw ministerie hun handtekening hebben gezet onder het aanvankelijk opgemaakte taxatierapport? ", "vraag 4": "Acht u het redelijk en billijk dat deze ondernemers medio december zijn verwittigd en begin januari een verweerschrift bij een kantongerecht moeten hebben ingediend, zodat hun slechts korte tijd ter beschikking staat in een tijd van het jaar waarin bepaalde diensten slechts beperkt in bedrijf en bereikbaar zijn? ", "vraag 5": "Bestaat de kans dat boeren alsnog een deel van het reeds uitgekeerde bedrag voor het geruimde vee terug moeten storten? ", "vraag 6": "Deelt u de mening dat een papieren hertaxatie van het niet meer in leven zijnde vee veel vragen en discussie zal oproepen en het terugvorderen van een eerder door onafhankelijke taxateurs vastgestelde vergoeding tot nogal wat onbegrip zal leiden? ", "vraag 7": "Zijn de betreffende boeren indertijd op correcte wijze gewezen op de mogelijkheid dat beroep zou kunnen worden aangetekend tegen het door deze partijen overeengekomen uit te keren taxatiebedrag? ", "vraag 8": "Bent u van mening dat boeren die dit voorjaar, onder druk van een in het vooruitzicht gestelde gang naar de rechter, hun taxatieformulier hebben getekend, maar daar eigenlijk ontevreden over zijn, eveneens achteraf beroep moeten kunnen aantekenen tegen het eerder overeengekomen taxatiebedrag voor hun vee? ", "antwoord 1": "[Een interne controle van dossiers door de RVV gaf aanleiding te veronderstellen dat mogelijk in een aantal gevallen een te hoge taxatiewaarde is vastgesteld. Dit was aanleiding om in 6 gevallen een hertaxatie aan te vragen", "antwoord 2": "Vanwege de tot dan toe doorlopen procedure is ten onrechte in de aan de orde zijnde gevallen de procedure voor een hertaxatie in gang gezet. Dit was dan ook aanleiding voor mij om af te zien van hertaxatie van de dieren. De betreffende veehouders zijn hiervan zowel mondeling als schriftelijk op de hoogte gesteld", "antwoord 3": "Het indienen van een verweerschrift is niet meer aan de orde", "antwoord 4": "Bij de afwikkeling van de dossiers van de betreffende veehouders wordt uitgegaan van de oorspronkelijke door de veehouder ondertekende taxatie. Dat is ook aan de veehouders medegedeeld", "antwoord 5": "Het gestelde is niet meer aan de orde. Overigens deel ik de mening niet. Een hertaxatie, ook als die wordt aangevraagd op verzoek van de veehouder, zal meestal aan de hand van documenten geschieden. De dieren zijn immers al vanwege besmettingsgevaar gedood. Een hertaxatie wordt verricht door drie be\u00c3\u00abdigde deskundigen", "antwoord 6": "In de Gezondheids- en welzijnswet voor dieren is de procedure opgenomen die gevolgd dient te worden indien onder andere de veehouder geen genoegen neemt met de waardevaststelling van, onder meer, zijn gedode dieren", "antwoord 7": "Neen. Indien veehouders niet expliciet aangeven dat zij niet instemmen met de waardevaststelling en door ondertekening van het taxatieformulier instemmen met de waardevaststelling van de dieren, is het niet mogelijk om alsnog de hertaxatieprocedure als bedoeld in artikel 88 van de Gezondheids- en welzijnswet voor dieren op verzoek van de veehouder te starten. ]"}