{"Bibliografische_omschrijving": "Vragen van de leden De Vries en Vo\u00c3\u00bbte-Droste (beiden VVD) aan de minister van Financi\u00c3\u00abn over de meldingsplicht voor financieringsmaatschappijen aan De Nederlandsche Bank. (Ingezonden 19 maart 2002); Antwoord", "Bestand": "16Kb", "Permalink": "\nhttp://www.geencommentaar.nl/parlando/index.php?action=doc&filename=KVR15589\n", "Inhoud": "Vragen over de meldingsplicht voor financieringsmaatschappijen aan De Nederlandsche Bank na aanscherping van de Wet toezicht kredietwezen en de verwarring die bij het Midden- en Kleinbedrijf is ontstaan over de precieze definitie van \"financieringsmaatschappij\".", "Rubriek": "Bedrijfsleven en industrie (Bank- en verzekeringswezen) Bedrijfsleven en industrie (Midden- en kleinbedrijf)", "Trefwoorden": "De Nederlandsche Bank Midden- en kleinbedrijf", "Vindplaats": "Kamervragen met antwoord 2001-2002, nr. 1080, Tweede Kamer", "Afkomstig van": "2010208020", "Indiener": "Financi\u00c3\u00abn (FIN)", "Partij vertegenwoordiger": "<persoon partij=\"VVD\">De Vries</persoon>", "Datum_reaktie": "\n", "Datum_indiening": "<persoon partij=\"VVD\">Vo\u00c3\u00bbte-Droste</persoon>", "vraag 1": "Is het u bekend dat als gevolg van de aanscherping van de uitvoeringsregels van de Wet toezicht kredietwezen 1992 \u00e2\u20ac\u201c welke maatregelen zijn genomen n.a.v. de gebeurtenissen van 11 september 2001 in de Verenigde Staten \u00e2\u20ac\u201c grote verwarring is ontstaan over het toepassingsbereik van deze wet? ", "vraag 2": "Is het waar dat De Nederlandsche Bank (DNB) het begrip \u00c2\u00abfinancieringsmaatschappij\u00c2\u00bb zodanig uitlegt dat het in- en uitlenen van geld reeds voldoende is om als financieringsmaatschappij te worden gekwalificeerd? Is het waar dat zeer veel vennootschappen binnen het Midden- en Kleinbedrijf (MKB) aan deze uitleg voldoen en dat dit bij telefonisch contact met DNB ook wordt bevestigd? ", "vraag 3": "Bent u ervan op de hoogte dat in het Nederlandse MKB veelvuldig wordt gewerkt met een holdingstructuur? ", "vraag 4": "Is het waar dat als een MKB-ondernemer b.v. geld van een bank leent en dat via zijn holding aan zijn werkmaatschappij doorleent, er al sprake is van meldingsplicht? ", "vraag 5": "Kunt u meer duidelijkheid geven over de definitie van een financieringsmaatschappij, zodat daarover in het MKB geen verwarring meer is? ", "vraag 6": "Is het waar dat n\u00c3\u00a1 de melding ook door de bestuurders van de financieringsmaatschappij een verklaring moet worden afgelegd over de betrouwbaarheid van bestuurders, medebeleidsbepalers, commissarissen en alle kwalificerende aandeelhouders om als financieringsmaatschappij een vrijstelling te verkrijgen? ", "vraag 7": "Is het waar dat de voorgestelde meldingsplicht een administratieve lastendruk met zich meebrengt voor het MKB? Zo ja, ziet u mogelijkheden om dit te voorkomen? ", "antwoord 1": "[De aanscherping van de Regeling tot uitvoering van artikel 1, derde lid, van de Wtk 1992 (de Uitvoeringsregeling), die integriteitseisen oplegt aan van de Wtk 1992 vrijgestelde ondernemingen of instellingen, heeft niet geleid tot een verandering van het toepassingsbereik van de Wtk 1992. Desalniettemin is bij het MKB verwarring ontstaan over het toepassingsbereik van de Wtk 1992, hetgeen mij bekend is", "antwoord 2": "Ja", "antwoord 3": "DNB legt het begrip \u00c2\u00abfinancieringsmaatschappij\u00c2\u00bb beperkter uit. Ten aanzien van ondernemingen of instellingen die voldoen aan de definitie van kredietinstelling (artikel 1, eerste lid, van de Wtk 1992) kan op grond van artikel 1, derde lid, van de Wtk 1992 worden bepaald dat zij niet worden beschouwd als kredietinstelling, indien het karakter van hun bedrijf dat rechtvaardigt en zij activiteiten verrichten waarbij de belangen die de Wtk 1992 beoogt te beschermen niet in gevaar komen. In dat geval vallen zij niet onder de Wtk 1992 (en is geen bankvergunning vereist), maar onder de Uitvoeringsregeling. Dit geldt onder andere voor groepsmaatschappijen van grote internationale concerns die binnen concernverband de financieringsstromen verzorgen, de zogenaamde financieringsmaatschappijen. In de Uitvoeringsregeling is dan ook bepaald dat financieringsmaatschappijen niet worden beschouwd als kredietinstelling. Om te kwalificeren als kredietinstelling (en dus ook als financieringsmaatschappij) dient een onderneming of instelling haar bedrijf te maken van het ter beschikking krijgen van opvorderbare gelden en het voor eigen rekening verrichten van kredietuitzettingen of beleggingen. Indien een onderneming of instelling niet haar bedrijf maakt van genoemde activiteiten dan kwalificeert zij niet als kredietinstelling in de zin van artikel 1, eerste lid, van de Wtk 1992. In dat geval wordt aan de toepasselijkheid van de Uitvoeringsregeling niet meer toegekomen. Een onderneming of instelling wordt geacht haar bedrijf te maken van het aantrekken en uitzetten van opvorderbare gelden, indien zij deze activiteit niet uitsluitend ter ondersteuning van de hoofdactiviteiten verricht. Bij ondersteuning kan gedacht worden aan het kasbeheer door een industri\u00c3\u00able onderneming uitsluitend ter financiering van de industri\u00c3\u00able activiteiten. Ook een holding die opvorderbare gelden aantrekt en uitzet uitsluitend ten behoeve van de financiering van de werkmaatschappijen en dit doet ter ondersteuning van de eigenlijke hoofdactiviteiten (andere dan financieringsactiviteiten) wordt niet geacht haar bedrijf te maken van het ter beschikking krijgen van opvorderbare gelden en het voor eigen rekening verrichten van kredietuitzettingen of beleggingen. Hierdoor kwalificeert de holding niet als kredietinstelling en valt zij niet onder de reikwijdte van artikel 1, eerste lid, van de Wtk 1992. Dit betekent dat de Uitvoeringsregeling, en dus ook de meldingsplicht niet van toepassing is", "antwoord 4": "Zoals de Uitvoeringsregeling thans luidt, dient inderdaad aan deze verplichting te worden voldaan door financieringsmaatschappijen. Deze verplichting is echter niet van toepassing op de holding die niet haar bedrijf maakt van het verkrijgen van opvorderbare gelden en het uitzetten van die gelden. Die holding kwalificeert immers niet als kredietinstelling", "antwoord 5": "Aangezien het niet aannemelijk is dat veel ondernemingen in het MKB kwalificeren als kredietinstelling in de zin van artikel 1, eerste lid, van de Wtk 1992, zullen de Uitvoeringsregeling en de daarin opgenomen verplichtingen in veel gevallen ook niet van toepassing zijn. Van een substanti\u00c3\u00able toename van de administratieve lastendruk kan dan ook geen sprake zijn. ]"}