{"Bibliografische_omschrijving": "Vragen van het lid Wijn (CDA) aan de minister van Economische Zaken over subsidie voor zonne-energie bij grootschalige woningbouw. (Ingezonden 8 mei 2002); Antwoord", "Bestand": "17Kb", "Permalink": "\nhttp://www.geencommentaar.nl/parlando/index.php?action=doc&filename=KVR15731\n", "Inhoud": "Vragen over subsidiemogelijkheden voor grootschalige woningbouwprojecten met Photo Volta\u00c3\u00afsche Zonne-energie, naar aanleiding van project 'De Stad van de Zon' in Heerhugowaard.", "Rubriek": "Bouw (Woningbouw) Energie, water en grondstoffen (Alternatieve energiebronnen) Energie, water en grondstoffen (Subsidies)", "Trefwoorden": "Energiebesparingssubsidies Woningbouw Zonne-energie", "Vindplaats": "Kamervragen met antwoord 2001-2002, nr. 1207, Tweede Kamer", "Afkomstig van": "2010210260", "Indiener": "Economische Zaken (EZ)", "Partij vertegenwoordiger": "<persoon partij=\"CDA\">Wijn</persoon>", "Datum_reaktie": "\n", "Datum_indiening": "2002-05-29", "vraag 1": "Kent u het project \u00c2\u00abDe Stad van de Zon\u00c2\u00bb in de gemeente Heerhugowaard? ", "vraag 2": "Is het waar dat er voor grootschalige woningbouwprojecten met Photo Voltaiische Zonne-energie geen subsidiemogelijkheden vooraf zijn, terwijl die er wel zijn voor individuele (nieuwbouw-)woningen? ", "vraag 3": "Deelt u de mening dat hierdoor voor een projectontwikkelaar (financi\u00c3\u00able) risico\u00e2\u20ac\u2122s vooraf bestaan die een reguliere woningbezitter niet heeft? ", "vraag 4": "Bent u bereid in deze een oplossing te realiseren? ", "antwoord 1": "[Ja", "antwoord 2": "Dit is onjuist. Voor zowel grootschalige als individuele nieuwbouwprojecten kan bij het toepassen van zon-pv (photovolta\u00c3\u00afsche zonne-energie) een subsidie verkregen worden in het kader van de Energiepremieregeling (EPR). De subsidie moet door de nieuwe eigenaar c.q. koper van de woning worden aangevraagd nadat de installatie is geleverd en betaald", "antwoord 3": "Een projectontwikkelaar moet evenals een individuele bouwer investeringen in zon-pv op woningen voorfinancieren. De projectontwikkelaar kan dit risico doorgeven aan de toekomstige bewoner door de EPR in de prijsstelling mee te nemen. Dit wordt bij voorkeur vermeden omdat daarmee de koop duurder en dus lastiger wordt. Indien om die reden de verwachte EPR-bijdrage buiten de verkoopprijs wordt gehouden, draagt de projectontwikkelaar het risico van verandering in de EPR-regeling in de tijd tussen bestelling van de zon-pv installatie en bouwen en oplevering van de woning. Hier heeft de projectontwikkelaar vaak weinig trek in", "antwoord 4": "Ik wil de beslissing voor een eventuele oplossing buiten de huidige EPR-systematiek laten aan het nieuwe kabinet. Ik ben zelf tot de slotsom gekomen dat het probleem in essentie niet bij de EPR ligt maar in het feit dat zon-pv een vrij kostbare techniek is. Er zijn relatief weinig mensen die bereid zijn voorafgaand aan de bouw van een woning een grote additionele financi\u00c3\u00able verplichting voor een zon-pv installatie aan te gaan. Een zon-pv installatie van enige omvang kost namelijk al gauw 10.000. Mensen moeten dus echt gemotiveerd zijn een zon-pv installatie aan te schaffen; de overheid moet dat niet willen forceren. Ik heb in overleg met het ministerie van Financi\u00c3\u00abn onderzocht of het mogelijk is om in geval van grootschalige projecten de aanspraak op EPR van de latere eigenaar vooraf over te dragen aan de projectontwikkelaar. De wettelijke systematiek blijkt hiervoor geen ruimte te bieden. Overigens merk ik hierbij op dat de EPR ook altijd bedoeld is geweest voor huishoudens en niet voor projectontwikkelaars. Wel kunnen particulieren mijns inziens individueel een regeling treffen met de projectontwikkelaar. ]"}