{"Bibliografische_omschrijving": "Vragen het lid Karimi (GroenLinks) aan de ministers van Buitenlandse Zaken en van Financi\u00c3\u00abn over Stichtingen van de Indonesische krijgsmacht. (Ingezonden 16 juli 2002); Antwoord", "Bestand": "14Kb", "Permalink": "\nhttp://www.geencommentaar.nl/parlando/index.php?action=doc&filename=KVR16056\n", "Inhoud": "Vragen over financi\u00c3\u00able controle (audit) van de 'Stichtingen' van de Indonesische krijgsmacht door de Indonesische Rekenkamer BPK.", "Rubriek": "Internationale betrekkingen (Algemeen)", "Trefwoorden": "Indonesi\u00c3\u00ab Krijgsmacht Vrede en veiligheid", "Vindplaats": "Kamervragen met antwoord 2001-2002, nr. 1483, Tweede Kamer", "Afkomstig van": "2010212730", "Indiener": "Financi\u00c3\u00abn (FIN)", "Partij vertegenwoordiger": "<persoon partij=\"GroenLinks\">Karimi</persoon>", "Datum_reaktie": "\n", "Datum_indiening": "2002-08-07", "vraag 1": "Is de informatie juist dat de Stichtingen, de zogenaamde Yayasan, van de Indonesische krijgsmacht naar aanleiding van een overeenkomst tussen het Internationaal Monetaire Fonds (IMF) en de Indonesische regering in 2001, jaarlijks zullen worden \u00c2\u00abge-audit\u00c2\u00bb door de Indonesische rekenkamer, het BPK? ", "vraag 2": "Zijn de resultaten van deze audit openbaar? Zo ja, zou u deze aan de Kamer willen doen toekomen? Zo neen, wat is u bekend over de resultaten? Bent u bereid om via het IMF deze resultaten op te vragen en de Tweede Kamer erover te informeren? ", "vraag 3": "Bent u bereid om zowel via IMF niet alleen de Wereldbank maar ook bilateraal druk op Indonesi\u00c3\u00ab uit te oefenen om ernst te maken met deze audit en de resultaten hiervan openbaar te maken indien dit nog niet het geval is? ", "vraag 4": "Bent u als voorzitter van de Consultatieve Groep Indonesi\u00c3\u00ab (CGI) bereid om er bij de Wereldbank op aan te dringen dat er tijdens de volgende vergadering van de CGI in oktober a.s. een coherent en gezamenlijk donorbeleid zal zijn ten behoeve van meer transparantie in de financi\u00c3\u00abn van de Indonesische krijgsmacht? ", "antwoord 1": "[Op basis van een afspraak met het IMF heeft de Indonesische rekenkamer BPK de militaire Stichtingen financieel doorgelicht. Dit is in een \u00c2\u00abLetter of Intent\u00c2\u00bb met het IMF in 2000 afgesproken. Inmiddels is bekend geworden dat de Stichtingen maar een zeer beperkt aandeel genereren van de inkomsten van de strijdkrachten. Het merendeel van de extrabudgettaire inkomsten wordt daarbuiten verworven, in niet geregistreerde ondernemingen of via illegale en corrupte praktijken. Via traag verlopende hervormingen probeert de Indonesische overheid hier paal en perk aan te stellen", "antwoord 2": "De resultaten zijn niet openbaar. Wel heeft de Indonesische rekenkamer in 2000 zijn rapporten over de Stichtingen publiekelijk overgedragen aan het Indonesische ministerie van Financi\u00c3\u00abn en heeft bij die gelegenheid de pers ge\u00c3\u00afnformeerd over zijn voornaamste bevindingen. De rekenkamer constateerde een groot aantal onregelmatigheden in de financi\u00c3\u00able verantwoording van de Yayasan. Het IMF opereert op basis van vrijwillige samenwerking en het is aan de IMF-leden zelf om te bepalen informatie al dan niet vrij te geven", "antwoord 3": "Voor de goede orde: de Wereldbank is voorzitter van de CGI. Nederland is \u00c3\u00a9\u00c3\u00a9n van de leden. Het incorporeren van de extrabudgettaire inkomsten en uitgaven in het budget van de Indonesische strijdkrachten is cruciaal om de transparantie van het financieel-economisch overheidsbeleid te vergroten. In dit licht heeft Nederland met succes geijverd voor aandacht van IMF en Wereldbank voor dit onderwerp, onder de noemer van duurzame en transparante begrotingen. Met een aantal gelijkgezinde donoren streeft Nederland naar plaatsing van deze kwestie op de agenda van de CGI-bijeenkomst op 28 en 29 oktober a.s. ]"}