{"Bibliografische_omschrijving": "Vragen van het lid Kant (SP) aan de ministers van Volksgezondheid, Welzijn en Sport en van Onderwijs, Cultuur en Wetenschappen over het Biomedical Primate Research Centre (BPRC) te Rijswijk. (Ingezonden 21 februari 2002); Antwoord", "Bestand": "15Kb", "Permalink": "\nhttp://www.geencommentaar.nl/parlando/index.php?action=doc&filename=KVR15252\n", "Inhoud": "Aanvullende vragen op eerder gestelde vragen door de leden Augusteijn-Esser en Lambrachts, ingezonden 21 februari 2002, over de werkwijze binnen het BPRC.", "Rubriek": "Natuur (Dierenbescherming) Wetenschap en technologie (Onderzoeksinstituten)", "Trefwoorden": "Dierproeven Onderzoeksinstituten", "Vindplaats": "Kamervragen met antwoord 2001-2002, nr. 789, Tweede Kamer", "Afkomstig van": "2010206750", "Indiener": "Volksgezondheid, Welzijn en Sport (VWS)", "Partij vertegenwoordiger": "<persoon partij=\"SP\">Kant</persoon>", "Datum_reaktie": "\n", "Datum_indiening": "2002-03-11", "vraag 1": "Wat is uw reactie op de uitzending van NOVA d.d. 15 februari over het BPRC? ", "vraag 2": "Deelt u de mening dat het BPRC gesloten moeten worden? Zo ja, welke stappen gaat u ondernemen om dit mogelijk te maken? Zo neen, waarom niet? ", "vraag 3": "Wat is de stand van zaken van uw onderzoek naar de mogelijkheden om de proeven alleen op niet commercieel-wetenschappelijke basis te laten uitvoeren? ", "vraag 4": "Is het waar dat het ingestelde beleid, waarin gestopt was met het fokken op chimpansees, de laatste jaren is geschonden? ", "vraag 5": "In hoeverre is het huisvestingsplan uitgewerkt en wanneer begint de uitplaatsing van de chimpansees? ", "vraag 6": "Bent u bereid om het onderzoek naar alternatieven voor proefonderzoek verder uit te breiden? Zo neen, waarom niet? Toelichting Deze vragen dienen ter aanvulling op eerdere vragen terzake door de leden Augusteijn-Esser en Lambrechts, ingezonden 21 februari jl. ", "antwoord 1": "[Zie het antwoord op vraag 1 van de leden van de Tweede Kamer Augusteijn-Esser en Lambrechts, gesteld op 21 februari 2002", "antwoord 2": "Zoals de minister van Onderwijs, Cultuur en Wetenschappen al eerder in de Kamer, tijdens het Algemeen Overleg over het wetenschapsbeleid op 29 januari jl., uiteen heeft gezet, is hij van mening dat uiteindelijk alle experimenten op apen moeten worden be\u00c3\u00abindigd. Helaas is het echter zo, dat voor veel onderzoek naar geneesmiddelen en therapie\u00c3\u00abn voor ziekten waaraan velen in ons land lijden, dierexperimenten, met name ook op apen, onmisbaar zijn aangezien goede alternatieven niet voorhanden zijn. Het BPRC dient daarom te worden gecontinueerd, zij het onder strikte condities met betrekking tot de huisvesting en verzorging van de apen en de missie van het instituut, en dat experimenten op chimpansees worden be\u00c3\u00abindigd", "antwoord 3": "De minister van Onderwijs, Cultuur en Wetenschappen heeft het BPRC al in 2001 verzocht het commerci\u00c3\u00able standaardtestonderzoek te be\u00c3\u00abindigen. De missie van het instituut is daarmee al gericht op fundamenteel, strategisch en precompetitief wetenschappelijk onderzoek in het belang van de volksgezondheid", "antwoord 4": "Uit informatie van de Keuringsdienst van Waren is mij het volgende gebleken: De directie van het BPRC heeft in 1998 besloten om geboorten van jonge chimpansees waar mogelijk te vermijden. Omdat de dieren in gemengde groepen zijn gehuisvest en het voor het dierenwelzijn niet wenselijk was en is deze groepen naar sekse op te splitsen of de dieren individueel te huisvesten, is gekozen voor diervriendelijke anti-conceptiemethoden. Toen het daarvoor gebruikte middel niet meer leverbaar was, is overgestapt op een ander middel, dat minder betrouwbaar is gebleken. Hierdoor is ongewenst een zevental jonge chimpansees geboren. Inmiddels is het oorspronkelijke middel weer voorhanden en hebben zich de laatste twee jaar geen ongewenste zwangerschappen meer voorgedaan", "antwoord 5": "In het kader van het voorstel van de minister van Onderwijs, Cultuur en Wetenschappen aan de Kamer met betrekking tot het BPRC, dat de Kamer medio maart zal ontvangen, zal hij ook op de uitplaatsing van chimpansees ingaan", "antwoord 6": "Naast het onderzoek naar alternatieven voor dierproeven dat wordt gefinancierd uit de eerste geldstroom bij de universiteiten en uit het programma \u00c2\u00abDierproeven begrensd\u00c2\u00bb dat wordt beheerd door ZON/MW, ligt het in het voornemen om op (tenminste) twee manieren het onderzoek naar alternatieven te versterken. Allereerst zal, op verzoek van de Kamer gedaan bij het debat over biotechnologie, uit de middelen voor de nationale genomics-impuls 900 000 Euro beschikbaar worden gesteld voor onderzoek naar alternatieven. Daarnaast ligt het in het voornemen om het onderzoek naar alternatieven bij het BPRC te versterken en daarvoor een afdeling op te zetten. ]"}