{"Bibliografische_omschrijving": "Vragen van de leden Weekers (VVD) en Kuijper (PvdA) aan de minister van Volksgezondheid, Welzijn en Sport over de ziektekostenverzekering van grensarbeiders. (Ingezonden 19 november 1999); Antwoord", "Bestand": "17Kb", "Permalink": "\nhttp://www.geencommentaar.nl/parlando/index.php?action=doc&filename=KVR10808\n", "Inhoud": "Vragen over het feit dat de CZ-groep per 1 januari 1998 de binnenlandse particuliere ziektekostenverzekering van o.a. in Belgi\u00c3\u00ab wonende en in Nederland werkende grensarbeiders/zelfstandigen heeft 'overgezet' naar een buitenlandverzekering.", "Rubriek": "Arbeid (Werknemers) Bedrijfsleven en industrie (Midden- en kleinbedrijf) Gezondheidszorg (Zorginstellingen) Gezondheidszorg (Zorgverzekeringen)", "Trefwoorden": "Grensregio's Werknemers Zelfstandigen Ziektekostenverzekeringen", "Vindplaats": "Kamervragen met antwoord 1999-2000, nr. 487, Tweede Kamer", "Afkomstig van": "2990003050", "Indiener": "Volksgezondheid, Welzijn en Sport", "Partij vertegenwoordiger": "<persoon partij=\"VVD\">Weekers</persoon>", "Datum_reaktie": "\n", "Datum_indiening": "<persoon partij=\"PvdA\">Kuijper</persoon>", "vraag 1": "Is het u bekend dat de CZ-groep per 1 januari 1998 de binnenlandse particuliere ziektekostenverzekering van o.a. in Belgi\u00c3\u00ab wonende en in Nederland werkende grensarbeiders/zelfstandigen heeft \u00c2\u00abovergezet\u00c2\u00bb naar een buitenlandverzekering? Is de CZ-groep daartoe bevoegd? ", "vraag 2": "Mag deze overzetting gepaard gaan met het stellen van acceptatievoorwaarden, hetgeen in bepaalde gevallen kan leiden tot afwijzing? ", "vraag 3": "Klopt het dat de AWBZ wel, maar de daarop aansluitende particuliere verzekering in het tweede compartiment niet onder de materi\u00c3\u00able werkingssfeer van Verordening 1408/71 valt? Zou het niet consistent zijn om in het buitenland wonenden vrij te stellen voor de AWBZ, waardoor hen de mogelijkheid wordt geboden om zich in hun woonland integraal te verzekeren tegen ziektekosten, dan wel hen gewone toegang tot het tweede compartiment te garanderen, zodat zij zich in het werkland integraal kunnen verzekeren? Wilt u (een van) deze mogelijkheden in overweging nemen? ", "vraag 4": "Bent u van mening dat een in het buitenland wonende grensarbeider, die in Nederland werkt (of komt werken) en verplicht verzekerd is voor de AWBZ, door een particuliere ziektekostenverzekeraar niet kan worden geaccepteerd? ", "vraag 5": "Waarom kan deze grensarbeider niet toegelaten worden tot de zogenoemde standaardpakketpolis? ", "vraag 6": "Is het niet strijdig met \u00c2\u00abhet vrij verkeer van werknemers\u00c2\u00bb dat Nederlandse particuliere zorgverzekeraars aan grensarbeiders de voorwaarde stellen om zich voor bepaalde zorg in Nederland te laten behandelen (bijvoorbeeld tandartsbehandeling)? ", "antwoord 1": "[Dat was mij niet bekend. De CZ-groep is een particuliere ziektekostenverzekeraar. De relatie tussen deze verzekeraar en zijn cli\u00c3\u00abnten is een privaatrechtelijke. Particuliere verzekeraars kunnen zelf de verzekeringsvoorwaarden bepalen, voor zover het geen verzekering betreft in de zin van de Wet op de toegang tot ziektekostenverzekeringen (standaardpakketpolis). Verzekerden die het niet eens zijn met wijzigingen in de polisvoorwaarden behoeven zich niet langer gebonden te achten aan de overeenkomst van ziektekostenverzekering met de desbetreffende verzekeraar en kunnen ervoor kiezen een zodanige overeenkomst met een andere verzekeraar te sluiten", "antwoord 2": "Zoals al uit de beantwoording van vraag 1 blijkt, luidt het antwoord op deze vraag bevestigend", "antwoord 3": "De AWBZ valt inderdaad, als wettelijke regeling op het gebied van de sociale zekerheid, onder de materi\u00c3\u00able werkingssfeer van Verordening 1408/71. Dat wil zeggen dat een in een andere EG-lidstaat wonende persoon, die als gevolg van de aanwijsregels betreffende de toepasselijke wetgeving van die Verordening bij uitsluiting van de wetgeving van andere lidstaten, onderworpen is aan de Nederlandse socialeverzekeringswetgeving, verzekerd is ingevolge de AWBZ, indien hij aan de voorwaarden voor verzekering voldoet. De particuliere overeenkomst van ziektekostenverzekering is geen sociale ziektekostenverzekering en valt niet onder de materi\u00c3\u00able werkingssfeer van de Verordening. De AWBZ kent niet de mogelijkheid van vrijstelling op verzoek. Wel bestaat ingevolge artikel 17 van de Verordening de mogelijkheid de bevoegde autoriteiten van de betrokken EG-lidstaten te verzoeken onder de wetgeving van het woonland in plaats van onder de wetgeving van het werkland te mogen vallen. Dat betreft dan alle takken van sociale zekerheid. Het is niet mogelijk ervoor te kiezen dat men voor bepaalde takken van sociale zekerheid onder de wetgeving van het woonland valt en voor andere takken van sociale zekerheid onder de wetgeving van het werkland. Het introduceren van een vrijstellingsmogelijkheid voor de AWBZ voor werknemers en zelfstandigen die in Nederland werken maar er niet wonen ligt niet in mijn voornemen, omdat dat haaks staat op de co\u00c3\u00b6rdinatiedoelstellingen van de Verordening. Overigens, zelfs al zou er een mogelijkheid tot vrijstelling van de AWBZ bestaan, dan hoeft dat niet te leiden tot verzekering in het woonland. lmmers, ingevolge de Verordening kan op een persoon maar \u00c3\u00a9\u00c3\u00a9n socialezekerheidswetgeving tegelijkertijd van toepassing zijn, namelijk de wetgeving die als toepasselijk is aangewezen. Als dat de Nederlandse wetgeving is dan is verzekering ingevolge de socialezekerheidswetgeving van een andere lidstaat, voor zover die onder de materi\u00c3\u00able werkingssfeer van de Verordening valt, niet aan de orde. De Nederlandse wetgeving kent op dit moment niet de mogelijkheid in het buitenland wonende personen de toegang tot de Nederlandse particuliere verzekeringsmarkt te garanderen. Deze garantie bestaat krachtens de Wet op de toegang tot ziektekostenverzekeringen alleen voor personen die in Nederland wonen. Dat wil niet zeggen dat verzekeraars mensen die buiten Nederland wonen niet mogen accepteren voor een standaardpakketverzekering. Zij zijn daar niet toe verplicht", "antwoord 4": "Ja, dat kan", "antwoord 5": "Zoals uit het antwoord op vraag 3 blijkt staat de wetgeving er niet aan in de weg dat buiten Nederland wonende grensarbeiders worden geaccepteerd voor de standaardpakketpolis. Er is echter voor dergelijke gevallen geen acceptatieplicht ingevolge de WTZ aan de verzekeraars opgelegd. Een dergelijke acceptatieplicht bestaat uitsluitend ten aanzien van personen die in Nederland woonachtig zijn en ook overigens aan de in de WTZ gestelde voorwaarden voldoen", "antwoord 6": "Nee, het vrij verkeer van werknemers houdt in dat onderdanen van EG-lidstaten vrij zijn hun werkzaamheden te verrichten op het gehele grondgebied van de Europese Unie. Wel zou een dergelijke voorwaarde in strijd kunnen zijn met het beginsel van het vrij verkeer van diensten. Het is nog maar de vraag of dat beginsel ook van toepassing kan zijn op privatrechtelijke overeenkomsten als de particuliere ziektekostenverzekering. De jurisprudentie van het Hof is op dit punt nog niet uitgekristalliseerd. ]"}