{"Bibliografische_omschrijving": "Vragen van het lid Van Blerck-Woerdman (VVD) aan de minister van Volksgezondheid, Welzijn en Sport over het MS Centrum Nijmegen. (Ingezonden 23 oktober 2001); Antwoord", "Bestand": "14Kb", "Permalink": "\nhttp://www.geencommentaar.nl/parlando/index.php?action=doc&filename=KVR14630\n", "Inhoud": "Vragen over de financi\u00c3\u00able problematiek van dit centrum rondom de kostenvergoeding voor de verrichte behandelingen.", "Rubriek": "Gezondheidszorg (Pati\u00c3\u00abnten) Gezondheidszorg (Zorginstellingen)", "Trefwoorden": "Pati\u00c3\u00abnten Ziekenhuizen", "Vindplaats": "Kamervragen met antwoord 2001-2002, nr. 268, Tweede Kamer", "Afkomstig van": "2010201380", "Indiener": "Volksgezondheid, Welzijn en Sport (VWS)", "Partij vertegenwoordiger": "<persoon partij=\"VVD\">Van Blerck-Woerdman</persoon>", "Datum_reaktie": "\n", "Datum_indiening": "2001-11-16", "vraag 1": "Bent u op de hoogte van de financi\u00c3\u00able problematiek van het MS Centrum Nijmegen rondom de kostenvergoeding voor de verrichte behandelingen? ", "vraag 2": "Kunt u aangeven wat de precieze reden is waarom het CTG in deze geen oplossing kan bieden? ", "vraag 3": "Deelt u de mening dat, gezien de belangrijke rol die het MS Centrum vervult voor zowel MS-pati\u00c3\u00abnten als professionele hulpverleners, het MS Centrum deze rol ook in de toekomst moet kunnen blijven vervullen? Welke oplossing ziet u daarbij voor het Centrum? ", "antwoord 1": "[Ja", "antwoord 2": "Het MS Centrum Nijmegen is een zelfstandig behandelcentrum (zbc). Voor zbc\u00e2\u20ac\u2122s gelden zgn. maximumtarieven. Dat houdt in dat voor een zbc geen individueel tarief wordt vastgesteld of goedgekeurd door het College tarieven gezondheidszorg, maar dat zbc en verzekeraar met elkaar onderhandelen over de hoogte van het tarief. Dat tarief kan niet hoger zijn dat het algemeen geldende maximumtarief dat door het CTG is vastgesteld. De Nederlandse Raad van Particuliere Klinieken (NRPK) wil voor deze specifieke categorie van zbc\u00e2\u20ac\u2122s \u00e2\u20ac\u201c waarbinnen het MS Centrum de enige is \u00e2\u20ac\u201c hogere maximumtarieven omdat zij de huidige maximumtarieven ontoereikend vindt. Zorgverzekeraars Nederland staat niet afwijzend tegen een hoger maximumtarief voor deze categorie zbc\u00e2\u20ac\u2122s, maar wil daarmee niet zo ver gaan als de NRPK nodig acht. Voor verzekeraars geldt ten aanzien van zbc\u00e2\u20ac\u2122s geen contracteerplicht. Het is aan de betreffende verzekeraar om te besluiten of hij een contract wil sluiten met een zbc, onder welke voorwaarden en tegen welke prijs. Zbc en verzekeraar onderhandelen hierover. Het CTG heeft hierin geen rol. Omdat bij zbc\u00e2\u20ac\u2122s dus geen individuele, door het CTG vastgestelde of goedgekeurde tarieven gelden, is het aan het MS Centrum en de zorgverzekeraars om in dezen de mogelijkheden te beoordelen", "antwoord 3": "Over de betekenis van het MS-centrum heb ik contact gehad met deze kliniek. Blijkens een schriftelijke toelichting is de kliniek van mening dat \u00c2\u00abStandaard zorg voor mensen met MS is onder de maat naar de huidige maatstaven.\u00c2\u00bb Specifiek kenmerk van het MS Centrum is dat het werkt op consultbasis, waarbij ook veel telefonische consulten plaatsvinden. De honorering voor medisch specialisten en de daarop gebaseerde kostentarievenstructuur voor zbc\u00e2\u20ac\u2122s en ziekenhuizen gaan echter uit van een tarief per behandeling ongeacht het aantal consulten. Zoals ik bij vraag 2 aangaf, geldt voor verzekeraars geen contracteerplicht ten aanzien van het MS Centrum. ]"}