{"Bibliografische_omschrijving": "Vragen van het lid Dittrich (D66) aan de ministers van Justitie en van Defensie over de inzet van het leger als noodmaatregel voor het personeelstekort in de gevangenissen. (Ingezonden 11 januari 2002); Antwoord", "Bestand": "12Kb", "Permalink": "\nhttp://www.geencommentaar.nl/parlando/index.php?action=doc&filename=KVR14904\n", "Inhoud": "Vragen over de mogelijkheid om geschikte onderdelen van het leger in te zetten als tijdelijke maatregel om het personeelstekort in gevangenissen (Penitentaire Inrichtingen) op te vangen.", "Rubriek": "Criminaliteit en openbare orde (Gevangeniswezen en penitentiair recht) Veiligheidsbeleid en defensie (Militairen)", "Trefwoorden": "Gevangeniswezen Militairen Overheidspersoneel Verdachten", "Vindplaats": "Kamervragen met antwoord 2001-2002, nr. 492, Tweede Kamer", "Afkomstig van": "2010204270", "Indiener": "Justitie (JUS)", "Partij vertegenwoordiger": "<persoon partij=\"D66\">Dittrich</persoon>", "Datum_reaktie": "\n", "Datum_indiening": "2002-01-15", "vraag 1": "Bent u bereid de mogelijkheden te onderzoeken om als tijdelijke noodmaatregel daarvoor in aanmerking komende onderdelen van het leger in te zetten ter ondersteuning van het werk van Penitentiair Inrichtingenwerkers teneinde heenzending van verdachten tegen te gaan? Zo neen, waarom niet? ", "vraag 2": "Bent u bereid deze vraag te beantwoorden voor 18 januari a.s.? ", "antwoord 1": "[Het kabinet bereidt thans een plan van aanpak voor met het oog op de problematiek van de drugskoeriers op Schiphol. In dat kader zal nader worden ingegaan op de te treffen maatregelen. Op voorhand willen wij u reeds mede delen dat de inzet van onderdelen van het leger daarbij noch wordt vooropgesteld noch wordt uitgesloten", "antwoord 2": "Ja. ]"}