{"Bibliografische_omschrijving": "Vragen van het lid Duijkers (Partij van de Arbeid) aan de minister van Justitie over de staat van onderhoud van het Huis van Bewaring te Groningen. (Ingezonden 23 oktober 2001); Antwoord", "Bestand": "16Kb", "Permalink": "\nhttp://www.geencommentaar.nl/parlando/index.php?action=doc&filename=KVR14957\n", "Inhoud": "Vragen over oorzaak van de huidige staat van onderhoud van het Huis van Bewaring in Groningen en de gevolgen, zoals uitplaatsing van gedetineerden en ziekteverzuim onder personeel.", "Rubriek": "Criminaliteit en openbare orde (Gevangeniswezen en penitentiair recht)", "Trefwoorden": "Gevangeniswezen", "Vindplaats": "Kamervragen met antwoord 2001-2002, nr. 538, Tweede Kamer", "Afkomstig van": "2010201430", "Indiener": "Justitie (JUS)", "Partij vertegenwoordiger": "<persoon partij=\"Partij van de Arbeid\">Duijkers</persoon>", "Datum_reaktie": "\n", "Datum_indiening": "2002-01-23", "vraag 1": "Is het u bekend dat een groot aantal cellen in het Huis van Bewaring te Groningen in een verwaarloosde en erbarmelijke staat van onderhoud verkeren? ", "vraag 2": "Bent u erover ge\u00c3\u00afnformeerd dat het uitblijven van de beslissing over mogelijke nieuwbouw in de stad Groningen of een van de omliggende gemeenten, de ontwikkeling van de renovatieplannen van deze inrichting tot stilstand heeft gebracht? ", "vraag 3": "Bent u op de hoogte van het gegeven dat ten gevolge van de technische staat van het onderhoud en de verouderde gebouwtechnische beveiliging geregeld onrustveroorzakende en/of vluchtgevaarlijke gedetineerden uitgeplaatst moeten worden? ", "vraag 4": "Hebt u informatie ontvangen over de hoogte van het ziekteverzuim en het aantal vacatures ten gevolge van het uitblijven van de beslissing over nieuwbouw of renovatie? ", "vraag 5": "Is het u bekend dat het aantal klachtzaken van gedetineerden over de bouwtechnische staat van het pand, het uitvallen van programma\u00e2\u20ac\u2122s en het ontbreken van personeel dat hen uitsluit, de afgelopen maanden sterk is toegenomen? ", "vraag 6": "Bent u bereid om v\u00c3\u00b3\u00c3\u00b3r de behandeling van uw begroting de Kamer te informeren over uw besluit over mogelijke nieuwbouw ten behoeve van de Penitentiaire Inrichtingen cluster Noord? ", "vraag 7": "Bent u eveneens bereid om voorafgaand aan de behandeling van uw begroting deze vragen te beantwoorden? Nader Nader antwoord van minister Korthals (Justitie). (Ontvangen 23 januari 2002), zie ook Aanhangsel Handelingen nr. 209, vergaderjaar 2001\u00e2\u20ac\u201c2002 Conform mijn toezegging bij de beantwoording van de vragen van het lid Duijkers (PvdA),, 5 november 2001, nr 209 TK, inzake de staat van onderhoud van het huis van bewaring te Groningen van 23 oktober 2001, nr 2010201430, doe ik u ter informatie toekomen de brief aan de algemeen directeur van de penitentiaire inrichting Noord inzake het besluit tot het bewerkstelligen van vervangende nieuwbouw ter grootte van 192 plaatsen ten westen van de stad Groningen ter vervanging van de bestaande huizen van bewaring Groningen en De Blokhuispoort in Leeuwarden. In deze brief wordt uitvoerig ingegaan op de overwegingen die aan het besluit ten grondslag liggen en de door de betrokken ondernemingsraden aangevoerde bezwaren en voorstellen. In de brief wordt geen exacte datum genoemd voor sluiting van de bestaande huizen van bewaring. Enerzijds omdat daadwerkelijke sluiting pas plaatsvindt nadat de vervangende nieuwbouw in of nabij Groningen is gerealiseerd. Dit zal op zijn vroegst pas in de loop van 2005 het geval kunnen zijn. Anderzijds omdat het exacte tijdstip van sluiting nog aan wijziging onderhevig kan zijn indien nieuwe prognoses een verdere uitbreiding van de landelijke capaciteit noodzakelijk maken. Het is denkbaar dat de (volledige) sluiting van het huis van bewaring De Blokhuispoort in dat geval pas plaatsvindt als ook elders extra capaciteit is gerealiseerd. De belangrijkste overwegingen om tot vervangende nieuwbouw te besluiten zijn: \u00e2\u20ac\u00a2 De bouwkundige situatie in het huis van bewaring Groningen is zodanig dat nieuwbouw ten volle ge\u00c3\u00afndiceerd is; \u00e2\u20ac\u00a2 Het monumentale karakter van huis van bewaring De Blokhuispoort maakt het onmogelijk om de noodzakelijke aanpassingen door te voeren om aan de huidige richtlijnen voor huisvesting van gedetineerden te voldoen; \u00e2\u20ac\u00a2 Met de wens om de landelijke spreiding van capaciteit zoveel als mogelijk in overeenstemming te brengen met de regionale behoefte vloeit het voornemen voort om naast vervangende nieuwbouw in het noorden een deel van de vervangende capaciteit elders, met name in de Randstad, te realiseren; \u00e2\u20ac\u00a2 Zowel de verplichting om in ieder arrondissement in of nabij de vestigingsplaats van de rechtbank over een huis van bewaring te beschikken, als de afweging van de personele belangen binnen de penitentiaire inrichting Noord in zijn totaliteit, wijzen in de richting van vervangende nieuwbouw in of nabij Groningen en niet in Leeuwarden. Op 17 januari jl. zijn door de leden Duijkers en Van Oven (beiden PvdA) schriftelijke vragen gesteld over de voorgenomen sluiting van De Blokhuispoort, op 18 januari jl. gevolgd door aanvullende vragen van het lid Rietkerk (CDA). Vanwege de samenhang met het voorafgaande, doe ik u hierbij tevens de antwoorden ", "antwoord 1": "[]"}