{"Bibliografische_omschrijving": "Vragen van de leden Oedayraj Singh Varma en Sipkes (beiden GroenLinks) over problemen rondom de organisaties van de Vierde Wereld Conferentie van Vrouwen(Ingezonden 30 mei 1995); Antwoord", "Bestand": "16Kb", "Permalink": "\nhttp://www.geencommentaar.nl/parlando/index.php?action=doc&filename=KVR1561\n", "Inhoud": "Welzijn (Vrouwen)", "Rubriek": "Vrouwen", "Trefwoorden": "Kamervragen met antwoord 1994-1995, nr. 914, Tweede Kamer", "Vindplaats": "Sociale Zaken en Werkgelegenheid", "Afkomstig van": "<persoon partij=\"GroenLinks\">Oedayraj Singh Varma</persoon>", "Indiener": "\n", "Partij vertegenwoordiger": "<persoon partij=\"GroenLinks\">Sipkes</persoon>", "Datum_reaktie": "\n", "Datum_indiening": "1995-06-14", "vraag 1": "Kent u de problemen rondom de organisatie van de Vierde Wereld Conferentie van Vrouwen, die in september a.s. in Beijing gehouden zal worden? ", "vraag 2": "Deelt u de mening, dat de zogenaamde schaduwconferentie van niet-gouvernementele organisaties (de NGO\u00e2\u20ac\u2122s) niet in Huairou, maar eveneens in Beijing gehouden moet worden zodat deelneemsters over en weer ervaringen kunnen uitwisselen? ", "vraag 3": "Zijn de Chinese autoriteiten voornemens lesbische vrouwen en bepaalde aktiegroepen de toegang tot China te weigeren? ", "vraag 4": "Bent u bereid alles in het werk te stellen om de Chinese autoriteiten te bewegen de genoemde problemen op te lossen? ", "antwoord 1": "[Ja. Wij verwijzen naar de brief aan de Tweede kamer d.d. 16 mei jl. \n, Nederland heeft in het voorbereidingstraject voor de Wereldvrouwenconferentie steeds benadrukt dat wisselwerking tussen NGOs en regeringsdelegaties in belangrijke mate bijdraagt aan de betekenis en uitkomsten van de Conferentie. Daarom heeft zij ook steeds de wenselijkheid van fysieke nabijheid en goede verbindingen tussen beide benadrukt. Deze voorwaarde is vastgelegd in resolutie 36/8, deel C, die in maart 1992 door de UN Commission on the Status of Women is aanvaard", "antwoord 2": "De regering beschikt niet over concrete aanwijzingen dat de Chinese autoriteiten bepaalde categoriee\u00c2\u00a8n deelnemers de toegang zou willen weigeren. Wel hebben de Chinese autoriteiten desgevraagd aan het EU-voorzitterschap te kennen gegeven dat speciale maatregelen worden genomen om de toegang van seropositieven tot de Conferentie te garanderen, maar dat het aan de Chinese regering blijft om zelf te beslissen over het distribueren van formulieren die ingevuld moeten worden bij het binnentreden van haar grondgebied. Welke de sancties zijn bij weigering deze formulieren in te vullen dan wel indien een onwelgevallig antwoord is gegeven, is niet bekend", "antwoord 3": "De regering volgt de ontwikkelingen rondom de organisatie van de Conferentie en het NGO Forum nauwlettend en draagt bij aan de formulering van een gezamenlijk optreden in het verband van de Europese Unie om de genoemde moeilijkheden op te lossen. De bepaling van de plaats van het NGO Forum is overigens geen zaak van regeringen, maar onderwerp van een overeenkomst tussen het NGO Facilitating Committee en de Chinese autoriteiten. Niettemin heeft de EU op 23 mei jl. bij de Secretaris-Generaal van de Verenigde Naties blijk gegeven van haar grote bezorgdheid over de verplaatsing van de locatie van het NGO Forum en er tevens bij hem op aangedrongen om een bemiddelende rol in deze kwestie op zich te nemen. Inmiddels heeft de SGVN besloten om Onder-Secretaris-Generaal Kittani met dit doel naar Beijing af te vaardigen. Diens missie heeft plaats gevonden van 6 t/m 8 juni. Hoewel er tot op heden nog geen formeel bericht uit New York ontvangen is betreffende de bevindingen van dhr. Kittani, werd op 8 juni wel een persbericht uitgegeven door de Uitvoerend Directeur van het NGO Forum on Women te New York, waaruit de concluderen valt, dat de Huairou-locatie geaccepteerd zal worden, omdat de Chinese autoriteiten op een aantal punten tegemoet zouden zijn gekomen aan de NGO-wensen. Een beoordeling hiervan door de regering, mede afgestemd in EU-verband, zal plaatsvinden aan de hand van de overwegingen en criteria zoals uiteengezet in de brief aan de Tweede Kamer d.d. 16 mei jl., waarin uiteraard ook het eindoordeel van het NGO Facilitating Committee in New York zal worden betrokken. ]"}