{"Bibliografische_omschrijving": "Vragen van het lid Rietkerk (CDA) aan de minister van Binnenlandse Zaken en Koninkrijksrelaties over de onderbezetting van politie bij nacht. (Ingezonden 4 juni 2002); Mededeling", "Bestand": "13Kb", "Permalink": "\nhttp://www.geencommentaar.nl/parlando/index.php?action=doc&filename=KVR15893\n", "Inhoud": "Aanvullende vragen op eerder gestelde vragen door de leden Teeven (ingezonden 31 mei 2002) en De Wit (ingezonden 3 juni 2002), over de lage bezetting van de politie 's nachts.", "Rubriek": "Criminaliteit en openbare orde (Politie) Criminaliteit en openbare orde (Veiligheid)", "Trefwoorden": "Openbare orde en veiligheid Politie", "Vindplaats": "Kamervragen met antwoord 2001-2002, nr. 1345, Tweede Kamer", "Afkomstig van": "2010210990", "Indiener": "Binnenlandse Zaken en Koninkrijksrelaties (BZK)", "Partij vertegenwoordiger": "<persoon partij=\"CDA\">Rietkerk</persoon>", "Datum_reaktie": "\n", "Datum_indiening": "2002-06-28", "vraag 1": "Deelt u de zorgen die op het driejaarlijkse congres van de Nederlandse Politiebond (NPB) zijn geventileerd over de onderbezetting van de politie in de nacht? ", "vraag 2": "Werken de verschillen in de regio\u00e2\u20ac\u2122s door in de criminaliteitscijfers? ", "antwoord 1": "[]"}