{"Bibliografische_omschrijving": "Vragen van de leden Blaauw en De Vries (beiden VVD) aan de minister van Verkeer en Waterstaat en de staatssecretaris van Financi\u00c3\u00abn over het ondernemingsklimaat en de Nederlandse scheepvaart. (Ingezonden 22 maart 2002); Antwoord", "Bestand": "16Kb", "Permalink": "\nhttp://www.geencommentaar.nl/parlando/index.php?action=doc&filename=KVR15884\n", "Inhoud": "Vragen over fiscale stimulansen voor commanditaire vennootschappen.", "Rubriek": "Belastingen (Algemeen) Verkeer, vervoer en waterstaat (Schepen) Verkeer, vervoer en waterstaat (Zeescheepvaart)", "Trefwoorden": "Belastingen Zeescheepvaart", "Vindplaats": "Kamervragen met antwoord 2001-2002, nr. 1338, Tweede Kamer", "Afkomstig van": "2010208260", "Indiener": "Verkeer en Waterstaat (VW)", "Partij vertegenwoordiger": "<persoon partij=\"VVD\">Blaauw</persoon>", "Datum_reaktie": "\n", "Datum_indiening": "<persoon partij=\"VVD\">De Vries</persoon>", "vraag 1": "Vormt het fiscale regiem nog steeds \u00c3\u00a9\u00c3\u00a9n van de pijlers van het ondernemingsklimaat voor de Nederlandse zeescheepvaart? ", "vraag 2": "Zo ja, bent u bereid, teneinde te voorkomen dat de ontwikkeling van de Nederlandse zeescheepvaart achter gaat lopen in de EU, binnen het kader van de Europese richtsnoeren dit beleid aan te passen aan voortschrijdende ontwikkelingen? ", "vraag 3": "Bent u bekend met het feit dat de Duitse Bondsrepubliek startende ondernemers de keuzemogelijkheid biedt om belasting naar tonnage gedurende een bepaalde periode uit te stellen en in die periode de aanloopverliezen in het reguliere systeem te compenseren? ", "vraag 4": "Bent u bereid de aan de Tweede Kamer en de sector gedane toezeggingen voor adequate maatregelen ter vervanging van de fiscale stimulansen van de Commanditaire Vennootschap te honoreren, bijvoorbeeld in de lijn van het Duitse systeem, dat goedgekeurd is door Brussel, en dat ook door Denemarken is gedeponeerd? ", "antwoord 1": "[Het huidige fiscale pakket draagt bij tot een concurrerende internationale positie voor de Nederlandse zeescheepvaart. De afgelopen maanden zijn de fiscale maatregelen ge\u00c3\u00abvalueerd. Het is aan het volgende kabinet om de evaluatie af te ronden en tot een oordeel te komen of intensivering van middelen ten behoeve van het scheepvaartbeleid noodzakelijk is. Daarna zal de evaluatienota conform de afspraken aan de Tweede Kamer worden aangeboden", "antwoord 2": "Ja", "antwoord 3": "Ter compensatie van het vervallen van de CV-regeling in de scheepvaart heeft het kabinet in de uitgavensfeer voor de periode 2002\u00e2\u20ac\u201c2007 in het totaal 93 mln. beschikbaar gesteld. Deze financi\u00c3\u00able middelen worden ingezet voor de scheepsbouw. Op dit moment werkt het kabinet aan een regeling waarmee de scheepsbouw in Nederland ondersteund zal worden. Het ministerie van Economische Zaken is hiervoor verantwoordelijk. Besluitvorming over eventuele verdere intensiveringen op basis van de af te ronden evaluatienota is, zoals gezegd, voor het volgende kabinet. ]"}