{"Bibliografische_omschrijving": "Vragen van de leden Vreeman (PvdA) en Schimmel(D66) over een dodelijk ongeval met drie werknemers van de NS in Mook (Ingezonden 1 juni 1994); Antwoord", "Bestand": "17Kb", "Permalink": "\nhttp://www.geencommentaar.nl/parlando/index.php?action=doc&filename=KVR1581\n", "Inhoud": "Verkeer, vervoer en waterstaat (Spoorwegen)", "Rubriek": "Ongevallen Spoorwegen", "Trefwoorden": "Kamervragen met antwoord 1994-1995, nr. 934, Tweede Kamer", "Vindplaats": "Verkeer en Waterstaat", "Afkomstig van": "<persoon partij=\"PvdA\">Vreeman</persoon>", "Indiener": "\n", "Partij vertegenwoordiger": "<persoon partij=\"D66\">Schimmel</persoon>", "Datum_reaktie": "\n", "Datum_indiening": "1995-06-19", "vraag 1": "Bent u op de hoogte van het tragische feit, dat op 31 mei in Mook drie werknemers van de NS om het leven zijn gekomen tijdens het uitoefenen van hun functie? ", "vraag 2": "In hoeverre voldoet de huidige regelgeving bij de NS aan de aanwijzing van de Arbeidsinspectie uit 1991? In hoeverre voldoet de conceptregelgeving van Railned daaraan? ", "vraag 3": "Is er een goede risico-analyse betreffende dodelijke ongevallen bij het werken op de rails? Zo neen, wat wilt u doen om risico-analyse te bevorderen? Welke maatregelen gaat u nemen om dergelijke ongevallen te voorkomen? ", "vraag 4": "Is het aantal dodelijke ongevallen met baanwerkers sinds de privatisering van de NS (relatief) toegenomen? Bestaat er verband tussen deze privatisering en de afname van de veiligheid van de werknemers? ", "vraag 5": "Welke garanties kunt u geven voor de veiligheid van werknemers, ook bij uitbesteding van aanleg en onderhoud van de baanvakken/rails, nu en in de toekomst? ", "antwoord 1": "[Ja. Hierover heb ik de Tweede Kamer op 1 juni 1995 al een brief geschreven (23 900 XII, nr. 31). Daarnaast heeft de Spoorwegongevallenraad mij meegedeeld dat zij een onderzoek zal uitvoeren naar de toedracht van het ongeval", "antwoord 2": "Nieuwe regelgeving met betrekking tot het werken in of nabij de spoorbaan is sinds de aanwijzing van de Arbeidsinspectie uit 1991 nog niet ingevoerd. De aanwijzing van de Arbeidsinspectie heeft geresulteerd in een beleidsverklaring van de NS Hoofddirektie (november 1993), waarin het NS-beleid geformuleerd is om te komen tot verbetering van de arbeidsveiligheid bij het werken aan de baan. Op grond hiervan heeft de Arbeidsinspectie op 30 december 1993 de aanwijzing ingetrokken. Een onderdeel van de beleidsverklaring van NS betrof de modernisering van de regelgeving voor werkzaamheden aan de infrastruktuur. De vigerende basisregelgeving op dit terrein wordt gevormd door het RUW (Reglement voor de Uitvoering van Werkzaamheden). Dit reglement is op grond van artikel 6 van de Spoorwegwet onderhevig aan mijn goedkeuring. Door Railned is op 22 mei 1995 een eerste concept voor een nieuw \u00c2\u00abRUW\u00c2\u00bb ter beoordeling aan mijn afdeling Spoorwegtoezicht, alsmede aan de Inspectiedienst SZW van het Ministerie van Sociale Zaken en Werkgelegenheid toegestuurd. Een gedegen inhoudelijke beoordeling hiervan heeft in de gegeven korte tijd nog niet kunnen plaatsvinden. De toetsing van de nieuwe regelgeving op het aspect betere veiligheid voor de baanwerker vindt plaats in samenwerking met de Inspectiedienst SZW van het Ministerie van Sociale Zaken en Werkgelegenheid", "antwoord 3": "Er is tot op heden in feite geen risico-analyse betreffende dodelijke ongevallen bij het werken aan de baan. Bij verschillende andere aspecten van de spoorwegveiligheid wordt wel gewerkt met risico-analyse. Ik heb van NS vernomen dat risico-analyse ook met betrekking tot de veiligheid van baanwerkers binnen afzienbare termijn ingevoerd wordt. Mede bepalend hierbij is de verplichting voor de werkgever op grond van artikel 4 van de Arbeidsomstandighedenwet om een risico-inventarisatie en -evaluatie op te stellen. Op basis van deze risico-analyse dient de werkgever een plan van aanpak op te stellen, waarin onder meer de veiligheidsprocedures zijn beschreven. Het beperken van de kans op ongevallen waarbij baanwerkers betrokken zijn is mogelijk door het principe van de scheiding van werk aan de baan en regulier treinverkeer stringenter door te voeren. Met name zal ik bij de goedkeuring van de nieuwe regelgeving van NS op dit aspect letten. Zoals ik in mijn brief van 1 juni aan de Tweede Kamer over het ongeval bij Mook reeds aankondigde zal ik met mijn collega van Sociale Zaken en Werkgelegenheid overleg voeren over aanpak van de problematiek van de veiligheid van de baanwerkers", "antwoord 4": "Bij het aantal dodelijke ongevallen met baanwerkers is geen toenemende tendens waarneembaar. Hoewel 1995 er ongunstig uitspringt moet bedacht worden dat de absolute getallen waarover hier op jaarbasis gesproken wordt te klein zijn om van een duidelijke trendmatige ontwikkeling te spreken. Het aantal doden op jaarbasis vanaf 1983 bedraagt: 1983: , 1984: , 1985: , 1986: , 1987: , 1988: , 1989: , 1990: , 1991: , 1992: , 1993: , 1994: , 1995: 4 (t/m mei). Ik kan geen verband vaststellen tussen de verzelfstandiging en een afname van de veiligheid van de werknemers", "antwoord 5": "Op grond van artikel 78 van het Reglement Dienst Hoofd- en Lokaalspoorwegen en artikel 30 van het RUW gelden thans voor werknemers van aannemers die baanwerk mogen uitvoeren in feite dezelfde veiligheidseisen als voor NS-personeel. Ik zal er op toezien dat in de nieuwe regelgeving ook voor de veiligheid van werknemers van derden minstens zo veel garanties voor hun veiligheid zijn ingebouwd als voor NS-personeel. Hierbij zal tevens rekening gehouden worden met de verplichtingen van het Bouwprocesbesluit, 12 augustus 1994 (een uitvoeringsbesluit van de Arbeidsomstandighedenwet). Kernelementen uit dit besluit zijn de coo\u00c2\u00a8rdinatie en samenwerking van diverse werkgevers (bedrijven) op e\u00c2\u00b4e\u00c2\u00b4n werklocatie, alsmede het ontwikkelen van een veiligheids- en gezondheidsplan per project. ]"}