{"Bibliografische_omschrijving": "Vragen van de leden Crone en Dijksma (beiden PvdA) over het Milieukeur. (Ingezonden 24 mei 1995); Antwoord", "Bestand": "16Kb", "Permalink": "\nhttp://www.geencommentaar.nl/parlando/index.php?action=doc&filename=KVR1595\n", "Inhoud": "Milieu (Milieukeur)", "Rubriek": "Milieukeur", "Trefwoorden": "Kamervragen met antwoord 1994-1995, nr. 947, Tweede Kamer", "Vindplaats": "Volkshuisvesting, Ruimtelijke Ordening en Milieubeheer", "Afkomstig van": "<persoon partij=\"PvdA\">Crone</persoon>", "Indiener": "\n", "Partij vertegenwoordiger": "<persoon partij=\"PvdA\">Dijksma</persoon>", "Datum_reaktie": "\n", "Datum_indiening": "1995-06-22", "vraag 1": "Volgen niet alle afvalverwerkers/gemeenten het VROM-beleid waarbij kattebakvulling me`t Milieukeur bij het GFT-afval wordt toegestaan? ", "vraag 2": "Wordt daarmee de publiciteitscampagne rond het Milieukeur doorkruist en de geloofwaardigheid van het Milieukeur bedreigd? ", "vraag 3": "Welke stappen bent u bereid op dit punt te ondernemen richting gemeenten/afvalverwerkers teneinde de potentie\u00c2\u00a8le milieuwinst van de kattebakvulling me`t Milieukeur veilig te stellen? ", "vraag 4": "Welke marktconforme of andere beleidsinstrumenten bent u bereid te overwegen teneinde de vraag naar produkt me`t het Milieukeur te stimuleren, bijvoorbeeld de heffing op produkten zonder Milieukeur, of een lager BTW-tarief op produkten me`t een Milieukeur? ", "antwoord 1": "[Ja. In het GFT-besluit is aan gemeenten de plicht opgelegd om GFT als aparte afvalstroom in te zamelen. In dit besluit zijn aanwijzingen opgenomen over wat wel of niet kan bij het GFT-afval kan. Deze aanwijzingen zijn een leidraad voor de gemeenten. In het GFT-besluit wordt kattebakvulling vooralsnog uitgezonderd van het GFT-afval, omdat verreweg de meeste kattebakvulling bestaat uit niet-composteerbaar dan wel mogelijk verontreinigd materiaal. Tegen kattebakvulling met milieukeur bestaat in beginsel geen bezwaar, omdat een milieukeur wordt verstrekt aan kattebakvulling die composteerbaar en niet verontreinigd is. Er zijn gemeenten die geen kattebakvulling met milieukeur bij het GFT willen, omdat hiervoor bij sommige afvalverwerkers geen draagvlak voor is. De afvalverwerkers zijn bang dat door de kattebakvulling in het GFT de kwaliteit van het compost zal verminderen. Daarvoor worden twee argumenten gehanteerd: \u00e2\u20ac\u201c consumenten zouden ook kattebakvulling zonder milieukeur bij het GFT gooien, waardoor er niet meer aan het BOOM-besluit zou kunnen worden voldaan en/of de markt de compost niet meer wil, omdat er zichtbare lichte korrels (veroorzaakt door kattebakvulling van kleimineralen) in de compost zitten. In het verleden zijn er producenten geweest die op de verpakking van hun kattebakvulling zonder milieukeur hebben gezet dat de kattebakvulling composteerbaar is; \u00e2\u20ac\u201c de afzetmarkt stelt eisen aan het zout/chloor/ammoniak-gehalte van de compost. Door de fecalie\u00c2\u00a8n en dierpathogenen in de kattebakvulling zou wel eens niet aan die eisen voldaan kunnen worden. Gesteld kan worden dat er bij sommige afvalverwerkers geen draagvlak en een negatief acceptatiebeleid is voor kattebakvulling met milieukeur bij het GFT. Een en ander werkt door in het GFT-inzamelbeleid van gemeenten. De beide door de afvalverwerkers gehanteerde argumenten zullen worden onderzocht", "antwoord 2": "Indien deze situatie zou blijven voortbestaan wordt de geloofwaardigheid van het Milieukeur op kattebakvulling inderdaad bedreigd. Dit kan een ongewenst effect hebben op de acceptatie van het milieukeur in het algemeen", "antwoord 3": "Door mij zijn verschillende brieven gestuurd naar gemeenten, afvalverwerkers en producenten over dit onderwerp. In die brieven is medegedeeld dat het ministerie van VROM van mening is dat kattebakvulling met milieukeur bij het GFT-afval mag. Tevens is er een overleg geweest tussen Stichting Milieukeur, VROM, de VNG en de afvalverwerkers over deze problematiek. In het overleg is afgesproken dat de door de afvalverwerkers gehanteerde argumenten zullen worden onderzocht (zie tevens antwoord 1). Binnenkort zal ik overleg starten tussen de afvalverwerkers, gemeenten en producenten van kattebakvulling om de mogelijkheden te bekijken om de totale milieuproblematiek van kattebakvulling (kattebakvulling bedraagt gemiddeld ongeveer 5% van het huishoudelijk afval, in sommige steden zelfs 8%) op te lossen. Hierbij zal ook het negatieve acceptatiebeleid van de afvalverwerkers aan de orde komen", "antwoord 4": "Teneinde de vraag naar produkten met milieukeur te stimuleren is toepassing van verlaagd BTW-tarief e\u00c2\u00b4e\u00c2\u00b4n van de mogelijke instrumenten. Om het verlaagd BTW-tarief in Nederland te kunnen hanteren voor produkten met milieukeur is wijziging van de zogenaamde facultatieve EG-lijst noodzakelijk. Dit is de lijst van de leveringen van goederen en diensten waarop het verlaagde BTW-tarief mag worden toegepast. (Publikatieblad van de Europese Gemeenschappen, nr. L316/40). Binnenkort zal de staatssecretaris van Financie\u00c2\u00a8n aan de Tweede Kamer een notitie zenden waarin wordt ingegaan op de mogelijkheden tot toepassing van het verlaagde btw-tarief op milieuvriendelijke en energiebesparende goederen en diensten en op arbeidsintensieve diensten. In deze notitie zal ondermeer worden ingegaan op de mogelijkheid van een verlaagd BTW-tarief op de produkten met een milieukeur. ]"}