{"Bibliografische_omschrijving": "Vragen van de leden Bakker en Dittrich (beiden D66) aan de ministers van Sociale Zaken en Werkgelegenheid en van Justitie over de ontslagbescherming van leden van Ondernemingsraden of andere personeelsvertegenwoordigers. (Ingezonden 20 november 2001); Antwoord", "Bestand": "13Kb", "Permalink": "\nhttp://www.geencommentaar.nl/parlando/index.php?action=doc&filename=KVR14801\n", "Inhoud": "Inkomen en rechtspositie (Medezeggenschap) Inkomen en rechtspositie (Ontslagen)", "Rubriek": "Ondernemingsraden Ontslagen", "Trefwoorden": "Kamervragen met antwoord 2001-2002, nr. 417, Tweede Kamer", "Vindplaats": "2010202480", "Afkomstig van": "Sociale Zaken en Werkgelegenheid (SZW)", "Indiener": "<persoon partij=\"D66\">Bakker</persoon>", "Partij vertegenwoordiger": "\n", "Datum_reaktie": "<persoon partij=\"D66\">Dittrich</persoon>", "Datum_indiening": "\n", "vraag 1": "Is het u bekend dat leden van Ondernemingsraden weliswaar ontslagbescherming genieten maar dat zij in de knel kunnen komen vanwege de advocatenkosten? ", "vraag 2": "Hoe oordeelt u over de situatie dat een lid van de Ondernemingsraad (OR) wel via de rechter zijn/haar baan kan behouden maar geconfronteerd kan worden met een fors bedrag aan advocatenkosten? ", "vraag 3": "Bent u bereid een voorziening te treffen zodat financi\u00c3\u00able overwegingen geen obstakel kunnen zijn om de wettelijke bescherming van het OR-lidmaatschap in te roepen? ", "vraag 4": "Hoe oordeelt u over de mogelijkheid om werkgevers verplicht een rechtsbijstandsverzekering te laten afsluiten voor leden van de OR? ", "antwoord 1": "[Voor zover de draagkracht in inkomen en vermogen binnen de wettelijke grenzen valt, kan de burger een beroep doen op de Wet op de rechtsbijstand. Burgers die, gezien hun financi\u00c3\u00able draagkracht, geen beroep op de Wet op de rechtsbijstand kunnen doen worden geacht de kosten van rechtsbijstand zelf te dragen, dan wel daarvoor een voorziening te treffen. Hierbij kan in dit verband gedacht worden aan een rechtsbijstandverzekering of het lidmaatschap van een vakbond. Indien de procedure wordt gewonnen zal de wederpartij doorgaans op de voet van de artikelen 56 e.v. Wetboek van Burgerlijke Rechtsvordering in de kosten worden veroordeeld. Hiermee komt een aanmerkelijk deel van de kosten voor rekening van de verliezende partij. Ook andere burgers, waaronder bijvoorbeeld burgers die een beroep doen op de reguliere ontslagbescherming van het Burgerlijk Wetboek kunnen voor kosten van rechtsbijstand komen te staan. Wij zien geen reden hierover in ontslagprocedures van leden van een ondernemingsraad anders te oordelen dan ten aanzien van andere burgers", "antwoord 2": "Wij zijn van mening dat naast de mogelijkheden van gesubsidieerde rechtsbijstand en een veroordeling van de in het ongelijk gestelde partij in de kosten op grond van artikel 56 e.v. een specifieke voorziening niet nodig is. Is de werknemer/ondernemingsraadlid lid van een vakbond, dan kan hij ook een beroep doen op de juridische bijstand van zijn vakbond", "antwoord 3": "Een wettelijke verplichting voor werkgevers om een rechtsbijstandverzekering af te sluiten voor werknemers/leden van de ondernemingsraad gaat naar onze mening te ver. Het is de verantwoordelijkheid van sociale partners om terzake tot afspraken te komen (bijvoorbeeld in CAO\u00e2\u20ac\u2122s). ]"}