{"Bibliografische_omschrijving": "Vragen van het lid Kant (SP) aan de staatssecretaris van Volksgezondheid, Welzijn en Sport over het aantal daklozen. (Ingezonden 5 juli 1999); Antwoord", "Bestand": "16Kb", "Permalink": "\nhttp://www.geencommentaar.nl/parlando/index.php?action=doc&filename=KVR10061\n", "Inhoud": "Vragen over de stijging van het aantal daklozen met 20%, waaronder ook een toename van het aantal dakloze vrouwen met kinderen en gezinnen.", "Rubriek": "Welzijn (Overig)", "Trefwoorden": "Kansarmen", "Vindplaats": "Kamervragen met antwoord 1998-1999, nr. 1896, Tweede Kamer", "Afkomstig van": "2989915500", "Indiener": "Volksgezondheid, Welzijn en Sport (VWS)", "Partij vertegenwoordiger": "<persoon partij=\"SP\">Kant</persoon>", "Datum_reaktie": "\n", "Datum_indiening": "1999-08-23", "vraag 1": "Hebt u kennisgenomen van de verontrustende cijfers over de stijging van het aantal daklozen met 20%, waaronder ook een toename van het aantal dakloze vrouwen met kinderen en gezinnen? 1, 2 ", "vraag 2": "Wat is uw reactie hierop en op het feit dat met name ook kinderen en vrouwen en hele gezinnen op straat komen te staan? ", "vraag 3": "Wat zijn volgens u de oorzaken van deze toename? ", "vraag 4": "Geeft de toename in uw ogen aan dat het beleid er onvoldoende in slaagt om dakloosheid te voorkomen? ", "vraag 5": "Is deze verontrustende toename reden voor nader onderzoek naar de oorzaken, zulks om beter beleid te kunnen voeren om dakloosheid te voorkomen? ", "vraag 6": "Is de toename reden voor aanpassing van uw beleid als het gaat om preventie, maar ook wat betreft de capaciteit voor opvang en crisisopvang? ", "vraag 7": "Erkent u dat het budget voor de opvang van dak- en thuislozen niet toereikend is, zeker nu blijkt dat de omvang van het aantal mensen dat opgevangen moet worden fors verhoogd is? Zo ja, bent u bereid dit budget te verhogen? ", "antwoord 1": "[Ja, hiervan heb ik kennisgenomen. In dit geval gaat het om cijfers van het Leger des Heils. Andere instellingen werken met een ander registratiesysteem. De gegevens uit deze systemen zijn helaas momenteel niet goed te vergelijken, waardoor het moeilijk is landelijk conclusies te trekken", "antwoord 2": "Dit is een slechte ontwikkeling", "antwoord 3": "De oorzaken en omvang van een toename zijn op landelijk niveau moeilijk eenduidig aan te geven wegens gebrek aan actuele en volledig betrouwbare gegevens. Daarom is momenteel de monitor maatschappelijke opvang in voorbereiding. Het is de bedoeling dat deze monitor kerngegevens zal bevatten, onder meer over het aantal personen dat wordt opgevangen en hun problematiek. Het onderzoek Verkommerden en Verloederden zal in de toekomst inzicht geven in de doelgroep die geen gebruik kan of wil maken van de opvangvoorzieningen. Zowel de monitor als het onderzoek Verkommerden en Verloederden zullen een beter beeld geven van de oorzaken van toename van dak- en thuisloosheid", "antwoord 4": "De maatschappelijke opvang is een complex beleidsterrein. Dit vraagt de inzet van verschillende sectoren en een integraal beleid dat bestaat uit preventie, asiel, handhaving en herstel. De centrumgemeenten hebben wat dit aangaat een regierol, waarmee zij in mijn ogen hard aan de slag zijn. Dit wordt door mij op verschillende manieren gestimuleerd, bijvoorbeeld met het project regionale beleidsplannen. Hierbij is het voork\u00c3\u00b3men van dak- en thuisloosheid een belangrijk onderwerp", "antwoord 5": "Op termijn zal de monitor maatschappelijke opvang (zie onder 3 + 5) meer duidelijkheid geven over de oorzaken en omvang van de toename. Ik zal mijn beleid, indien nodig en mogelijk, op die oorzaken afstemmen. Vanwege hun regierol hebben echter vooral centrumgemeenten hierin een taak. Ik verwacht dat ook zij hun beleid zullen aanpassen als de monitor gegevens oplevert die nopen tot beleidswijziging. Ik zie vooralsnog geen reden om het huidige beleid aan te passen", "antwoord 6": "De afgelopen jaren is extra ge\u00c3\u00afnvesteerd om de tekorten op te vangen. Zie hierover ook mijn brief aan de Tweede Kamer van 4 december 1998, 25 682, nr. 5. Een effectieve aanpak is niet alleen een kwestie van uitbreiding van capaciteit ofwel meer geld van het ministerie van VWS. Ik denk dat bijvoorbeeld het verbeteren van afstemming en samenwerking tussen verschillende instanties ook een belangrijk aandachtspunt is. Voor de vaststelling van het budget voor de maatschappelijke opvang verwijs ik voorts naar de jaarlijkse behandeling van de begroting van VWS. ]"}