{"Bibliografische_omschrijving": "Vragen van het lid Sipkes (GroenLinks) over uitzetting van Ethiopi\u00c3\u00abrs. (Ingezonden 30 mei 1995); Antwoord", "Bestand": "13Kb", "Permalink": "\nhttp://www.geencommentaar.nl/parlando/index.php?action=doc&filename=KVR1591\n", "Inhoud": "Welzijn (Vreemdelingen en asielzoekers)", "Rubriek": "Vluchtelingen", "Trefwoorden": "Kamervragen met antwoord 1994-1995, nr. 943, Tweede Kamer", "Vindplaats": "Buitenlandse Zaken", "Afkomstig van": "<persoon partij=\"GroenLinks\">Sipkes</persoon>", "Indiener": "\n", "Partij vertegenwoordiger": "1995-06-22", "Datum_reaktie": "1995-05-30", "Datum_indiening": "KVR1591", "vraag 1": "Is onder Ethiopische asielzoekers grote onrust ontstaan na de uitspraken in kort geding van rechters in Zwolle, Haarlem en Den Haag op 10 maart jl.? ", "vraag 2": "Kent u het daarna verschenen Ethiopie\u00c2\u00a8rapport van Amnesty International van 4 april jl., waaruit blijkt dat er nog steeds op grote schaal sprake is van politieke gevangenen, verdwijningen en martelingen? ", "vraag 3": "Hoe verhoudt dit rapport zich tot de ambtsberichten waar de rechterlijke uitspraken op gebaseerd zijn? ", "vraag 4": "Bent u bereid de daadwerkelijke uitzetting van Ethiopie\u00c2\u00a8rs op te schorten, totdat blijkt dat dergelijke ernstige schendingen van mensenrechten in Ethiopie\u00c2\u00a8 niet of nauwelijks meer voorkomen? ", "antwoord 1": "[Ja", "antwoord 2": "Ja", "antwoord 3": "De ambtsberichten beschrijven die aspecten van het land van herkomst die van belang zijn voor de beoordeling van asielverzoeken van personen uit dat land. Ambtsberichten beogen niet een volledig beeld van de politieke en mensenrechtensituatie te geven. Ambtsberichten stoelen op gegevens uit openbare en niet-openbare bronnen. Ook publicaties van A.I. en andere instellingen worden in het eindoordeel zorgvuldig meegewogen. Voorzover nodig vindt aanpassing van ambtsberichten aan nieuwe informatie plaats", "antwoord 4": "Neen, naar mijn mening is onder de huidige omstandigheden in Ethiopie\u00c2\u00a8 de verwijdering van afgewezen asielzoekers naar dat land verantwoord. Vanzelfsprekend wordt een asielzoeker niet verwijderd indien er gevaar bestaat dat deze bij terugkeer onderworpen zal worden aan foltering of een onmenselijke of vernederende behandeling of bestraffing. De President van de Rechtbank Den Haag heeft deze inschatting van de situatie in Ethiopie\u00c2\u00a8 bevestigd in zijn uitspraken van 10 maart 1995. ]"}