{"Bibliografische_omschrijving": "Vragen van de leden Hoekema (D66) en Van Oven (PvdA) aan de ministers van Buitenlandse Zaken en van Justitie over Esteban Murillo Zubiri. (Ingezonden 23 oktober 2001); Antwoord", "Bestand": "13Kb", "Permalink": "\nhttp://www.geencommentaar.nl/parlando/index.php?action=doc&filename=KVR14607\n", "Inhoud": "Vragen over de vervolging in Spanje van de eerder door Nederland uitgeleverde Baskische voormalige vakbondsleider Esteban Murillo Zubiri.", "Rubriek": "Staats- en bestuursrecht (Grondrechten) Strafrecht en strafprocesrecht (Opsporingsonderzoek)", "Trefwoorden": "Mensenrechten Spanje Uitleveringen", "Vindplaats": "Kamervragen met antwoord 2001-2002, nr. 260, Tweede Kamer", "Afkomstig van": "2010201450", "Indiener": "Justitie (JUS)", "Partij vertegenwoordiger": "<persoon partij=\"D66\">Hoekema</persoon>", "Datum_reaktie": "\n", "Datum_indiening": "<persoon partij=\"PvdA\">Van Oven</persoon>", "vraag 1": "Wat is uw oordeel over het feit dat de Spaanse autoriteiten de door Nederland uitgeleverde voormalige vakbondsleider Esteban Murillo Zubiri willen vervolgen voor andere feiten dan waarvoor hij door Nederland is uitgeleverd? ", "vraag 2": "Voelt u zich bij het oordeel over dit verzoek gehouden aan het zgn. vertrouwensbeginsel en, zo ja, waarom? ", "vraag 3": "Is er in dezen nog ruimte voor een eigen afweging van de regering waarbij o.m. argumenten van de Spaanse rechter om het zgn. specialiteitsbeginsel te doorbreken aan de orde zijn? ", "vraag 4": "Is het waar dat het feit waarvoor aanvankelijk is uitgeleverd nog altijd niet door de Spaanse rechter is berecht? ", "antwoord 1": "[Artikel 14 van het Europees Uitleveringsverdrag (EUV) voorziet in de mogelijkheid dat een staat die de uitlevering van een persoon voor bepaalde feiten heeft gevraagd, op een later tijdstip tevens uitlevering voor andere feiten vraagt. Spanje heeft van deze mogelijkheid gebruik gemaakt. Ik heb inmiddels met dit verzoek ingestemd. Naar aanleiding van mijn beslissing heeft betrokkene een kort geding ingesteld. Deze procedure is nog niet afgerond", "antwoord 2": "Ja. In het internationale uitleveringsrecht geldt het vertrouwensbeginsel. Staten kunnen er van uitgaan dat wanneer de om uitlevering verzoekende staat aangesloten is bij bepaalde verdragen (zoals het EUV en het Europees Verdrag voor de Rechten van de Mens), die staat die verdragsbepalingen zal eerbiedigen", "antwoord 3": "Nee, de Nederlandse regering dient zich te houden aan de procedure zoals omschreven in het EUV. Op grond van artikel 14 wordt het specialiteitsbeginsel doorbroken, indien het strafbare feit waarvoor aanvullende toestemming wordt verzocht, op zichzelf de verplichting tot uitlevering krachtens het verdrag meebrengt. Het vertrouwensbeginsel staat in de weg aan toetsing van argumenten van een rechter in de verzoekende staat", "antwoord 4": "In Spanje lopen nog gerechtelijke vooronderzoeken voor de feiten waarvoor betrokkene aanvankelijk is uitgeleverd. Na afronding van deze vooronderzoeken kan het eigenlijke strafproces beginnen. ]"}