{"Bibliografische_omschrijving": "Vragen van het lid De Wit (SP) aan de staatssecretaris van Justitie over de dreigende uitzetting van een Roma-familie. (Ingezonden 2 november 1999); Antwoord", "Bestand": "29Kb", "Permalink": "\nhttp://www.geencommentaar.nl/parlando/index.php?action=doc&filename=KVR10820\n", "Inhoud": "Vragen naar aanleiding van de dreigende uitzetting van de Roma-familie Kolompak uit Valkenswaard.", "Rubriek": "Staats- en bestuursrecht (Vreemdelingenrecht) Welzijn (Vreemdelingen en asielzoekers)", "Trefwoorden": "Vluchtelingen", "Vindplaats": "Kamervragen met antwoord 1999-2000, nr. 496, Tweede Kamer", "Afkomstig van": "2990002170", "Indiener": "Justitie", "Partij vertegenwoordiger": "<persoon partij=\"SP\">De Wit</persoon>", "Datum_reaktie": "\n", "Datum_indiening": "1999-12-20", "vraag 1": "Bent u op de hoogte van de dreigende uitzetting van de Roma-familie Kolompak uit Valkenswaard? ", "vraag 2": "Kunt u verduidelijken nu het hier een Westeuropese Roma-familie betreft hoe het mogelijk is dat deze in de asielprocedure terecht is gekomen? Vindt u dit juist? Zo ja, om welke reden? Zo nee, welke consequenties verbindt u hieraan? ", "vraag 3": "Bent u ervan op de hoogte dat bedoelde familie getracht heeft documenten te verkrijgen in Belgi\u00c3\u00ab, Frankrijk, Luxemburg, Duitsland, Spanje en Itali\u00c3\u00ab maar dat geen van deze landen bereid is hen deze documenten te verstrekken om reden dat zij in deze landen onbekend zijn en anderzijds niet in staat zijn bewijzen van hun vroegere verblijf daar te overleggen? ", "vraag 4": "Is dan niet de conclusie dat deze familie in feite statenloos is gerechtvaardigd? Betekent dit niet tevens dat deze familie niet kan worden uitgezet nu statenloosheid in de terugkeernotitie geldt als een grond voor niet-uitzetting? ", "vraag 5": "Bent u bereid uw eerdere afwijzende beslissingen te heroverwegen, en bent u bereid het feit daarbij te betrekken dat deze Roma-familie inmiddels is ge\u00c3\u00afntegreerd in de Nederlandse samenleving? ", "vraag 6": "Ziet u internationaalrechtelijk/binnen het Europese recht mogelijkheden voor dit soort individuele gevallen om hen te documenteren zodat zij een legale status krijgen in de Europese Unie? ", "antwoord 1": "[Ja", "antwoord 2": "Er bestaat geen wettelijke bepaling die het indienen van een asielaanvraag onmogelijk maakt omdat deze in strijd zouden zijn met de verplichtingen die uit het Vluchtelingenverdrag volgen. Ik zal mij verder om privacy-redenen niet uitlaten over de motieven van de betrokkenen", "antwoord 3": "Namens betrokkenen is door de \u00c2\u00abStichting Maatschappelijkwerk Dommelregio\u00c2\u00bb en de raadsman van betrokkenen bij brief een aanvraag om een vergunning tot verblijf ingediend bij de consulaten van Frankrijk, Duitsland, Spanje, Zwitserland, Belgi\u00c3\u00ab, Luxemburg, Denemarken, voormalig Joegoslavi\u00c3\u00ab en Itali\u00c3\u00ab. Tevens is verzocht om afgifte van een laisser passer indien betrokkenen niet in aanmerking komen voor een vergunning tot verblijf. In zijn algemeenheid werd er door genoemde consulaten in procedurele zin geantwoord (aangegeven werd bij welke instantie de aanvraag moet worden ingediend en welke bescheiden overgelegd moeten worden). Ook met betrekking tot het verzoek om afgifte van een laisser passer werd in procedurele zin geantwoord. Overigens ben ik niet bekend met het antwoord van de zijde van het Italiaanse consulaat en het consulaat van het voormalige Joegoslavi\u00c3\u00ab", "antwoord 4": "De strekking van de antwoorden van de betrokken consulaten geeft mij geen aanleiding om te concluderen dat deze familie staatloos is. Betrokkenen hebben tot twee keer toe niet voldaan aan het verzoek om zich te melden in het Vertrekcentrum Ter Apel. Hierdoor heeft geen grondig onderzoek kunnen plaatsvinden naar de terugkeermogelijkheden voor dit gezin. Hieruit volgt dat nog geenszins is vastgesteld dat betrokkenen staatloos zijn. Omdat betrokkenen niet hebben voldaan aan de aanzegging om Nederland op eigen gelegenheid te verlaten, moet verder de gestelde integratie voor rekening van de familie blijven. Daargelaten de merites van deze zaak, acht ik, gelet op het bestaan van het Verdrag betreffende de status van staatlozen van New York uit 1954 (Tractatenblad 55 (1954) nr. 2) en het Verdrag betreffende de beperking der Staatloosheid van 1961 (Tractatenblad 124 (1967) nr. 1) nadere internationale afspraken over hoe moet worden omgegaan met staatlozen niet noodzakelijk. ]"}