{"Bibliografische_omschrijving": "Vragen van de leden Rietkerk en Van de Camp (beiden CDA) aan de minister van Justitie over de pluk-ze wetgeving. (Ingezonden 1 maart 2002); Mededeling", "Bestand": "13Kb", "Permalink": "\nhttp://www.geencommentaar.nl/parlando/index.php?action=doc&filename=KVR15362\n", "Inhoud": "Vragen over de praktijkervaringen met de Plukze-wetgeving sinds 1994, naar aanleiding van het TV-programma Reporter van 22 februari 2002.", "Rubriek": "Strafrecht en strafprocesrecht (Dwangmiddelen) Strafrecht en strafprocesrecht (Inbeslagneming) Strafrecht en strafprocesrecht (Vervolging)", "Trefwoorden": "Criminaliteit Delicten Dwangmiddelen Geldboetes Strafvervolging", "Vindplaats": "Kamervragen met antwoord 2001-2002, nr. 884, Tweede Kamer", "Afkomstig van": "2010207340", "Indiener": "Justitie (JUS)", "Partij vertegenwoordiger": "<persoon partij=\"CDA\">Rietkerk</persoon>", "Datum_reaktie": "\n", "Datum_indiening": "<persoon partij=\"CDA\">Van de Camp</persoon>", "vraag 1": "Bent u bekend met de uitzending van het programma Reporter van vrijdag 22 februari jl.? ", "vraag 2": "Deelt u de mening van de programmamakers dat de pluk-ze wetgeving niet aan de verwachting voldoet? Deelt u de mening dat in deze situatie verandering moet worden gebracht? Zo ja, op welke wijze? ", "vraag 3": "Bent u ervan op de hoogte dat schikken door het O.M. in het kader van een ontnemingsvordering eerder regel dan uitzondering blijkt te zijn? ", "vraag 4": "Zo ja, kunt u aangeven hoe vaak per jaar, vanaf 1994 van deze methode gebruik is gemaakt en om welke bedragen het gaat? ", "vraag 5": "Wat is uw mening hierover? ", "vraag 6": "Worden naast het schikken door de advocaat van de veroordeelde crimineel, buiten de rechter om afspraken gemaakt met de officier van Justitie. Bent u hiervan op de hoogte? ", "vraag 7": "Hoe vaak en in welke jaren is dit vanaf 1994 voorgekomen? ", "vraag 8": "Is het waar dat drugscrimineel Kees H. van de 498 miljoen gulden winst slechts een paar ton aan Justitie moest betalen en als gevolg van een schikking en andere afspraken buiten de rechter om, verder vrijuit kan gaan, waardoor in de straf is gesneden? Was u hiervan op de hoogte en komt dit vaker voor? ", "vraag 9": "Kunt u een overzicht geven van het soort afspraken dat gemaakt wordt in het kader van een schikkingsvoorstel en andere afspraken aanvullend op het schikkingsvoorstel? ", "vraag 10": "Welke maatregelen gaat u nemen om deze gang van zaken een halt toe te roepen? ", "antwoord 1": "[]"}