{"Bibliografische_omschrijving": "Vragen van de leden Wagenaar (PvdA) en Th. A. M. Meijer (CDA) aan de staatssecretaris van Binnenlandse Zaken en Koninkrijksrelaties over de rampenplannen van gemeenten. (Ingezonden 6 februari 2002); Antwoord", "Bestand": "14Kb", "Permalink": "\nhttp://www.geencommentaar.nl/parlando/index.php?action=doc&filename=KVR15070\n", "Inhoud": "Vragen naar aanleiding van de melding in het Radio-1 journaal van 5 februari 2002 dat een aanzienlijk aantal gemeenten hun rampenplannen niet op orde had voor de daarvoor gestelde deadline van 1 februari 2002.", "Rubriek": "Criminaliteit en openbare orde (Rampenpreventie en -bestrijding) Staats- en bestuursrecht (Gemeenten)", "Trefwoorden": "Gemeenten Rampenbestrijding", "Vindplaats": "Kamervragen met antwoord 2001-2002, nr. 622, Tweede Kamer", "Afkomstig van": "2010205550", "Indiener": "Binnenlandse Zaken en Koninkrijksrelaties (BZK)", "Partij vertegenwoordiger": "<persoon partij=\"PvdA\">Wagenaar</persoon>", "Datum_reaktie": "\n", "Datum_indiening": "<persoon partij=\"CDA\">Th. A. M. Meijer</persoon>", "vraag 1": "Heeft u kennisgenomen van de uitzending van het Radio-1 journaal (d.d. 05-02-2002) waarin is gemeld dat een aanzienlijk aantal gemeenten hun rampenplannen niet op orde hadden voor de daarvoor gestelde deadline van 1 februari 2002? ", "vraag 2": "Wanneer gaat u, zoals afgesproken in het algemeen overleg van 19 december jl., de namen van de gemeenten die in gebreke zijn gebleven, openbaar maken? ", "vraag 3": "Bent u bereid dat te doen voor de gemeenteraadsverkiezingen van 6 maart a.s. zodat burgers zich op de hoogte kunnen stellen van het veiligheidsbeleid in hun gemeente? ", "vraag 4": "Welke andere maatregelen overweegt u om gemeenten die in gebreke blijven tot spoed te manen met het vaststellen van rampenplannen? ", "vraag 5": "Welke (nieuwe) deadline stelt u aan gemeenten voor het opstellen van rampenplannen en rampenbestrijdingsplannen? ", "vraag 6": "Hoe beoordeelt u de uitspraak van de Commissaris van de Koningin in Friesland dat gemeenteraden maar een afweging moeten maken tussen het bouwen van een tennishal of een zwembad en het opstellen van een rampenplan? Acht u beide opties van gelijkwaardig prioritair belang voor gemeenten? ", "vraag 7": "Bent u bereid deze vragen per ommegaande te beantwoorden? ", "antwoord 1": "[Ja", "antwoord 2": "Op 11 juli 2001 heb ik de Colleges van B&amp;W en de Colleges van GS \u00e2\u20ac\u201c vooruitlopend op het Kabinetsstandpunt naar aanleiding van het rapport van de Commissie-Alders \u00e2\u20ac\u201c aandacht gevraagd voor o.a. de voorbereiding op de rampenbestrijding. In deze brief heb ik gevraagd na te gaan in hoeverre gemeenten beschikken over een actueel rampenplan. Tevens heb ik de gemeenten verzocht nog in 2001 het rampenplan zonodig te actualiseren en het ter toetsing aan het College van GS te zenden. Op 14 december 2001 heb ik de provincies verzocht mij voor 1 februari 2002 te informeren over de stand van zaken ten aanzien van de actualisatie van de rampenplannen. Tijdens het algemeen overleg van 19 december 2001 heb ik de Kamer toegezegd om in februari 2002 aan de hand van de informatie die de provincies aanleveren een overzicht te geven van de stand van zaken. Daarnaast heb ik toegezegd een lijst op te stellen van gemeenten die nog geen actueel rampenplan hebben vastgesteld. Conform mijn toezegging zal ik u uiterlijk eind deze maand informeren over mijn bevindingen. Tevens zal worden aangegeven waarom desbetreffende gemeenten nog niet beschikken over een actueel rampenplan en wanneer dit alsnog het geval zal zijn", "antwoord 3": "In artikel 4 van de Wet rampen en zware ongevallen is aangegeven dat gemeenten dienen te beschikken over een actueel rampenplan en waaraan dat rampenplan dient te voldoen. Zonder een dergelijk plan is het niet mogelijk een adequate organisatie ten behoeve van het voorkomen en bestrijden van rampen en zware ongevallen tot stand te brengen. Het belang daarvan is daarmee evident", "antwoord 4": "Ja. ]"}