{"Bibliografische_omschrijving": "Van Middelkoop (GPV) over de concentratie van nutsbedrijven (Ingezonden 21 december 1994); Antwoord", "Bestand": "15Kb", "Permalink": "\nhttp://www.geencommentaar.nl/parlando/index.php?action=doc&filename=KVR1064\n", "Inhoud": "De vragen betreffen de financi\u00c3\u00able regelingen bij fusies van energiebedrijven in Oost- en Noord-Nederland en mogelijke gevolgen voor de elektriciteitstarieven.", "Rubriek": "Energie, water en grondstoffen (Nutsbedrijven, energievoorziening)", "Trefwoorden": "Concentraties Openbare nutsbedrijven", "Vindplaats": "Kamervragen met antwoord 1994-1995, nr. 433, Tweede Kamer", "Afkomstig van": "Economische Zaken", "Indiener": "<persoon partij=\"GPV\">Van Middelkoop</persoon>", "Partij vertegenwoordiger": "\n", "Datum_reaktie": "1995-02-07", "Datum_indiening": "1994-12-21", "vraag 1": "Hebben provincies en gemeenten in Oost- en Noord-Nederland als aandeelhouders van nutsbedrijven bij fusies begin dit jaar tientallen miljoenen guldens aan extra uitkeringen verworven? 1 2 ", "vraag 2": "Zijn aanzienlijke bedragen aan de reserves van de nutsbedrijven onttrokken, waardoor het eigen vermogen van enkele energiedistributiebedrijven na fusie sterk is aangetast? ", "vraag 3": "Worden genoemde uitkeringen tenslotte opgebracht door de consument via de elektriciteitstarieven? ", "vraag 4": "Is een en ander in overeenstemming met de uitgangspunten, die destijds ten grondslag lagen aan het rijksbeleid met betrekking tot de concentratie van nutsbedrijven? ", "vraag 5": "Wat is uw oordeel over deze gang van zaken? Is er aanleiding tot enigerlei vorm van actie uwerzijds? ", "antwoord 1": "[In het kader van de totstandkoming van beide fusies zijn geen uitkeringen gedaan aan de aandeelhouders. Wel zijn afspraken gemaakt over jaarlijkse uitkeringen aan aandeelhouders. Die zijn inderdaad hoger dan in het verleden. Exclusief winstuitkeringen gaat het daarbij om bedragen van circa f 10 miljoen (EDON) respectievelijk circa f 3,5 miljoen (Nuon)", "antwoord 2": "Zowel bij de totstandkoming van EDON als in het geval Nuon is een deel van de reserve van de fusiepartners bij inbreng omgezet in een achtergestelde lening. Achtergrond daarbij was de verschillende inbreng in relatie tot de verdeling van de aandelen in de nieuw gevormde ondernemingen. Hoewel bij beide fusies aanpassingen in de vermogensstructuur hebben plaatsgevonden, heeft dit niet geleid tot aantasting van de solvabiliteit. Immers, niet opeisbare achtergestelde leningen worden in de regel ook beschouwd als behorend tot het eigen vermogen van de onderneming", "antwoord 3": "Ja. De fusiepartners gaan er evenwel van uit dat de voordelen van de fusies voor de eindverbruikers deze uitkeringen meer dan compenseren", "antwoord 4": "De financie\u00c2\u00a8le aspecten bij de concentraties van de energiedistributiebedrijven zijn bij de behandeling van de ontwerpwet Energiedistributie diverse malen aan de orde geweest. Daarin is herhaald dat financie\u00c2\u00a8le regelingen rond fusies en/of overnames nooit een ontheffingsgrondslag kunnen zijn voor de maximum eindverbruikerstarieven voor elektriciteit", "antwoord 5": "In zijn algemeenheid ben ik voorstander van concentraties die leiden tot bedrijven zoals EDON en Nuon. De afspraken die bij deze en andere nog lopende concentratiesprocessen gemaakt worden, zijn de verantwoordelijkheid van de aandeelhouders van de betreffende bedrijven. De uiteindelijke doelstellingen van de concentraties zijn gericht op het verkrijgen van voordelen voor de eindverbruikers door het bepalen van efficie\u00c2\u00a8ncy-winsten. In het onderhavige geval is er voor mij geen reden tot actie over te gaan, met dien verstande dat dat wel het geval zou zijn bij eventuele ontheffingsverzoeken terzake van de goedgekeurde maximum eindverbruikerstarieven. ]"}