{"Bibliografische_omschrijving": "Vragen van het lid Marijnissen (SP) aan de minister van Financi\u00c3\u00abn over Legiolease. (Ingezonden 9 april 2002); Antwoord", "Bestand": "15Kb", "Permalink": "\nhttp://www.geencommentaar.nl/parlando/index.php?action=doc&filename=KVR15592\n", "Inhoud": "Vragen naar aanleiding van een uitzending van Tros Radar van 25 maart 2002 over klanten van Legiolease die niet goed op de risico's van beleggen zijn gewezen en daardoor duizenden euro's zijn kwijtgeraakt.", "Rubriek": "Consument (Overig) Geld (Beleggingen)", "Trefwoorden": "Beleggingen Consumenten", "Vindplaats": "Kamervragen met antwoord 2001-2002, nr. 1083, Tweede Kamer", "Afkomstig van": "2010209000", "Indiener": "Financi\u00c3\u00abn (FIN)", "Partij vertegenwoordiger": "<persoon partij=\"SP\">Marijnissen</persoon>", "Datum_reaktie": "\n", "Datum_indiening": "2002-05-02", "vraag 1": "Hebt u kennisgenomen van de uitzending van Tros Radar van 25 maart jl.? ", "vraag 2": "Deelt u de mening dat in-house-matching en het toeschrijven van winsten en verliezen aan bepaalde klanten in strijd zijn met de wet? Is hier bij Legiolease sprake van geweest? ", "vraag 3": "Deelt u de mening dat bedrijven als Legiolease moeten toetsen of potenti\u00c3\u00able klanten in staat zijn aan hun financi\u00c3\u00able verplichtingen te voldoen en hen te waarschuwen voor de risico\u00e2\u20ac\u2122s? Heeft Legiolease dit gedaan? ", "vraag 4": "Had Legiolease klanten de mogelijkheid moeten geven om in een break-even situatie hun geld terug te vragen? Is dit gebeurd? ", "vraag 5": "Kan bij overtreding van de wet en van de nadere regels die door de Autoriteit Financi\u00c3\u00able Markten (AFM) zijn gesteld teruggave ge\u00c3\u00abist worden van de inleg? Hoe treden u en de AFM op? ", "vraag 6": "Vindt u de uitdrukking \u00c2\u00aboplichting\u00c2\u00bb van toepassing als burgers een winstverdriedubbelaar wordt voorgespiegeld en mensen uiteindelijk duizenden euro\u00e2\u20ac\u2122s kwijt zijn zonder goed op de risico\u00e2\u20ac\u2122s te zijn gewezen? ", "antwoord 1": "[Ja", "antwoord 2": "Een effecteninstelling moet in het belang van haar cli\u00c3\u00abnten handelen en haar activiteiten, waaronder de afwikkeling van effectenorders, zodanig structureren dat het risico wordt vermeden dat de belangen van haar cli\u00c3\u00abnten worden geschaad. Het toeschrijven van winsten en verliezen aan cli\u00c3\u00abnten in de zin dat de ene cli\u00c3\u00abnt wordt bevoordeeld boven een andere cli\u00c3\u00abnt is in strijd met de wet. Een effecteninstelling is gehouden haar cli\u00c3\u00abnten onder vergelijkbare omstandigheden zoveel mogelijk op gelijke wijze te behandelen. Of er bij Legiolease sprake is geweest van handelingen die in strijd zijn met bovengenoemde regels wordt momenteel onderzocht door de Autoriteit-FM", "antwoord 3": "Ja. Of Legiolease aan deze verplichtingen heeft voldaan wordt momenteel eveneens onderzocht door de Autoriteit-FM", "antwoord 4": "Legiolease is niet verplicht om de cli\u00c3\u00abnten de mogelijkheid te bieden om hun geld terug te vragen wanneer de contracten niet in deze mogelijkheid voorzien", "antwoord 5": "De mogelijkheden om een contract te ontbinden of te vernietigen zijn in het Burgerlijk recht geregeld. Teruggave van de inleg zal derhalve voor de burgerlijke rechter, of indien partijen zich daaraan hebben onderworpen, door de Klachtencommissie van het Dutch Securities Institute (DSI) kunnen worden gevorderd. Overtreding van de effectenregelgeving, waaronder de Nadere regeling toezicht effectenverkeer van de Autoriteit-FM, is mede van belang om te bepalen of een overeenkomst kan worden ontbonden en of de aanbieder verplicht is de consument zijn inleg terug te geven. De Autoriteit-FM treedt op als toezichthouder en heeft uit dien hoofde de mogelijkheid om te controleren of een aanbieder zich aan de effectenregelgeving houdt. Overtreding van deze regelgeving kan voor de Autoriteit-FM aanleiding zijn om een boete op te leggen. De Autoriteit-FM is zelf geen geschilbeslechtingsinstantie", "antwoord 6": "Het verstrekken van juiste en volledige informatie over complexe financi\u00c3\u00able producten als aandelenlease en de bijbehorende risico\u00e2\u20ac\u2122s is een belangrijke pijler in het beleid ten aanzien van de financi\u00c3\u00able markten. Zo rust op effecteninstellingen de verplichting om cli\u00c3\u00abnten informatie te verschaffen die nodig is voor een adequate beoordeling van de aangeboden producten. Deze algemene verplichting wordt voor complexe financi\u00c3\u00able producten verfijnd door de introductie van de financi\u00c3\u00able bijsluiter. De verplichting een financi\u00c3\u00able bijsluiter te verstrekken zal ook op de effectenleaseproducten van toepassing zijn. Daarnaast is specifiek voor deze categorie producten de verplichting gecre\u00c3\u00aberd om in het informatiemateriaal de volgende waarschuwing op te nemen: \u00c2\u00abU belegt (deels) met geleend geld. Dit betekent dat u het risico loopt dat u uw inleg verliest of zelfs een schuld overhoudt.\u00c2\u00bb Deze informatie beoogt de consument een handvat te bieden om tot de keus voor een product met bij de consument passende risico\u00e2\u20ac\u2122s te komen. Dat neemt niet weg dat de consument zijn eigen verantwoordelijkheid heeft in de uiteindelijke keuzes die hij maakt en de risico\u00e2\u20ac\u2122s die hij wil aangaan. Indien een aanbieder zich niet aan zijn informatieverplichting houdt kan daartegen worden opgetreden door de Autoriteit-FM of door de consument zelf indien deze zich wendt tot DSI dan wel de burgerlijke rechter (zie vraag 5). ]"}