{"Bibliografische_omschrijving": "Vragen van het lid Teeven (Leefbaar Nederland) aan de minister-president over vermoede \u00c2\u00abonrechtmatige belangenverstrengeling\u00c2\u00bb van de minister van Verkeer en Waterstaat De Boer. (Ingezonden 20 augustus 2002); Antwoord", "Bestand": "15Kb", "Permalink": "\nhttp://www.geencommentaar.nl/parlando/index.php?action=doc&filename=KVR16168\n", "Inhoud": "Vragen over vermeende 'onrechtmatige belangenverstrengelingen' door minister De Boer.", "Rubriek": "Staats- en bestuursrecht (Regering)", "Trefwoorden": "Ministers Nevenfuncties", "Vindplaats": "Kamervragen met antwoord 2001-2002, nr. 1579, Tweede Kamer", "Afkomstig van": "2010214160", "Indiener": "Verkeer en Waterstaat (VW)", "Partij vertegenwoordiger": "<persoon partij=\"Leefbaar Nederland\">Teeven</persoon>", "Datum_reaktie": "\n", "Datum_indiening": "2002-09-02", "vraag 1": "Heeft u kennisgenomen van het artikel in het dagblad de Telegraaf van 19 augustus 2002 over minister De Boer? ", "vraag 2": "Bent u reeds ten tijde van de kabinetsformatie op de hoogte gebracht van geruchten/verhalen rondom onrechtmatige belangenverstrengeling door minister De Boer? ", "vraag 3": "Wat is de inhoud van deze geruchten/verhalen over onrechtmatige belangenverstrengeling? Kunnen deze geruchten/verhalen het functioneren van de minister van Verkeer en Waterstaat be\u00c3\u00afnvloeden? ", "vraag 4": "Heeft minister De Boer met u gesproken over een mogelijk aftreden zijnerzijds? Wat was daarvoor de aanleiding? ", "antwoord 1": "[Ja", "antwoord 2": "Minister De Boer heeft mij desgevraagd de volgende reactie op de genoemde berichtgeving gegeven: \u00c2\u00abDe relatie tussen minister De Boer en JBR is begonnen bij zijn in diensttreding als directeur van Lehnkering Logistics, toen geheten Lehnkering Montan Nederland bv. Tussen JBR en Lehnkering Logistics bestond reeds een relatie voordat de heer De Boer bij deze laatste in dienst trad. De relatie met minister De Boer groeide uit tot een professionele vertrouwensrelatie tussen opdrachtgever en adviesbureau. Als opdrachtgever was minister De Boer tevreden over de adviezen van JBR. Vanuit deze ervaring introduceerde hij JBR bij \u00c3\u00a9\u00c3\u00a9n van zijn maritieme relaties. Deze relatie groeide uit tot een belangrijke opdrachtgever van JBR. Vanuit deze ervaring ontstond het idee om met behulp van minister De Boer de positie van JBR in de maritieme markt uit te bouwen. Dit heeft echter geen concrete vorm gekregen. In 1995 verhuisde JBR na 11 jaar van Rotterdam naar Zeist. In 1997 komen de partners van JBR tot de slotsom dat de verhuizing geen goed heeft gedaan aan de Rotterdamse klantenkring. Op dat moment komt de gedachte op om minister De Boer in te zetten als ambassadeur voor JBR. Een samenwerking behoort dan tot de mogelijkheden. Het was in de tijd dat minister De Boer overwoog voor zichzelf te beginnen en hij in het bezit komt van een huurverplichting voor een onverhuurde kantoorruimte aan de Eendrachtsweg in Rotterdam. JBR huurt voor een bedrag van f 18.000 voor een periode van 6 maanden deze kantoorruimte. Dit bedrag is het door de NRC genoemde \u00c2\u00abpotje\u00c2\u00bb, waarbij het in eerste aanzet de bedoeling was de lengte en de hoogte van de huur mede te relateren aan, door minister De Boer binnen te halen opdrachten voor JBR. Hier ligt ook een verband met de eerdergenoemde maritieme relatie, alhoewel hij, zoals gezegd, bij deze opdracht niet als directe opdrachtgever was betrokken en ook niet was betrokken bij het besluitvormingsproces rond de verstrekking van deze opdracht. Op basis van persoonlijke omstandigheden besluit minister De Boer uiteindelijk niet voor zichzelf te beginnen en wordt de \u00c2\u00absamenwerking\u00c2\u00bb met JBR be\u00c3\u00abindigd. Op basis van deze uiteenzetting kan geconcludeerd worden dat geen sprake is geweest van een vergoeding aan minister De Boer voor een verstrekte adviesopdracht aan JBR op een plaats waar hij zelf directe verantwoordelijkheid droeg voor de besluitvorming rond de verstrekking van deze adviesopdracht en dus ook niet van onrechtmatige belangenverstrengeling. Op het functioneren van de minister van Verkeer en Waterstaat zullen deze \u00c2\u00abgeruchtenverhalen\u00c2\u00bb dan ook geen invloed hebben", "antwoord 3": "Neen, daar was ook geen aanleiding voor. ]"}