{"Bibliografische_omschrijving": "Vragen van het lid Dittrich (D66) aan de staatssecretaris van Justitie over de mogelijke schadeplichtigheid van vrijwillige rechtshulpverleners. (Ingezonden 24 april 2002); Antwoord", "Bestand": "15Kb", "Permalink": "\nhttp://www.geencommentaar.nl/parlando/index.php?action=doc&filename=KVR15712\n", "Inhoud": "Vragen naar aanleiding van het artikel 'Aansprakelijkheid bij vrijwillige hulpverlening; de rechtspositie van de vrijwilliger' in het NJB van 25 januari 2002. Uit dit artikel blijkt dat vrijwillige rechtshulpverleners het risico lopen om voor grote bedragen schadeplichtig gesteld te worden.", "Rubriek": "Arbeid (Overig) Burgerlijk recht en burgerlijk procesrecht (Rechtsbijstand) Burgerlijk recht en burgerlijk procesrecht (Verbintenissenrecht)", "Trefwoorden": "Aansprakelijkheid Rechtshulp Vrijwilligerswerk", "Vindplaats": "Kamervragen met antwoord 2001-2002, nr. 1189, Tweede Kamer", "Afkomstig van": "2010209610", "Indiener": "Justitie (JUS)", "Partij vertegenwoordiger": "<persoon partij=\"D66\">Dittrich</persoon>", "Datum_reaktie": "\n", "Datum_indiening": "2002-05-28", "vraag 1": "Hebt u kennisgenomen van het artikel \u00c2\u00abAansprakelijkheid bij vrijwillige hulpverlening; de rechtspositie van de vrijwilliger\u00c2\u00bb in het NJB van 25 januari 2002? Wat is daarop uw reactie? ", "vraag 2": "Welke implicaties heeft de inhoud van dit artikel volgens u voor de vrijwillige rechtshulpverlening? Bent u het eens met de stelling dat, wanneer vrijwillige rechtshulpverleners inderdaad het risico lopen om voor grote bedragen schadeplichtig gesteld te worden, dit ernstige consequenties zal hebben voor de beschikbaarheid van vrijwilligers voor gratis laagdrempelige rechtshulp? ", "vraag 3": "Welke maatregelen stelt u voor om deze ontwikkeling te keren? ", "antwoord 1": "[Ja. Het artikel geeft een beschouwing van de huidige juridische context rond de aansprakelijkheid van (organisaties van) vrijwilligers. De inhoud van het artikel heeft in beginsel geen implicaties voor de vrijwillige rechtshulpverlening en zal mijns inziens ook niet van invloed zijn op de beschikbaarheid van vrijwillige rechtsbijstandverleners. Het deelnemen aan het maatschappelijk verkeer brengt risico\u00e2\u20ac\u2122s met zich. Dit is niet anders voor (organisaties van) vrijwilligers. De eisen die aan vrijwilligers gesteld worden zijn natuurlijk niet gelijk aan die van professionals, maar zij moeten zorgvuldig te werk gaan in het belang van de \u00c2\u00abklanten\u00c2\u00bb. Het zou niet juist zijn als benadeelden met lege handen zouden komen te staan omdat de schade is toegebracht door een vrijwilliger. Daarom is het niet vreemd dat vrijwilligersorganisaties een aansprakelijkheid hebben. Dit heeft geen ernstige consequenties voor de rechtshulp omdat vrijwilligersorganisaties zich tegen risico\u00e2\u20ac\u2122s kunnen verzekeren. Georganiseerde vrijwillige rechtshulpverlening geschiedt voor zover mij bekend met name door medewerkers van rechtswinkels. Of vrijwilligers risico lopen om aansprakelijk gesteld te worden voor gemaakte fouten waarmee grote bedragen zijn gemoeid om voor grote bedragen aansprakelijk gesteld te worden is afhankelijk van de rechtsverhouding die is overeengekomen met de organisatie waarvoor zij vrijwilligerswerk verrichten. Is er een gezagsverhouding tussen de vrijwilligersorganisatie en de vrijwilliger en is er een functioneel verband tussen de opgedragen werkzaamheden en de fout, dan is naast de vrijwilliger ook de organisatie zelf aansprakelijk voor de schade. Het is echter niet altijd duidelijk hoe de rechtsverhouding tussen de organisatie en de vrijwilliger is geregeld. Het is daarom aan te bevelen hierover \u00e2\u20ac\u201c zo mogelijk schriftelijk \u00e2\u20ac\u201c duidelijke afspraken te maken. Hierbij zij aangetekend dat de vrijwilliger draagplichtig is voor de schade die het gevolg is van opzet of bewuste roekeloosheid. Als een organisatie bedrijfsmatige activiteiten verricht, dan is de organisatie op grond van art 6:171 BW ook aansprakelijk voor fouten van niet-ondergeschikte vrijwilligers die bedrijfseigen werkzaamheden verrichten. Op de vraag of een rechtswinkel of de VVN bedrijfsmatig handelen wil ik niet ingaan. Dit kan per rechtswinkel of locale vereniging verschillen. Het is aan de rechter om hierover uitspraken te doen. Vrijwilligersorganisaties kunnen zichzelf en hun vrijwillige medewerkers door een aansprakelijkheidsverzekering af te sluiten indekken tegen mogelijke financi\u00c3\u00able gevolgen van claims die het gevolg zijn van fouten die vrijwilligers maken. Voorts is het vrijwilligersorganisaties in sprekende gevallen aan te bevelen om hun aansprakelijkheid te beperken of zelfs uit te sluiten. Ik zie dan ook geen aanleiding om maatregelen te treffen. Vrijwilligersorganisaties kunnen zich \u00e2\u20ac\u201c zoals gezegd \u00e2\u20ac\u201c immers tegen dergelijke risico\u00e2\u20ac\u2122s indekken door een aansprakelijkheidsverzekering af te sluiten. Het is ter beoordeling van de desbetreffende organisaties of het noodzakelijk is om een dergelijke verzekering af te sluiten. Een deel van de vrijwilligersorganisaties die op het terrein van de rechtsbijstand actief zijn heeft een verzekering afgesloten. Indien dit niet het geval is kunnen zij dit in overweging nemen. Mocht de financiering een onoverkomelijk probleem opleveren, dan kunnen zij contact opnemen met hun subsidieverstrekkers, zoals bijvoorbeeld gemeenten en raden voor rechtsbijstand. ]"}