{"Bibliografische_omschrijving": "Vragen van de leden Van Heemst en Albayrak (beiden PvdA) aan de ministers van Justitie en van Volksgezondheid, Welzijn en Sport over een IVF-behandeling in Engeland. (Ingezonden 12 juli 2002); Antwoord", "Bestand": "14Kb", "Permalink": "\nhttp://www.geencommentaar.nl/parlando/index.php?action=doc&filename=KVR16014\n", "Inhoud": "Vragen over de fout die in Engeland is gemaakt bij een IVF-behandeling waardoor een blanke vrouw een zwarte tweeling heeft gebaard.", "Rubriek": "Gezondheidszorg (Overig)", "Trefwoorden": "Kunstmatige inseminatie", "Vindplaats": "Kamervragen met antwoord 2001-2002, nr. 1450, Tweede Kamer", "Afkomstig van": "2010212680", "Indiener": "Volksgezondheid, Welzijn en Sport (VWS)", "Partij vertegenwoordiger": "<persoon partij=\"PvdA\">Van Heemst</persoon>", "Datum_reaktie": "\n", "Datum_indiening": "<persoon partij=\"PvdA\">Albayrak</persoon>", "vraag 1": "Hebt u kennisgenomen van de fout die in Engeland is gemaakt bij een IVF-behandeling waardoor een blanke vrouw het leven heeft geschonken aan een zwarte tweeling? ", "vraag 2": "Kan \u00c3\u00a9\u00c3\u00a9n van de mogelijke oorzaken hiervan geweest zijn dat als gevolg van een fout een eicel voor een zwarte vrouw is ingeplant bij deze blanke vrouw? ", "vraag 3": "Indien dit het geval is, bent u van mening dat de Nederlandse wetgeving in deze situaties toereikend is? En zo neen, bent u bereid met een nieuw of aanvullend wetsvoorstel te komen? ", "vraag 4": "Welke uitgangspunten moeten volgens u bij deze wetgeving worden gehanteerd? ", "antwoord 1": "[Ja", "antwoord 2": "Bij een IVF-behandeling worden de eicellen en de zaadcellen buiten het lichaam bevrucht. Na de bevruchting worden \u00c3\u00a9\u00c3\u00a9n of twee embryo\u00e2\u20ac\u2122s teruggeplaatst in de baarmoeder van de vrouw. In Engeland is door een menselijke fout een embryo van een zwart ouderpaar teruggeplaatst bij een blanke vrouw", "antwoord 3": "In 1996 heeft zich in Nederland een soortgelijk geval voorgedaan. Hierbij ging het om een bevruchting met de verkeerde zaadcellen. Mede naar aanleiding van deze fout heeft de beroepsgroep besloten om in alle IVF-klinieken een kwaliteitssysteem op te zetten. De klinisch embryologen hebben zich hiervoor aangesloten bij de Co\u00c3\u00b6rdinatiecommissie ter bevordering van de kwaliteitsbeheersing van het laboratoriumonderzoek op het gebied van de gezondheidszorg (CCKL). De CCKL is een gerenommeerd accreditatieorgaan voor alle laboratoria in de gezondheidszorg. Een visitatiecommissie van de CCKL beoordeelt het kwaliteitssysteem van het betreffende laboratorium en geeft bij een positief oordeel een accreditatie af. De IVF-kliniek in Utrecht heeft een dergelijke accreditatie verkregen; de overige klinieken zijn bezig met de voorbereidingen voor een visitatie van de CCKL. Wij onderschrijven het belang van een accreditatie door het CCKL en zullen de IVF-klinieken wijzen op het belang van een spoedige voltooiing van bedoelde voorbereidingen. Op het moment dat alle IVF-klinieken geaccrediteerd zijn, is al het mogelijke gedaan om een (menselijke) fout bij IVF te voorkomen. Een aanvullend of nieuw wetsvoorstel is niet nodig, omdat artikel 2 van de Embryowet reeds een instellingsprotocol vereist waarin onder andere regels moeten zijn opgenomen met betrekking tot de werkwijze bij de bevruchting en bij de ontwikkeling en implantatie van de embryo\u00e2\u20ac\u2122s (artikel 2, derde lid, onder c) en met betrekking tot de wijze waarop geslachtscellen en embryo\u00e2\u20ac\u2122s worden bewaard en waarop de herkomst en de bewaring worden vastgelegd in de administratie van de instelling (artikel 2, derde lid, onder d). ]"}