{"Bibliografische_omschrijving": "Vragen van het lid Halsema (GroenLinks) aan de minister van Justitie over een onderzoek van de Registratiekamer naar de werkwijze van handelsinformatiebureaus. (Ingezonden 8 oktober 2001); Mededeling", "Bestand": "13Kb", "Permalink": "\nhttp://www.geencommentaar.nl/parlando/index.php?action=doc&filename=KVR14620\n", "Inhoud": "Vragen naar aanleiding van onderzoek van de Registratiekamer naar de wijze van informatieverzameling door twee bepaalde handelsinformatiebureaus, in het kader van de nieuwe Wet bescherming persoonsgegevens.", "Rubriek": "Criminaliteit en openbare orde (Persoonsregistratie en identificatie) Handel en economie (Overig) Staats- en bestuursrecht (Privacy)", "Trefwoorden": "Handel Persoonsregistratie Privacy", "Vindplaats": "Kamervragen met antwoord 2001-2002, nr. 271, Tweede Kamer", "Afkomstig van": "2010200790", "Indiener": "Justitie (JUS)", "Partij vertegenwoordiger": "<persoon partij=\"GroenLinks\">Halsema</persoon>", "Datum_reaktie": "\n", "Datum_indiening": "2001-11-19", "vraag 1": "Kent u het onderzoek van de Registratiekamer naar de wijze van informatieverzameling door het handelsinformatiebureau Goderie van Groen en door een niet nader genoemd handelsinformatiebureau in september 2000? ", "vraag 2": "Wat vind u van de gegevensverzameling door dergelijke handelsinformatiebureaus? ", "vraag 3": "Erkent u het spanningsveld tussen de wijze waarop gegevens over burgers kunnen worden ingewonnen en vervolgens worden verwerkt door deze bureaus en de nieuwe Wet bescherming persoonsgegevens? ", "vraag 4": "Acht u het toelaatbaar dat handelsinformatiebureaus naast de debiteur (indien deze zelfs na druk onvoldoende informatie over diens financi\u00c3\u00able situatie verschaft) buren, naamgenoten, woningbouwcorporaties, sociale diensten, zorgverzekeraars en andere uitkeringsinstellingen, nutsbedrijven, uitzendbureaus, werkgevers (ook personeelszaken van gemeentes, arbeidsbureaus, banken deurwaarders, incassobureaus), ongeacht toestemming van de debiteur, om informatie vraagt? ", "vraag 5": "Is het volgens u toelaatbaar om zgn. bulkbevragingen bij uitkeringsinstellingen te laten verrichten? ", "vraag 6": "Is het volgens u toelaatbaar dat deurwaarders sofi-nummers en gegevens uit de gemeentelijke basisadministratie verstrekken aan handelsinformatiebureaus ? ", "vraag 7": "Is het u bekend dat zelfs medisch en strafrechtelijk geconnoteerde gegevens ter beschikking staan van handelsinformatiebureaus. Zo ja, wat vind u hiervan? ", "vraag 8": "Is het correct dat met deze handelswijze van handelsinformatiebureaus de expliciete geheimhoudingsverplichtingen van overheidsinstellingen wordt geschonden? ", "vraag 9": "Acht u het voldoende dat de branchevereniging (de Nederlandse Vereniging van Handelsinformatiebureaus) met een gedragscode voor handelsinformatiebureaus komt? Zo neen, bent u bereid stappen te ondernemen? ", "vraag 10": "Op welke wijze wordt het openbaar ministerie betrokken bij het onderzoek naar de werkwijze van handelsinformatiebureaus? ", "antwoord 1": "[]"}