{"Bibliografische_omschrijving": "Vragen van de leden Terpstra, Rijpstra en Nicola\u00c3\u0192\u00c2\u00af (allen VVD) aan de minister van Binnenlandse Zaken en Koninkrijksrelaties en de staatssecretaris van Volksgezondheid, Welzijn en Sport over de inzet van de politie in januari. (Ingezonden 12 december 2001); Antwoord", "Bestand": "15Kb", "Permalink": "\nhttp://www.geencommentaar.nl/parlando/index.php?action=doc&filename=KVR14802\n", "Inhoud": "Gevraagd wordt of het waar is dat het kabinet besloten heeft dat in de hele maand januari 2002 geen grote evenementen gehouden kunnen worden wegens de inzet van de politie ter gelegenheid van het huwelijk van prins Willem Alexander en Maxima Zorrequieta en de begeleiding van de introductie van de euro, en welke problemen er verwacht worden wanneer er een Elfstedentocht in januari gehouden zou kunnen worden.", "Rubriek": "Criminaliteit en openbare orde (Politie) Vrijetijdsbesteding (Sport)", "Trefwoorden": "Politie Sport", "Vindplaats": "Kamervragen met antwoord 2001-2002, nr. 418, Tweede Kamer", "Afkomstig van": "2010203530", "Indiener": "Binnenlandse Zaken en Koninkrijksrelaties (BZK) Volksgezondheid, Welzijn en Sport (VWS)", "Partij vertegenwoordiger": "<persoon partij=\"VVD\">Terpstra</persoon>", "Datum_reaktie": "\n", "Datum_indiening": "<persoon partij=\"VVD\">Rijpstra</persoon>", "vraag 1": "Is het waar dat het kabinet besloten heeft dat niet alleen op de trouwdag van Zijne Koninklijke Hoogheid Prins Willem Alexander en Mevrouw Maxima Zorrequieta op 2 februari 2002, maar ook in de hele maand januari geen grote evenementen in ons land gehouden kunnen worden wegens de inzet van de politie ter gelegenheid van het huwelijk en de begeleiding van de introductie van de euro? ", "vraag 2": "Kan een overzicht worden gegeven van de aantallen politiemensen en militairen (per provincie van herkomst) die bij de laatste twee Elfstedentochten zijn ingezet? ", "vraag 3": "Kan uiteengezet worden welke problemen er verwacht worden als, wanneer er een Elfstedentocht in januari gehouden zou kunnen worden, de inzet van menskracht gezocht zou moeten worden uit een maximale inzet van het leger, aangevuld met politiemensen en vrijwilligers? ", "vraag 4": "Bent u bereid deze vragen nog v\u00c3\u00b3\u00c3\u00b3r het begin van het kerstreces te beantwoorden? ", "antwoord 1": "[Nee", "antwoord 2": "Een overzicht van aantallen van de Elfstedentocht in 1986 is op korte termijn niet te geven. De reden hiervoor is dat de politie destijds was georganiseerd in gemeentelijke korpsen en Rijkspolitie. De desbetreffende gegevens bevinden zich derhalve zeer verspreid in den lande en zijn daarmee moeilijk toegankelijk. In onderstaand overzicht staan bij benadering de aantallen politiemensen naar regio, die zijn ingezet ten behoeve van de Elfstedentocht in 1997. (Bij deze gegevens wordt opgemerkt dat de ingezette personen dienstverbanden hebben gedraaid van gemiddeld 12 uur. Dit is veel hoger dan thans door de Arbeidstijdenwet is toegestaan.) Vrijdag 3 januari 1997 \u00e2\u20ac\u00a2 Regiopolitie Drenthe: 60 \u00e2\u20ac\u00a2 Regiopolitie Groningen: 55 \u00e2\u20ac\u00a2 KLPD: 35 Zaterdag 4 januari 1997 \u00e2\u20ac\u00a2 Regiopolitie NO Gelderland 55 \u00e2\u20ac\u00a2 Regiopolitie NH-Noord 55 \u00e2\u20ac\u00a2 Regiopolitie Zaanstrk/Waterl. 55 \u00e2\u20ac\u00a2 Regiopolitie IJsselland 55 \u00e2\u20ac\u00a2 Regiopolitie Twente 55 \u00e2\u20ac\u00a2 Regiopolitie Utrecht 55 \u00e2\u20ac\u00a2 Regiopolitie Groningen 70 \u00e2\u20ac\u00a2 Regiopolitie Drenthe 110 \u00e2\u20ac\u00a2 KLPD 180 De Regiopolitie Friesland heeft 1050 politiefunctionarissen ingezet ten behoeve van de Elfstedentocht in 1997. Defensie heeft 1 geneeskundige compagnie beschikbaar gesteld", "antwoord 3": "Het handhaven van de openbare orde en veiligheid is een taak van de Nederlandse politie; politiefunctionarissen zijn hiervoor toegerust en opgeleid. Dit geldt niet voor vrijwilligers en niet op voorhand voor militairen. Indien de Elfstedentocht in de periode van januari alsmede de eerste paar dagen van februari 2002 zou kunnen plaatsvinden dient, in het licht van het beslag op politiecapaciteit bekeken te worden hoe de openbare orde en veiligheid voldoende gewaarborgd kan worden. Het staat echter buiten kijf dat de Elfstedentocht het verdient om gehouden te worden. Er zal dus \u00e2\u20ac\u201c indien nodig \u00e2\u20ac\u201c bezien moeten worden in hoeverre en op welke wijze op basis van de Politiewet bijstand van Defensie aan de orde is", "antwoord 4": "Ja. ]"}