{"Bibliografische_omschrijving": "Vragen van het lid Ravestein (D66) aan de staatssecretaris van Onderwijs, Cultuur en Wetenschappen, dhr. Van der Ploeg, over een monumentale suikerfabriek. (Ingezonden 11 oktober 2001); Antwoord", "Bestand": "13Kb", "Permalink": "\nhttp://www.geencommentaar.nl/parlando/index.php?action=doc&filename=KVR14529\n", "Inhoud": "In Lemerleveld wordt de enige bewaard gebleven suikerfabriek in Oost-Nederland, mogelijkerwijs zelfs de oudste van Nederland, bedreigd met de sloop.", "Rubriek": "Cultuur en taal (Monumenten)", "Trefwoorden": "Monumenten", "Vindplaats": "Kamervragen met antwoord 2001-2002, nr. 191, Tweede Kamer", "Afkomstig van": "2010200950", "Indiener": "Onderwijs, Cultuur en Wetenschappen (OCW)", "Partij vertegenwoordiger": "<persoon partij=\"D66\">Ravestein</persoon>", "Datum_reaktie": "\n", "Datum_indiening": "2001-10-31", "vraag 1": "Is het u bekend dat in Lemelerveld de enige bewaard gebleven suikerfabriek in Oost-Nederland staat, die mogelijkerwijs zelfs de oudste van Nederland is? ", "vraag 2": "Hoe oordeelt u over de monumentale en cultuurhistorische waarde van dit industrieel erfgoed? ", "vraag 3": "Welke maatregelen kunt en wilt u nemen om de door de gemeente Dalfsen voorgenomen sloop te voorkomen? Welke rol kan de Rijksdienst voor de Monumentenzorg daarbij spelen? ", "antwoord 1": "[De voormalige suikerwerkfabriek in Lemelerveld is mij bekend. Dit is inderdaad de enige bewaard gebleven suikerfabriek in Oost-Nederland, hetgeen te maken heeft met het feit dat de meeste suikerfabrieken zich in andere delen van het land bevonden. Of het ook de oudste suikerwerkfabriek van Nederland is kan niet met zekerheid worden gezegd, omdat een volledige inventarisatie van dit gebouwtype ontbreekt", "antwoord 2": "De cultuurhistorische waarde van de voormalige suikerfabriek is onlangs door de Rijksdienst voor de Monumentenzorg beoordeeld. Daarbij is geoordeeld dat het weliswaar een interessant gebouw betreft, doch dat zowel het interieur als iedere tastbare verwijzing naar het productieproces volledig is verdwenen. Bescherming van rijkswege is op grond van de gehanteerde criteria in het kader van het Monumenten Selectie Project nimmer aan de orde geweest en is ook op basis van de huidige beleidsregels voor aanwijzing van rijkswege niet mogelijk", "antwoord 3": "Nu bescherming van rijkswege niet aan de orde is acht ik het een zaak van het lokale bestuur om over de sloop van deze fabriek te oordelen. De Rijksdienst voor de Monumentenzorg speelt in dit geval alleen een rol als de gemeente een beroep wenst te doen op de bij de Rijksdienst aanwezige kennis van de jongere bouwkunst in het algemeen of van het industrieel erfgoed in het bijzonder. ]"}