{"Bibliografische_omschrijving": "Vragen van het lid Beinema over het rapport \u00c2\u00abDietary intake in the Netherlands\u00c2\u00bb (Ingezonden 28 april 1995); Antwoord", "Bestand": "15Kb", "Permalink": "\nhttp://www.geencommentaar.nl/parlando/index.php?action=doc&filename=KVR1466\n", "Inhoud": "Betreft TNO onderzoek naar de Nederlandse voedselconsumptie en de mogelijke gevolgen hiervan voor de volksgezondheid.", "Rubriek": "Consument (Levensmiddelen) Gezondheidszorg (Algemeen)", "Trefwoorden": "Gezondheidszorg Levensmiddelen", "Vindplaats": "Kamervragen met antwoord 1994-1995, nr. 822, Tweede Kamer", "Afkomstig van": "Volksgezondheid, Welzijn en Sport", "Indiener": "<persoon partij=\"CDA\">Beinema</persoon>", "Partij vertegenwoordiger": "\n", "Datum_reaktie": "1995-05-23", "Datum_indiening": "1995-04-28", "vraag 1": "Heeft het rapport \u00c2\u00abDietary intake in the Netherlands, input from TNO Total Diet Study 1988\u00e2\u20ac\u201c89, part 2.\u00c2\u00bb aanleiding gegeven tot beleidsmatige conclusies? Zo ja, welke? ", "vraag 2": "Bent u bereid genoemd rapport aan de Kamer te doen toekomen? ", "antwoord 1": "[Het betreffende TNO rapport (Dietary intake in the Netherlands, input from TNO Total Diet Study 1988\u00e2\u20ac\u201c1989, part. 2) geeft informatie over de voedselconsumptie in Nederland. Onderzoek naar welke voedingsmiddelen en de hoeveelheden die Nederlanders eten geeft inzicht in de hoeveelheid voedingsstoffen in de gebruikte voeding. Deze gebruikte voeding wordt vergeleken met de aanbevelingen van de Voedingsraad over de gewenste samenstelling van de voeding. Zoals in de tweede Voortgangsrapportage Voedingsbeleid is vermeld, zijn in 1987/1988 en in 1992 landelijke voedselconsumptiepeilingen uitgevoerd. Bij beide peilingen hebben ongeveer 6000 Nederlanders gedurende twee aaneengesloten dagen gespreid over de hele periode, nauwkeurig opgeschreven wat zij gegeten en gedronken hebben. Met behulp van het Nederlands Voedingsstoffenbestand zijn deze hoeveelheden voedsel omgerekend naar geconsumeerde hoeveelheden voedingsstoffen. In het betreffende TNO onderzoek is, gebruik makend van de informatie uit de eerste peiling, een gedeelte van de geconsumeerde voedingsmiddelen geanalyseerd en op deze manier de voedingsstoffenconsumptie berekend. Het TNO onderzoek geeft informatie over de consumptie uit \u00e2\u20ac\u212287\u00e2\u20ac\u201c\u00e2\u20ac\u212288. De interpretatie van de informatie uit voedselconsumptie onderzoek en de mogelijke gevolgen voor de volksgezondheid wordt door de Voedingsraad in haar adviezen aangegeven. Zoals u bekend is zal in de toekomst deze taak worden overgenomen door de Gezondheidsraad. Op basis van recente wetenschappelijke gegevens stelt de Voedingsraad vast hoe de uit gezondheidsoogpunt optimale voeding dient te zijn samengesteld. De Raad heeft twee overkoepelende adviezen op het gebied van de voedingsstoffen uitgebracht. Een met betrekking tot de hoeveelheid macro-voedingsstoffen in de voeding (Advies inzake richtlijnen Goede Voeding, Voedingsraad, april 1986) en e\u00c2\u00b4e\u00c2\u00b4n met betrekking tot de aanbevolen hoeveelheden micro-voedingsstoffen (Nederlandse Voedingsnormen, juli 1989). Op het terrein van de micro-voedingsstoffen is in een aantal gevallen vastgesteld dat er sprake is van een marginale voorziening bij specifieke groepen. Daar waar dat voor concrete gezondheidsproblemen aanleiding kan geven zijn maatregelen getroffen. Zo wordt er jodium aan brood toegevoegd, wordt er vitamine A en D aan margarine toegevoegd, wordt aan kinderen tot 7 jaar het advies geven aan vitamine D preparaat te gebruiken, etc. Recent heeft de Raad geconcludeerd dat de foliumzuurvoorziening bij potentieel zwangeren niet optimaal is. Foliumzuur blijkt een positieve invloed te hebben op de preventie van neuraalbuisdefecten (o.a. open ruggetje). Dit najaar zal er, mede op mijn initiatief, een voorlichtingscampagne van start gaan waarin het belang van foliumzuur voor en tijdens de eerste periode van de zwangerschap zal worden onderstreept en waarin vrouwen wordt aangeraden een foliumzuur supplement te gebruiken gedurende deze periode. In mijn beleid gericht op de bevordering van een gezonde voeding vormen de micro-voedingsstoffen een belangrijk onderdeel. Onderzoek naar de voedselconsumptie en adviezen over de mogelijke gevolgen voor de volksgezondheid zullen ook in de toekomst aangeven waar nieuwe maatregelen gewenst zijn", "antwoord 2": "Ja, het betreft een openbaar rapport dat voor iedereen toegankelijk is. Het rapport is in diverse wetenschappelijke bibliotheken in Nederland aanwezig, en daarnaast aan te vragen bij TNO-Voeding. Drie exemplaren van dit rapport voeg ik hierbij. ]"}