{"Bibliografische_omschrijving": "Vragen van het lid Van den Doel (VVD) aan de staatssecretaris van Binnenlandse Zaken en Koninkrijksrelaties over gemeenten die hun rampenplannen niet op orde hebben. (Ingezonden 7 februari 2002); Antwoord", "Bestand": "14Kb", "Permalink": "\nhttp://www.geencommentaar.nl/parlando/index.php?action=doc&filename=KVR15287\n", "Inhoud": "Vragen over gemeenten die hun rampenplannen niet in orde hebben. Deze vragen dienen ter aanvulling op eerdere vragen terzake van de leden Wagenaar en Th.A.M. Meijer, ingezonden 6 februari 2002 (2010205550).", "Rubriek": "Criminaliteit en openbare orde (Rampenpreventie en -bestrijding) Staats- en bestuursrecht (Gemeenten)", "Trefwoorden": "Gemeenten Rampenbestrijding", "Vindplaats": "Kamervragen met antwoord 2001-2002, nr. 822, Tweede Kamer", "Afkomstig van": "2010205610", "Indiener": "<persoon partij=\"VVD\">Van den Doel</persoon>", "Partij vertegenwoordiger": "\n", "Datum_reaktie": "2002-03-14", "Datum_indiening": "2002-02-07", "vraag 1": "Wat voor actie heeft u naar aanleiding van de RTL-enqu\u00c3\u00aate ondernomen om gemeenten hun rampenplan op orde te laten zijn zoals aan de orde gesteld in het algemeen overleg van 19 december 2001? ", "vraag 2": "Heeft u de Commissarissen der Koningin sinds 19 december jongstleden benaderd over deze problematiek en wat was het resultaat hiervan? ", "vraag 3": "Wat voor redenen voeren de betreffende gemeenten aan voor het niet op orde brengen van hun rampenplannen? ", "vraag 4": "Bent u bereid de rapportages van de provincies met betrekking tot de gemeentelijke rampenplannen en de door u ondernomen actie aan de Kamer te doen toekomen? ", "antwoord 1": "[Ik verwijs u naar mijn brief van 19 februari jl. Met die brief heb ik uw Kamer ge\u00c3\u00afnformeerd over de stand van zaken ten aanzien van de actualisatie van de gemeentelijke rampenplannen. Op 11 juli 2001 heb ik de colleges van Burgemeester en Wethouders en de colleges van gedeputeerde staten \u00e2\u20ac\u201c vooruitlopend op het kabinetsstandpunt naar aanleiding van het rapport van de commissie-Alders \u00e2\u20ac\u201c aandacht gevraagd voor onder andere de voorbereiding op de rampenbestrijding. Meer in het bijzonder heb ik gevraagd na te gaan in hoeverre gemeenten beschikken over een actueel rampenplan. Tevens heb ik de gemeenten daarbij verzocht nog in 2001 het rampenplan zonodig te actualiseren en het ter toetsing aan het college van gedeputeerde staten te zenden. Op 14 december 2001 heb ik de provincies vervolgens verzocht mij voor 1 februari 2002 te informeren over de stand van zaken ten aanzien van deze actualisatie van de rampenplannen. Op basis van deze informatie is per provincie een overzicht gemaakt van de stand van zaken ten aanzien van de actualisatie van de rampenplannen. Een rampenplan is actueel als dit in of na 1998 door de gemeenteraad is vastgesteld. Uit de rapportage van de provincies blijkt dat op 1 februari 2002 87% van de gemeenten beschikte over een actueel rampenplan dat voldoet aan de Wet rampen en zware ongevallen (Wrzo). Een tweetal redenen wordt opgevoerd voor het niet op orde brengen van het rampenplan. In het algemeen wordt in de betreffende regio en/of provincie in 2002 een nieuw (regionaal) modelrampenplan vastgesteld en ge\u00c3\u00afmplementeerd. Meer in het bijzonder voldoen de rampenplannen van de Zeeuwse gemeenten volgens de provincie slechts gedeeltelijk aan het door de provincie aangescherpte toetsingskader. Dit omdat bij het rampenplan door de verschillende gemeenten zelf nog de bijlagen (uitwerking van de processen in deelplannen) moeten worden ingevuld. Ik heb de provincies verzocht om mij halfjaarlijks te informeren over de stand van zaken. De resultaten zullen worden vervat in een halfjaarlijkse rapportage aan de Tweede Kamer over de kwaliteit en uitvoering van de rampenplannen. De volgende rapportage zal in augustus 2002 aan uw Kamer worden aangeboden. ]"}