{"Bibliografische_omschrijving": "Vragen van het lid Augusteijn-Esser (D66) over de voorgenomen inkrimping bij het Directoraat-Generaal Milieubeheer. (Ingezonden 8 juni 1995); Antwoord", "Bestand": "14Kb", "Permalink": "\nhttp://www.geencommentaar.nl/parlando/index.php?action=doc&filename=KVR1611\n", "Inhoud": "Arbeid (Algemeen) Milieu (Overig) Staats- en bestuursrecht (Ministeries)", "Rubriek": "Milieuhygi\u00c3\u00abne Volkshuisvesting Ruimtelijke Ordening Milieubeheer Werkgelegenheid", "Trefwoorden": "Kamervragen met antwoord 1994-1995, nr. 963, Tweede Kamer", "Vindplaats": "Volkshuisvesting, Ruimtelijke Ordening en Milieubeheer", "Afkomstig van": "<persoon partij=\"D66\">Augusteijn-Esser</persoon>", "Indiener": "\n", "Partij vertegenwoordiger": "1995-06-27", "Datum_reaktie": "1995-06-08", "Datum_indiening": "KVR1611", "vraag 1": "Verdwijnen bij het Directoraat-Generaal Milieubeheer (DGM) van uw ministerie in de komende jaren ruim 200 arbeidsplaatsen? ", "vraag 2": "Welke effecten zal deze capaciteitsreductie hebben op de uitvoering van de kerntaken door DGM? ", "vraag 3": "Is de toename van het aantal milieudeskundigen bij lagere overheden, andere ministeries, doelgroepen en het bedrijfsleven een reden om de uitvoering van bepaalde kerntaken aan deze instellingen over te dragen? ", "vraag 4": "Welke maatregelen zult u treffen om de integratie van het milieubeleid binnen de ministeries van Economische Zaken, Verkeer en Waterstaat en Landbouw, Natuurbeheer en Visserij vo\u00c2\u00b4o\u00c2\u00b4r 1998 te realiseren? ", "vraag 5": "Deelt u de mening, dat het inkrimpen van het aantal regionale milieu-inspecties een negatief effect zal hebben op de handhavingstaak van het ministerie? ", "vraag 6": "Komt door de voorgenomen inkrimping niet de invoering van het NMP2 onder druk te staan, juist nu blijkt dat de doelstellingen op vele terreinen nog niet worden gehaald? ", "antwoord 1": "[Ja, het voornemen bestaat om het aantal formatieplaatsen bij het Directoraat-Generaal Milieubeheer de komende jaren met ruim 200 te verminderen", "antwoord 2": "De capaciteitsreductie in het kader van de operatie DGM 2000 heeft geen gevolgen voor de kerntaken van DGM", "antwoord 3": "Het is niet de bedoeling om kerntaken van DGM over te laten aan anderen. De voortschrijdende integratie van het milieubeleid in andere sectoren alsmede de toename van de personele capaciteit voor milieutaken bij andere ministeries, andere overheden en doelgroepen van het milieubeleid vormen overwegingen om taken die in de uitvoeringsfase terechtkomen meer over te laten of over te dragen aan anderen", "antwoord 4": "De integratie van het milieubeleid in andere beleidsterreinen is een proces dat al enige jaren gaande is. Er is in dit proces nu een stadium bereikt waarin het mogelijk wordt om gecontroleerd en geconditioneerd taken over te laten of over te dragen aan andere ministeries, die daarop dan ook kunnen worden aangesproken", "antwoord 5": "Nee, de inkrimping vormt een onderdeel van de algehele reorganisatie van de Inspectie milieuhygie\u00c2\u00a8ne, die erop gericht is om de nieuwe regionale inspecties efficie\u00c2\u00a8nter en slagvaardiger te doen optreden", "antwoord 6": "Nee, de kerntaken van DGM en de uitvoering van de hoofdlijnen van het NMP2 zijn niet in het geding. ]"}