{"Bibliografische_omschrijving": "Vragen van het lid Kant (SP) aan de minister van Volksgezondheid, Welzijn en Sport over de verpleegkundigen van de Gelderse Vallei. (Ingezonden 18 juni 2002); Antwoord", "Bestand": "15Kb", "Permalink": "\nhttp://www.geencommentaar.nl/parlando/index.php?action=doc&filename=KVR15907\n", "Inhoud": "Vragen over het dreigende ontslag van 159 verpleegkundigen in ziekenhuis Gelderse Vallei en de consequenties van zo'n ontslag voor de zorgverlening van het ziekenhuis.", "Rubriek": "Gezondheidszorg (Medische beroepen) Inkomen en rechtspositie (Ontslagen)", "Trefwoorden": "Ontslagen Verpleegkundigen", "Vindplaats": "Kamervragen met antwoord 2001-2002, nr. 1354, Tweede Kamer", "Afkomstig van": "2010211620", "Indiener": "Volksgezondheid, Welzijn en Sport (VWS)", "Partij vertegenwoordiger": "<persoon partij=\"SP\">Kant</persoon>", "Datum_reaktie": "\n", "Datum_indiening": "2002-07-03", "vraag 1": "Wat is uw reactie op het dreigende ontslag van 159 verpleegkundigen in de Gelderse Vallei? 1 en 2 ", "vraag 2": "Wat zouden de consequenties kunnen zijn van zo\u00e2\u20ac\u2122n ontslag voor de zorgverlening van dit ziekenhuis? ", "vraag 3": "Deelt u de mening dat het ontslag van verpleegkundigen onverantwoord is? ", "vraag 4": "Hoe groot zijn de financi\u00c3\u00able problemen? Wat zijn de oorzaken hiervan? ", "vraag 5": "Is het waar dat de nieuwbouw zeer luxueus is opgezet? Zo ja, wat is uw mening daarover? ", "vraag 6": "Klopt het dat nieuwe specialisten zijn aangesteld zonder dat hier al erkenning voor was? Zo ja, om welke specialisten gaat het? Hoeveel tijd zat er tussen aanstelling en erkenning? Waarom worden erkenningen pas zo laat afgegeven? ", "vraag 7": "Bent u van plan de directie onder curatele te stellen en is dat de wens van personeel en bonden? Zo neen, op welk moment is dit wel aan de orde? ", "vraag 8": "Bent u bereid naar oplossingen van de financi\u00c3\u00able problemen te zoeken en te voorkomen dat de oplossing gezocht wordt in het ontslaan van verpleegkundigen? ", "vraag 9": "Is het waar dat het Waarborgfonds meer ziekenhuizen leningen heeft geweigerd omdat hun financi\u00c3\u00able situatie niet gezond genoeg is? Zo ja, wat zijn hiervan de oorzaken en wat gaat u hieraan doen? ", "antwoord 1": "[De berichten rond de financi\u00c3\u00able problemen van het ziekenhuis de Gelderse Vallei vervullen mij met zorg. Van de directie van het ziekenhuis heb ik echter begrepen, dat de berichten omtrent een eventueel ontslag van verpleegkundigen, op zijn minst voorbarig zijn. De directie is nog doende de omvang en oorzaak van de problematiek in beeld te brengen. Hoewel een instelling zelf verantwoordelijk is voor haar exploitatie, heb ik het bestuur van de Gelderse Vallei gevraagd om informatie en verzocht aan te geven hoe men denkt de problematiek het hoofd te bieden. Daarbij heb ik het bestuur er op gewezen, dat instellingen in financi\u00c3\u00able problemen zich dienen te wenden tot het CTG. Nadat ik de verzochte informatie van de instelling heb ontvangen zal ik u hierover informeren. Met betrekking tot de kwaliteit van de zorg heb ik de Inspectie voor de Gezondheidszorg benaderd. Zij heeft mij laten weten, dat er op dit moment nog geen problemen zijn rond de kwaliteit van de zorg, maar dat zij gezien de financi\u00c3\u00able problematiek van de instelling de vinger aan de pols zal houden", "antwoord 2": "Voor een onder curatele stelling beschik ik niet over de instrumenten, een instelling blijft zelf verantwoordelijk voor haar exploitatie. Wel kan ik op basis van een door de Inspectie geconstateerd kwaliteitsprobleem een aanwijzing geven. Bij gerezen financi\u00c3\u00able problemen dient een instelling zich samen met de verzekeraar, zoals hiervoor reeds aangegeven, tot het CTG te wenden. Blijkt de problematiek te omvangrijk of spelen er andere zaken, zoals juridische en/of managementproblemen die niet in het kader van de WTG kunnen opgelost, dan kan ik in het kader van het Protocol instellingen met financi\u00c3\u00able problemen het College sanering ziekenhuisvoorzieningen verzoeken uit te zoeken wat de precieze aard en omvang van de problematiek is, en te adviseren over de oplossing", "antwoord 3": "Het Waarborgfonds voor de Zorgsector (WfZ) is een private stichting die in 1999 door de (koepels van) veldpartijen in de zorg is opgericht. Door middel van garantiestelling van aflossings- en renteverplichtingen van instellingen richting kapitaalverschaffers maakt het WfZ het voor instellingen mogelijk tegen gunstige voorwaarden vreemd vermogen aan te trekken bij banken en andere kapitaalverschaffers. Het WfZ verschaft dus geen leningen aan zorginstellingen. Deelname aan het WfZ is vrijwillig. Daartegenover staat dat het WfZ eisen stelt aan de (potenti\u00c3\u00able) deelnemers. Deelnemers moeten voldoen aan eisen ten aanzien van zowel de vermogenspositie als ten aanzien van het (financieel) management binnen de instelling. Dit alles met als doel de risico\u00e2\u20ac\u2122s voor het fonds, en daarmee voor de deelnemende instellingen, zoveel mogelijk te reduceren en het rentevoordeel voor deelnemende instellingen zo groot mogelijk te laten zijn. Een (te) lakse houding van het WfZ op dit gebied zal immers het vertrouwen van de financi\u00c3\u00able sector in WfZ-gegarandeerde leningen verminderen, met als gevolg dat het rentevoordeel zal afnemen of zelfs verdwijnen. Gezien deze toetsing mag het duidelijk zijn dat het WfZ niet alle aanvragers toelaat tot het deelnemersbestand. De preventieve toetsing van het WfZ is daarmee een prikkel tot een verantwoord financieel beheer in zorginstellingen, hetgeen ik zeer toejuich. ]"}