{"Bibliografische_omschrijving": "Vragen van het lid De Wit (SP) aan de staatssecretaris van Sociale Zaken en Werkgelegenheid, dhr. Hoogervorst, over arbeidsongeschiktheid en het Uitvoeringsinstituut Werknemersverzekeringen (UWV). (Ingezonden 16 april 2002); Antwoord", "Bestand": "13Kb", "Permalink": "\nhttp://www.geencommentaar.nl/parlando/index.php?action=doc&filename=KVR15663\n", "Inhoud": "Vragen over veel gunstiger rechtspositie voorzitter Raad van bestuur Uitvoeringsinstituut Werknemersverzekeringen (UWV) ten opzichte van werknemers UWV. De voorzitter van de Raad van bestuur heeft recht op een bovenwettelijke uitkering bij arbeidsongeschiktheid en werkloosheid, alsmede een jaarlijkse toeslag.", "Rubriek": "Inkomen en rechtspositie (Algemeen) Sociale zekerheid (Arbeidsongeschiktheidsvoorzieningen (Ziektewet, WAO, AAW, IOAW, IOAZ)) Sociale zekerheid (Bedrijfsverenigingen)", "Trefwoorden": "Arbeidsongeschiktheid Rechtspositie Uitvoeringsinstellingen sociale verzekeringen", "Vindplaats": "Kamervragen met antwoord 2001-2002, nr. 1145, Tweede Kamer", "Afkomstig van": "2010209190", "Indiener": "Sociale Zaken en Werkgelegenheid (SZW)", "Partij vertegenwoordiger": "<persoon partij=\"SP\">De Wit</persoon>", "Datum_reaktie": "\n", "Datum_indiening": "2002-05-21", "vraag 1": "Kunt u bevestigen dat in de rechtspositieregeling van de voorzitter van de Raad van Bestuur van het Uitvoeringsinstituut Werknemersverzekeringen is vastgelegd dat deze bij arbeidsongeschiktheid respectievelijk werkloosheid in aanmerking komt voor een bovenwettelijke aanvulling, als bedoeld in de Suppletieregeling gedeeltelijke arbeidsongeschiktheid van de sector Rijk respectievelijk het Besluit bovenwettelijke uitkering bij werkloosheid voor de sector Rijk? ", "vraag 2": "Klopt het voorts dat deze voorzitter van het UWV jaarlijks een toeslag van maximaal 10% van zijn bezoldiging kan worden toegekend? ", "vraag 3": "Is het u tevens bekend dat voor het personeel van het UWV deze extra voorzieningen niet gelden? Wat vindt u van deze ongelijkheid in rechtspositie? Hoe verklaart u dit opmerkelijke verschil? ", "vraag 4": "Hoe valt het wegvallen van de bovenwettelijke aanvullingen voor het UWV-personeel te rijmen met het bepaalde in artikel 21 van de Invoeringswet Structuur Uitvoeringsorganisatie Werk en Inkomen (SUWI) op grond waarvan voorheen opgebouwde rechten van het personeel gerespecteerd moeten worden? ", "antwoord 1": "[Ja, dit heb ik inderdaad in de rechtspositieregeling vastgelegd", "antwoord 2": "Ja", "antwoord 3": "Het personeel van het UWV is werkzaam op grond van een arbeidsovereenkomst naar burgerlijk recht. Er is een CAO opgesteld in overleg met de vakorganisaties. Op basis van deze CAO zijn er een eigenstandige wachtgeldregeling, een regeling voor arbeidsongeschiktheid en vormen van prestatiebeloning voor het personeel van het UWV opgesteld. Er is dus wel degelijk een voorziening getroffen voor prestatiebeloning en aanvullingen bij werkloosheid en arbeidsongeschiktheid", "antwoord 4": "Op grond van artikel 21 van de Invoeringswet SUWI en artikel 7:663 Burgerlijk Wetboek zijn rechten en verplichtingen die voortvloeien uit de arbeidsovereenkomsten van de uitvoeringsinstellingen per 1 januari 2002 overgegaan op het UWV. Aangezien de arbeidsvoorwaarden van het personeel van de uitvoeringsinstellingen waren vastgelegd in een CAO, zijn ook de toepasselijke arbeidsvoorwaarden uit de CAO van rechtswege overgegaan op het UWV. Dit geldt echter totdat de betreffende CAO is ge\u00c3\u00abxpireerd. Daarna kan een andere CAO of een nieuwe CAO van toepassing worden. Per 1 april jongstleden is er een CAO overeengekomen voor het gehele UWV-personeel met een eigenstandige wachtgeldregeling en arbeidsongeschiktheidsregeling. Er blijven dus wel degelijk bovenwettelijke aanvullingen voor het personeel van het UWV bestaan. ]"}