{"Bibliografische_omschrijving": "Vragen van het lid Barth (PvdA) aan de ministers van Volksgezondheid, Welzijn en Sport en van Justitie over de Mr. A. de Graaf Stichting. (Ingezonden 6 februari 2002); Antwoord", "Bestand": "16Kb", "Permalink": "\nhttp://www.geencommentaar.nl/parlando/index.php?action=doc&filename=KVR15202\n", "Inhoud": "Vragen over de rol van de Mr. De Graaf Stichting bij de implementatie van de Wet opheffing bordeelverbod.", "Rubriek": "Strafrecht en strafprocesrecht (Misdrijven) Vrijetijdsbesteding (Horeca) Welzijn (Vrouwen)", "Trefwoorden": "Prostitutie", "Vindplaats": "Kamervragen met antwoord 2001-2002, nr. 731, Tweede Kamer", "Afkomstig van": "2010205600", "Indiener": "Volksgezondheid, Welzijn en Sport (VWS)", "Partij vertegenwoordiger": "<persoon partij=\"PvdA\">Barth</persoon>", "Datum_reaktie": "\n", "Datum_indiening": "2002-03-04", "vraag 1": "Bent u op de hoogte van de grote financi\u00c3\u00able problemen van de Mr. A. de Graaf Stichting? Hoe beoordeelt u deze situatie, nu duidelijk is dat de Stichting haar werkzaamheden op korte termijn zal moeten be\u00c3\u00abindigen als er geen verandering in de financi\u00c3\u00able positie plaatsvindt? ", "vraag 2": "Deelt u de mening dat de Mr. De Graaf Stichting een onmisbare rol speelt bij de implementatie van de wet Opheffing Bordeelverbod, gezien de onafhankelijke positie van de Stichting? Kunt u het antwoord toelichten? ", "vraag 3": "Is het waar dat de rol van de Mr. De Graaf Stichting in de evaluatie van de wet Opheffing Bordeelverbod anders is uitgepakt dan verwacht? Welke rol speelt de Mr. De Graaf Stichting nu bij de evaluatie? Welk bedrag is daarmee gemoeid? ", "vraag 4": "Wat is het resultaat van het gesprek van 17 januari jl., dat heeft plaatsgevonden tussen het ministerie van VWS en de Mr. De Graaf Stichting? ", "vraag 5": "Bent u bereid de subsidie van de Mr. De Graaf Stichting aan te vullen met de 58 500 die noodzakelijk is om opheffing van de Stichting af te wenden? Zo ja, op welke termijn? Zo neen, waarom niet? Deelt u de mening dat zowel het ministerie van VWS als het ministerie van Justitie belang hebben bij het voortbestaan van de Stichting, en dat dat belang een financi\u00c3\u00able vertaling verdient? Zo neen, waarom niet? Zo ja, tot welke bijdrage zal dit per ministerie leiden? ", "antwoord 1": "[Ja. De situatie van de Stichting kan ik nog niet beoordelen omdat een gedegen financi\u00c3\u00able onderbouwing voor 2002 ontbreekt", "antwoord 2": "De rol van de Stichting betreft het monitoren en het overdragen van kennis. Ook andere partijen vervullen hierin een rol", "antwoord 3": "De Stichting heeft voorafgaand aan de opheffing van het algemeen bordeelverbod de opdracht gekregen een onderzoek te verrichten naar de stand van zaken in de prostitutie in Nederland. Dit onderzoek was bedoeld als nulmeting ten behoeve van de evaluatie van de wetswijziging. Het onderzoek bleek onvoldoende informatie op te leveren om te kunnen dienen als volledige nulmeting voor de evaluatie. Dit is onder meer te verklaren uit het feit dat bepaalde delen van de prostitutiebranche moeilijk te onderzoeken zijn. Gelet hierop is besloten het vervolgonderzoek te splitsen in verschillende deelonderzoeken en deze aan meerdere onderzoekspartijen uit te besteden. Bij de evaluatie vervult de Stichting een rol in het monitoren en het overdragen van kennis als onderdeel van hun huidige taak en financi\u00c3\u00able budget (totale subsidiebedrag is ongeveer 138 000 EURO)", "antwoord 4": "De huidige begroting geeft onvoldoende inzicht in activiteiten en concrete producten van de Stichting en de financi\u00c3\u00able gevolgen daarvan. Met de Stichting is op 17 januari 2002 afgesproken dat de Stichting, uitgaande van de huidige financi\u00c3\u00able kaders, een begroting voor 2002 zal opstellen die dit inzicht wel biedt (VBTB). Deze nieuwe begroting zal halverwege april 2002 worden besproken. Eventuele financi\u00c3\u00able knelpunten komen daarbij dan ook aan de orde. ]"}