{"Bibliografische_omschrijving": "Vragen van het lid De Haan (CDA) aan de staatssecretaris van Financi\u00c3\u00abn over de Europeesrechtelijke houdbaarheid van de Nederlandse \u00c2\u00absurtax\u00c2\u00bb. (Ingezonden 12 oktober 2001); Antwoord", "Bestand": "14Kb", "Permalink": "\nhttp://www.geencommentaar.nl/parlando/index.php?action=doc&filename=KVR14566\n", "Inhoud": "Belastingen (Dividendbelasting) Geld (Beleggingen)", "Rubriek": "Aandelen Dividendbelasting", "Trefwoorden": "Kamervragen met antwoord 2001-2002, nr. 224, Tweede Kamer", "Vindplaats": "2010200990", "Afkomstig van": "Financi\u00c3\u00abn (FIN)", "Indiener": "<persoon partij=\"CDA\">De Haan</persoon>", "Partij vertegenwoordiger": "\n", "Datum_reaktie": "2001-11-07", "Datum_indiening": "2001-10-12", "vraag 1": "Bent u bekend met het arrest van het Hof van de Europese Gemeenschappen gewezen 4 oktober jl. in de zaak C-294/99? ", "vraag 2": "Beaamt u dat in deze zaak beslist lijkt te zijn dat een nationale regeling die aangrijpt bij een winstuitdeling en daardoor begrensd wordt, in strijd kan komen met de richtlijn 90/435/EEG voor moedermaatschappijen en dochterondernemingen uit verschillende lidstaten (de Moeder-Dochter richtlijn) ook al is de vorm waarin de belasting wordt geheven sterk afwijkend van die van een traditionele bronbelasting? ", "vraag 3": "Acht u het denkbaar dat dit arrest ook van betekenis is voor de toepassing van de Invoeringswet Inkomstenbelasting 2001 artikel IV onderdeel B (de \u00c2\u00absurtax\u00c2\u00bb)? Zo neen, welke relevante verschillen ziet hij die hem tot een ontkennende conclusie brengen? ", "vraag 4": "Heeft bovengenoemde zaak, die in 1999 al bij het Hof is gebracht, nog een rol gespeeld bij de vormgeving van de Nederlandse \u00c2\u00absurtax\u00c2\u00bb en bij de beantwoording van de vragen vanuit de Tweede Kamer over de Europeesrechtelijke houdbaarheid van deze regeling tijdens de parlementaire behandeling? Zo neen, waarom niet? ", "antwoord 1": "[Ja", "antwoord 2": "In de zaak C-294/99 bij arrest van 4 oktober jongstleden heeft het Hof van de Europese Gemeenschappen beslist dat een specifieke Griekse regeling die aangrijpt bij een winstuitdeling en daardoor begrensd wordt, in strijd kan komen met de richtlijn 94/435/EEG voor moedermaatschappijen en dochterondernemingen uit de verschillende lidstaten", "antwoord 3": "Deze vraag betreft de verhouding tussen artikel IV, onderdeel B, Invoeringswet Inkomstenbelasting 2001 (de zogenaamde \u00c2\u00absurtax\u00c2\u00bb) en de Moeder-Dochterrichtlijn. De vraag is in het bijzonder hoe deze verhouding bezien dient te worden in het licht van het arrest van het Hof in de zaak C-294/99. Het arrest van het Hof van de Europese Gemeenschappen in de zaak C-294/99 kan mogelijk van belang zijn voor de beoordeling van de surtax in het licht van de Moeder-Dochterrichtlijn. Zonder nadere bestudering van het arrest en vergelijking van de desbetreffende Griekse regeling en de Nederlandse surtax is het voor mij op dit moment echter niet mogelijk een definitieve beoordeling te geven. Bij deze vergelijking zijn mijns inziens onder meer de achtergrond van de surtax, de beperking in de tijd tot de overgangsperiode van vijf jaar en de evenredige vermindering relevant. Wanneer ik mijn beoordeling heb afgerond, zal ik u nader informeren", "antwoord 4": "Tijdens de parlementaire behandeling van de Invoeringswet inkomstenbelasting 2001 is de vraag reeds aan de orde gekomen of de additionele heffing van vennootschapsbelasting conform het desbetreffende artikel in kwestie niet in strijd zou zijn met de Moeder-Dochterrichtlijn. Destijds kon het antwoord van het Hof op de prejudici\u00c3\u00able vraag gesteld in de zaak C-294/99 geenszins met zekerheid worden voorspeld. Op het nu voorliggende arrest van het Hof van de Europese Gemeenschappen kon daarom niet worden vooruitgelopen. ]"}