{"Bibliografische_omschrijving": "Vragen van de leden Hoekema (D66), Koenders (PvdA), Van Ardenne-van der Hoeven (CDA), Karimi (GroenLinks) en Van Baalen (VVD) aan de minister van Buitenlandse Zaken over vrijlating op humanitaire gronden van oud-dictator Pinochet. (Ingezonden 1 december 1999); Antwoord", "Bestand": "15Kb", "Permalink": "\nhttp://www.geencommentaar.nl/parlando/index.php?action=doc&filename=KVR10774\n", "Inhoud": "Staats- en bestuursrecht (Grondrechten) Strafrecht en strafprocesrecht (Uitlevering) Strafrecht en strafprocesrecht (Vervolging)", "Rubriek": "Aanhoudingen Chili Mensenrechten Strafvervolging Uitleveringen", "Trefwoorden": "Kamervragen met antwoord 1999-2000, nr. 460, Tweede Kamer", "Vindplaats": "2990003660", "Afkomstig van": "Buitenlandse Zaken", "Indiener": "<persoon partij=\"D66\">Hoekema</persoon>", "Partij vertegenwoordiger": "\n", "Datum_reaktie": "<persoon partij=\"PvdA\">Koenders</persoon>", "Datum_indiening": "\n", "vraag 1": "Bent u op de hoogte van het aanstaande medische onderzoek van Pinochet dat Minister Straw als voorwaarde heeft gesteld om het Chileense verzoek om Pinochet op humanitaire gronden vrij te laten in overweging te kunnen nemen? ", "vraag 2": "Is de Nederlandse regering benaderd door de Chileense regering met het verzoek haar contacten met de regering-Blair aan te wenden om vrijlating van Pinochet op humanitaire gronden te bepleiten? Zo ja, wat is de Nederlandse regering van plan met dit verzoek te doen, respectievelijk wat heeft de regering ermee gedaan? ", "vraag 3": "In hoeverre zijn volgens de Nederlandse regering de internationale rechtspraak en de slachtoffers van dictaturen en hun familieleden gediend met vrijlating op humanitaire gronden? ", "vraag 4": "Heeft de Chileense delegatie, die het Internationaal Gerechtshof heeft bezocht in het kader van het dagen van Spanje voor dit internationaal hof met betrekking tot de interpretatie van de conventies over marteling, hierover contacten gehad met Nederlandse regeringsfunctionarissen? Zo ja, wat was de uitkomst van een dergelijk contact? ", "vraag 5": "Bent u bereid, vooruitlopend op de totstandkoming van het Internationaal Strafhof, duidelijk uw opvatting kenbaar te maken over zowel de rechtmatigheid van de tot nu toe gevolgde rechtsgang inzake Pinochet als de wenselijkheid via dit en soortgelijke processen inhoud te geven aan de conventies over marteling, gedwongen verdwijningen en genocide, die Nederland ondertekend heeft? ", "antwoord 1": "[Ja", "antwoord 2": "De Nederlandse regering is op geen enkele wijze door de Chileense regering over deze kwestie benaderd", "antwoord 3": "De regering acht het van groot belang dat internationale misdrijven vervolgd worden. De vraag in hoeverre volgens de Nederlandse regering de internationale rechtspraak en de slachtoffers van dictaturen en hun familieleden gediend zijn met vrijlating op humanitaire gronden is in zijn algemeenheid niet eenduidig te beantwoorden. Wat slachtoffers en hun familieleden betreft is uiteraard moeilijk voorstelbaar dat zij een dergelijke vrijlating als rechtvaardig zullen ervaren. Een eventuele beslissing tot vrijlating op humanitaire gronden dient dan ook niet dan met de grootst mogelijke zorgvuldigheid te worden genomen. Ik heb geen reden eraan te twijfelen dat minister Straw in dit geval overeenkomstig dit uitgangspunt zal handelen", "antwoord 4": "De genoemde Chileense delegatie heeft geen contact gehad met Nederlandse regeringsfunctionarissen", "antwoord 5": "Zoals bij vele eerdere gelegenheden waarbij dit onderwerp aan de orde kwam is opgemerkt, onthoudt de regering zich van een oordeel over de rechtmatigheid van de rechtsgang inzake Pinochet. Als partij bij de bedoelde verdragen, die onder meer beogen te verzekeren dat internationale misdrijven vervolgd worden, onderschrijft Nederland het gebruik van de in de verdragen opgenomen procedures en juicht Nederland dit gebruik toe. ]"}