{"Bibliografische_omschrijving": "Vragen van de leden Verburg en Oerle (beiden CDA) aan de staatssecretaris van Sociale Zaken en Werkgelegenheid, mw. Verstand-Bogaert, over het ESF EQUAL programma. (Ingezonden 9 juli 2002); Antwoord", "Bestand": "22Kb", "Permalink": "\nhttp://www.geencommentaar.nl/parlando/index.php?action=doc&filename=KVR16098\n", "Inhoud": "Kan het vrijgevallen ESF-EQUAL-budget alsnog ingezet worden voor organisaties die voldeden aan de kwaliteitscriteria, maar waarvoor eerder geen budget beschikbaar was?", "Rubriek": "Arbeid (Subsidies) Arbeid (Werkloosheidsbestrijding)", "Trefwoorden": "Arbeidsvoorziening Europees Sociaal Fonds", "Vindplaats": "Kamervragen met antwoord 2001-2002, nr. 1516, Tweede Kamer", "Afkomstig van": "2010212440", "Indiener": "Sociale Zaken en Werkgelegenheid (SZW)", "Partij vertegenwoordiger": "<persoon partij=\"CDA\">Verburg</persoon>", "Datum_reaktie": "\n", "Datum_indiening": "<persoon partij=\"CDA\">Oerle</persoon>", "vraag 1": "Hoe groot is het budget aan ESF-EQUAL-gelden dat is vrijgevallen doordat een aantal projecten geen aanspraak kunnen maken op het toegekende bedrag? ", "vraag 2": "Welke andere oorzaken zijn er voor het niet-gebruik, naast het niet beschikken over voldoende cofinanciering? ", "vraag 3": "Zal het vrijgevallen budget alsnog ingezet worden voor organisaties die voldeden aan de kwaliteitscriteria, maar waarvoor eerder geen budget beschikbaar was? ", "vraag 4": "Klopt het dat organisaties, waarvoor in eerste instantie geen budget beschikbaar was, de toezegging hebben gekregen dat hun aanvraag bij het vrijvallen van budget alsnog behandeld zou worden? ", "vraag 5": "Welke acties zult u ondernemen met betrekking tot de toekenning van de vrijgevallen ESF-EQUAL-gelden? ", "antwoord 1": "[EQUAL is een Europees subsidieprogramma dat tot doel heeft met vernieuwende initiatieven discriminatie en ongelijkheid op de arbeidsmarkt tegen te gaan. De programmaperiode is verdeeld in twee tranches. Het totale beschikbare budget voor de eerste tranche (2001 t/m 2003) bedraagt 97 006 000. Er zijn veel aanvragen ingediend; lang niet alle verzoeken konden worden gehonoreerd. Op 15 november 2001 zijn 110 projecten (voorlopig) goedgekeurd. Tot 15 mei 2002 hebben de geselecteerde projecten gelegenheid gehad om de projecten naar voor EQUAL geldende voorwaarden in te richten. Het totale vrij te vallen budget is op dit moment nog niet bekend. Momenteel vindt er een definitieve beoordeling plaats. Daarbij kunnen projecten alsnog worden afgewezen. Zoals in de brief aan de TK van 29 januari 2002 is vermeld waren er op 15 november 2001 110 EQUAL-projecten goedgekeurd voor een totaalbedrag van 91 658 150. Van de 110 projecten hebben zich 10 projecten teruggetrokken met een totaalbudget van ruim 6 miljoen. Dit bedrag valt in elk geval vrij", "antwoord 2": "Er zijn verschillende andere redenen te noemen waarom projecten zich hebben teruggetrokken (er zijn nog geen projecten afgewezen), zoals: \u00e2\u20ac\u00a2 het niet rond kunnen krijgen van het samenwerkingsverband/ ontwikkelingspartnerschap omdat een of meer organisaties zich hebben teruggetrokken; \u00e2\u20ac\u00a2 een of meer partners achten de financi\u00c3\u00able risico\u00e2\u20ac\u2122s te groot en trekken zich terug; \u00e2\u20ac\u00a2 de administratieve verplichtingen worden te zwaar bevonden", "antwoord 3": "Het vrijgevallen budget zal opnieuw worden toegedeeld met inachtneming van de grenzen die de Europese Commissie daaraan stelt. In de EQUAL-regelgeving is namelijk bepaald dat geen budgetten mogen worden overgeheveld van de ene pijler naar de andere pijler. Dit betekent dat overschotten op thema A alleen kunnen worden ingezet voor reserveprojecten in thema A. Onderstaande tabel toont de verdeling van de teruggetrokken projecten naar thema. Thema Benaming Bedrag in A Verbeteren (her-)intredemogelijkheden op de arbeidsmarkt 2 717 292 C Scheppen van mogelijkheden om een bedrijf te starten 2 596 785 E Bevordering scholing en aansluiting op de arbeidsmarkt 161 810 G Combinatie arbeid en zorg 426 422 H Verkleinen genderkloof 115 000 Totaal 6 017 309 Op de thema\u00e2\u20ac\u2122s A en E staan projecten op een reservelijst die mogelijk nog in aanmerking kunnen komen voor financiering. De betreffende organisatoren worden op korte termijn benaderd en er wordt bezien of deze projecten alsnog met de uitwerking van hun project kunnen starten", "antwoord 4": "Zie antwoord 3. ]"}