{"Bibliografische_omschrijving": "Vragen van het lid Blaauw (VVD) over eigendomsakten van Griekse Cyprioten (Ingezonden 3 april 1995); Antwoord", "Bestand": "14Kb", "Permalink": "\nhttp://www.geencommentaar.nl/parlando/index.php?action=doc&filename=KVR1459\n", "Inhoud": "Betreft de inhoud en uitvoering van de regeling voor de compensatie van Griekse Cyprioten en Turkse Cyprioten, die door feitelijke deling van het eiland bezittingen zijn kwijtgeraakt.", "Rubriek": "Burgerlijk recht en burgerlijk procesrecht (Zakelijke rechten)", "Trefwoorden": "Cyprus Eigendom Onroerende zaken", "Vindplaats": "Kamervragen met antwoord 1994-1995, nr. 815, Tweede Kamer", "Afkomstig van": "Buitenlandse Zaken", "Indiener": "<persoon partij=\"VVD\">Blaauw</persoon>", "Partij vertegenwoordiger": "\n", "Datum_reaktie": "1995-05-22", "Datum_indiening": "1995-04-03", "vraag 1": "Heeft de heer Denktash het voornemen eigendomsakten van Griekse Cyprioten te verstrekken aan Turkse Cyprioten en mogelijk Turkse immigranten? ", "vraag 2": "Bestaat er een regeling inzake de eigendomsakten van Griekse Cyprioten? ", "vraag 3": "Zo ja, hoe verloopt de uitvoering van deze regeling? ", "vraag 4": "Bestaat er een regeling inzake de eigendomsakten van Turkse Cyprioten? ", "vraag 5": "Zo ja, hoe verloopt de uitvoering hiervan? ", "vraag 6": "Hoeveel Turkse immigranten bevinden zich in het deel van Cyprus dat door Turkse Cyprioten bewoond wordt? ", "vraag 7": "Financiert de EU projecten in het deel van Cyprus dat door Griekse Cyprioten bewoond wordt? ", "vraag 8": "Zo ja, voor welk bedrag? ", "vraag 9": "Financiert de EU projecten in het deel van Cyprus dat door Turkse Cyprioten bewoond wordt? ", "vraag 10": "Zo ja, voor welk bedrag? ", "antwoord 1": "[Ja. Een daartoe strekkend wetsvoorstel is bij het parlement van de \u00c2\u00abTurkse Republiek Noord-Cyprus\u00c2\u00bb ingediend. 2, 4 In beide delen van Cyprus bestaat een regeling voor de compensatie van diegenen die door de feitelijke deling van het eiland bezittingen in het andere deel zijn kwijtgeraakt. Die regeling houdt grosso modo in dat onroerend goed dat men in het andere deel is kwijtgeraakt wordt gecompenseerd met verlaten onroerend goed in het eigen deel. In feite wordt met deze regelingen vooruitlopen op de regeling zoals neergelegd in de UN set of ideas. 3, 5 De uitvoering van de regeringen verloopt niet altijd even vlekkeloos. Dit is onder andere te wijten aan het feit dat de eigendomsverhoudingen als gevolg van de elkaar opvolgende rechtssystemen (Osmaans, Brits, Cypriotisch en respectievelijk Grieks-Cypriotisch en Turks-Cypriotisch) in vele gevallen niet erg duidelijk zijn", "antwoord 2": "Volgens een schatting die de Spaanse parlementarie\u00c2\u00a8r Cuco in 1992 voor de Raadgevende Vergadering van de Raad van Europa maakte bedraagt het aantal Turkse immigranten 27 000. Voorts bevindt zich een aantal seizoenarbeiders in het Noordelijk deel, doch zij hebben geen officie\u00c2\u00a8le verblijfsstatus", "antwoord 3": "Ja", "antwoord 4": "Onder het derde financie\u00c2\u00a8le protocol met Cyprus (dat gold tot 31 december 1993) is hiervoor 13 mln. ECU aan giften en 44 mln. ECU aan leningen via de EIB beschikbaar gesteld", "antwoord 5": "Ja", "antwoord 6": "Onder het derde financie\u00c2\u00a8le protocol met Cyprus is hiervoor 5 mln. ECU aan giften beschikbaar gesteld. Gezien het feit dat de EU de Turkse Republiek op Cyprus niet erkent is het niet mogelijk EIB leningen af te sluiten; voor dergelijke leningen dient nl. een volkenrechtelijke overeenkomst te worden afgesloten. ]"}