{"Bibliografische_omschrijving": "Vragen van het lid Atsma (CDA) aan de staatssecretaris van Onderwijs, Cultuur en Wetenschappen, dhr. Van der Ploeg, en de staatssecretaris van Volksgezondheid, Welzijn en Sport over de ondertiteling voor doven en slechthorenden van tv-programma's. (Ingezonden 24 april 2002); Antwoord", "Bestand": "17Kb", "Permalink": "\nhttp://www.geencommentaar.nl/parlando/index.php?action=doc&filename=KVR15668\n", "Inhoud": "Gevraagd wordt onder meer hoe de stand van zaken is met betrekking tot het ondertitelen van alle programma's van de landelijke omroep in 2010.", "Rubriek": "Communicatie, media en informatievoorziening (Radio en televisie) Welzijn (Lichamelijk gehandicapten)", "Trefwoorden": "Lichamelijk gehandicapten Televisie", "Vindplaats": "Kamervragen met antwoord 2001-2002, nr. 1150, Tweede Kamer", "Afkomstig van": "2010209620", "Indiener": "Onderwijs, Cultuur en Wetenschappen (OCW)", "Partij vertegenwoordiger": "<persoon partij=\"CDA\">Atsma</persoon>", "Datum_reaktie": "\n", "Datum_indiening": "2002-05-21", "vraag 1": "Wat is op dit moment de stand van zaken met betrekking tot het door u in 1999 gestelde doel dat in 2010 alle programma\u00e2\u20ac\u2122s van de landelijke publieke omroep ondertiteld moeten zijn? ", "vraag 2": "Deelt u de mening dat als de doelstelling niet wordt gehaald, de publieke omroep als geheel hierop aangesproken moet worden? ", "vraag 3": "Wat zijn de kosten om programma\u00e2\u20ac\u2122s van ondertiteling te voorzien en bent u bereid de publieke omroep hiervoor aanvullend middelen beschikbaar te stellen? Zo neen, waarom niet? ", "vraag 4": "Is het u bekend dat ook de regionale publieke omroep incidenteel programma\u00e2\u20ac\u2122s van ondertiteling voorziet? Vindt u dat de doelstelling die voor de landelijke publieke omroep van toepassing is ook voor de regionale omroep zou moeten gelden? ", "vraag 5": "Bent u bereid via het IPO en ROOS aanvullend extra middelen beschikbaar te stellen om ondertiteling van programma\u00e2\u20ac\u2122s op de regionale publieke omroep mogelijk te maken? ", "antwoord 1": "[De NOS heeft in zijn Begroting 2002 het uitgangspunt onderschreven dat in 2010 alle Nederlandstalige programma\u00e2\u20ac\u2122s van de landelijke publieke omroep van ondertiteling moeten zijn voorzien. Op dit moment stijgt het aantal uren ondertiteling in absolute zin, echter het percentage ondertitelde Nederlandstalige programma\u00e2\u20ac\u2122s stijgt niet. Ik heb de NOS verzocht een plan van aanpak op te stellen om mijn doelstelling te realiseren. De NOS verricht op dit moment onderzoek naar de organisatie van de eenheid die de ondertiteling verzorgt. Het onderzoek moet leiden tot een operationeel plan. Ook zal naar aanleiding van de resultaten van het onderzoek nader overleg met de NOS plaatsvinden over de voortgang van de ondertiteling", "antwoord 2": "Ja. Ik heb de NOS als vertegenwoordiger van de gehele Nederlandse publieke omroep daar reeds op aangesproken. Zo nodig zal het percentage in het Mediabesluit worden voorgeschreven", "antwoord 3": "De kosten van ondertiteling hangen sterk af van de aard van de programmaonderdelen, het al dan niet live uitzenden en de gestelde kwaliteitseisen. Een indicatie is: 250 tot 600 /programmauur. In het onderzoek van de NOS wordt ook gekeken naar een financieringsmodel om te komen tot volledige ondertiteling. Binnen de begroting van de landelijke publieke omroep zijn op voorstel van de NOS meerdere malen budgetten toegewezen voor het uitbreiden van de ondertiteling. Ik verwacht opnieuw een dergelijk voorstel in de begroting 2003 van de NOS. Overigens is het de vraag of het niet voor de hand ligt om bij groei naar 100% ondertiteling de kosten van ondertiteling te behandelen als gewone productiekosten, dat wil zeggen als een vast onderdeel van het programmaproductiebudget", "antwoord 4": "Ja. Ik heb aan de ROOS in 1999 subsidie verleend voor een proef met ondertiteling bij een drietal regionale omroepen, namelijk in Groningen, Friesland en Zeeland. Ik verwacht binnenkort de rapportage van dit project. Met deze subsidie heb ik het belang van ondertiteling van de programma\u00e2\u20ac\u2122s van de regionale omroepen onderstreept. Het is allereerst de verantwoordelijkheid van de regionale omroepen om hieraan een vervolg te geven", "antwoord 5": "De verantwoordelijkheid voor de financiering van regionale publieke omroepen ligt bij de provincies. Dat geldt derhalve ook voor de ondertiteling. Ik heb daar reeds eerder op gewezen bij de beantwoording van vragen van de leden Eisses-Timmerman en Atsma (Aanhangsel Handelingen nr. 1217, vergaderjaar 1998\u00e2\u20ac\u201c1999). ]"}