{"Bibliografische_omschrijving": "Vragen van het lid Cornielje (VVD) aan de ministers van Justitie en van Binnenlandse Zaken en Koninkrijksrelaties over bedreiging van mevrouw Ayaan Hirsi Ali. (Ingezonden 30 september 2002); Antwoord", "Bestand": "15Kb", "Permalink": "\nhttp://www.geencommentaar.nl/parlando/index.php?action=doc&filename=KVR16387\n", "Inhoud": "Indiender informeert of mevrouw Ayaan Hirsi Ali in aanmerking komt voor beveiliging van overheidswege.", "Rubriek": "Criminaliteit en openbare orde (Particuliere bewakings- en beveiligingsdiensten) Criminaliteit en openbare orde (Veiligheid)", "Trefwoorden": "Openbare orde en veiligheid Particuliere beveiligingsdiensten", "Vindplaats": "Kamervragen met antwoord 2002-2003, nr. 95, Tweede Kamer", "Afkomstig van": "2020300800", "Indiener": "Justitie (JUS) Binnenlandse Zaken en Koninkrijksrelaties (BZK)", "Partij vertegenwoordiger": "<persoon partij=\"VVD\">Cornielje</persoon>", "Datum_reaktie": "\n", "Datum_indiening": "2002-10-01", "vraag 1": "Is het waar dat mevrouw Ayaan Hirsi Ali op dit moment beveiligd wordt door een particuliere beveiligingsdienst die betaald wordt door de Wiarda Beckman Stichting? ", "vraag 2": "Bent van mening dat mevrouw Ayaan Hirsi Ali voor bescherming van overheidswege in aanmerking dient te komen? ", "antwoord 1": "[Mevrouw Ayaan Hirsi Ali wordt, op initiatief en in opdracht van haar werkgever, begeleid door een particulier bedrijf", "antwoord 2": "Wij stellen voorop dat, als personen worden bedreigd in hun persoonlijke veiligheid en onder die omstandigheid in het openbaar hun mening wensen te uiten, zij daarvoor zoveel mogelijk in de gelegenheid dienen te worden gesteld door effectieve politiebescherming. Zou zodanige bescherming niet worden geboden, dan dreigt de vrijheid van meningsuiting \u00e2\u20ac\u201c een belangrijke pijler in onze rechtsstaat \u00e2\u20ac\u201c zelf in het gedrang te komen. In het kader van de beantwoording van deze vraag is het voorts wenselijk de bestaande verantwoordelijkheden en procedures te schetsen. De lokale autoriteiten zijn primair verantwoordelijk. Personen die zich bedreigd voelen of bedreigd worden, dienen zich dan ook te wenden tot de lokale politie. Betrokkenen hebben ook een eigen verantwoordelijkheid als het gaat om hun veiligheid. Daarnaast heeft ook, in voorkomend geval, een werkgever een verantwoordelijkheid voor de veiligheid van zijn personeel. Op rijksniveau zijn de ministers van BZK en Justitie verantwoordelijk. De minister van BZK is verantwoordelijk voor de algemene zorg voor de handhaving van de openbare orde en, vanuit deze verantwoordelijkheid, voor het beleid inzake bewaking en beveiliging. De minister van BZK adviseert \u00e2\u20ac\u201c door tussenkomst van het NCC \u00e2\u20ac\u201c via de commissarissen van de Koningin de betrokken burgemeester(s) en regionale politiekorpsen over bewakings- en beveiligingsmaatregelen ten aanzien van objecten. De minister van Justitie is verantwoordelijk voor de strafrechtelijke handhaving van de rechtsorde en, vanuit deze verantwoordelijkheid, mede verantwoordelijk voor het beleid inzake de bewaking en beveiliging. De minister van Justitie is daarnaast verantwoordelijk voor de uitvoering van de persoonsbeveiliging. Maatregelen worden uitgevoerd op basis van het bestaan van een dreiging, die in de zogenoemde Technische Evaluatiecommissie (TEC) wordt ge\u00c3\u00abvalueerd, op basis van door de diensten (AIVD, KLPD, MIVD) aangeleverde informatie. De TEC geeft haar advies over het dreigingsniveau en eventueel te nemen maatregelen aan de zogenoemde Grote Evaluatiedriehoek (GED). De GED besluit over de in voorkomend geval te adviseren maatregelen; aldus komt de verantwoordelijkheid van bovengenoemde bewindslieden tot uiting. Voor een meer gedetailleerde behandeling van het onderwerp \u00c2\u00abbewaking en beveiliging\u00c2\u00bb mogen wij u kortheidshalve verwijzen naar paragraaf 3 in onze brief aan de Tweede Kamer van 10 juni 2002 (Kamerstuk 28 374, nr. 2). Met betrekking tot de bedreiging van mevrouw Ayaan Hirsi Ali is conform bovenstaande uitgangspunten gehandeld. De gebeurtenissen en de door de betrokken verantwoordelijken ondernomen acties in de tijd geplaatst, geven het volgende beeld. Geconcludeerd kan worden dat alle betrokkenen conform de gebruikelijke lijnen hebben gehandeld, waarbij de afwegingen over de te treffen maatregelen op de daartoe ge\u00c3\u00abigende niveaus hebben plaatsgevonden. Een en ander heeft geleid tot een adequaat pakket van maatregelen. Er is voor de rijksoverheid thans ook geen aanleiding om aanvullende maatregelen te adviseren of zelf te nemen. Wij zullen de situatie met betrekking tot de veiligheid van mevrouw Ayaan Hirsi Ali en de naar aanleiding daarvan getroffen maatregelen nauwgezet blijven monitoren. Indien feiten en omstandigheden anders komen te liggen, zal opnieuw een afweging worden gemaakt op de daartoe ge\u00c3\u00abigende niveaus. Indien die feiten en omstandigheden een andere (sterkere) dreiging opleveren, dan wel dat de werkgever de inspanning van het particuliere bedrijf niet langer kan laten leveren, zal de inzet van de regionale korpsen worden ge\u00c3\u00afntensiveerd. ]"}