{"Bibliografische_omschrijving": "Vragen van het lid Van Bommel (SP) aan de minister van Binnenlandse Zaken en Koninkrijksrelaties over de wachtgeldregeling. (Ingezonden 24 juli 2002); Antwoord", "Bestand": "14Kb", "Permalink": "\nhttp://www.geencommentaar.nl/parlando/index.php?action=doc&filename=KVR16040\n", "Inhoud": "Gevraagd wordt onder meer of het waar is dat oud-staatssecretaris Bijlhout recht heeft op 2 jaar wachtgeld, op grond van artikel 8 uit de Algemene pensioenwet politieke ambtsdragers. Deze vragen dienen ter aanvulling op eerdere vragen hierover van het lid Th.C. de Graaf, ingezonden 24 juli 2002.", "Rubriek": "Sociale zekerheid (Werkloosheidsvoorzieningen (WW, WWV)) Staats- en bestuursrecht (Regering)", "Trefwoorden": "Staatssecretarissen Werkloosheidsverzekeringen", "Vindplaats": "Kamervragen met antwoord 2001-2002, nr. 1471, Tweede Kamer", "Afkomstig van": "2010213040", "Indiener": "Binnenlandse Zaken en Koninkrijksrelaties (BZK)", "Partij vertegenwoordiger": "<persoon partij=\"SP\">Van Bommel</persoon>", "Datum_reaktie": "\n", "Datum_indiening": "2002-07-26", "vraag 1": "Is het waar dat oud-staatssecretaris Bijlhout recht heeft op twee jaar wachtgeld op grond van artikel 8 uit de Algemene pensioenwet politieke ambtsdragers? ", "vraag 2": "Is het waar dat voor het verkrijgen van wachtgeld expliciet aanvraag moet worden gedaan? Heeft de oud-staatssecreatris dit inmiddels gedaan of is zij voornemens om van de regeling gebruik te gaan maken? ", "vraag 3": "Bent u bereid de wet zodanig te wijzigen dat de wachtgeldregeling vergelijkbaar wordt met die voor oud-Kamerleden zodat bewindslieden die korter dan 3 maanden bewindspersoon zijn geweest maximaal 6 maanden recht op wachtgeld hebben? ", "antwoord 1": "[Ja, met dien verstande dat dit niet voortvloeit uit artikel 8, maar uit artikel 6 (het recht op uitkering) en artikel 7 (de duur van het recht) van de Algemene pensioenwet politieke ambtsdragers (Appa)", "antwoord 2": "Neen. Het systeem van de wet is dat de uitkering ambtshalve wordt toegekend, uiteraard mits aan de voorwaarden wordt voldaan, tenzij de betrokkene te kennen geeft die toekenning niet te willen (artikel 6, tweede lid van de Appa). Van dat laatste is mij in dit geval niet gebleken", "antwoord 3": "De hoofdregel voor de duur van een recht op uitkering op grond van de Appa is dat de uitkeringsduur gelijk is aan de duur van de functievervulling, met een minimum van twee jaar en een maximum van zes jaar. In 1979 is als uitzondering op deze regel opgenomen een uitkeringsduur van zes maanden indien de duur van de functievervulling minder dan drie maanden is geweest. De categorie ministers en staatssecretarissen is toen buiten deze uitzondering gelaten. De voornaamste overweging daarbij was indertijd dat bij het aanvaarden van het ambt van bij voorbeeld kamerlid de mogelijkheid tot het (voorlopig) aanhouden van de bestaande betrekking aanwezig is, terwijl zulks niet mogelijk is bij de aanvaarding van het ambt van minister of staatssecretaris. Aangegeven werd dat voor een minister of staatssecretaris het onmogelijk is naast dit ambt nog een andere functie te bekleden. (Kamerstukken II, 1977, 14 333, nr. 8, pagina 14). Behalve voor kamerleden geldt ook voor wethouders en gedeputeerden dat bij een functievervulling korter dan drie maanden de uitkeringsduur zes maanden bedraagt (artikel 132, derde lid, Appa). Ik ben bereid om in overleg met uw Kamer te bezien of de Appa op dit punt voor heroverweging in aanmerking komt. Ik zou dit vraagstuk echter dan in breder verband willen beoordelen en betrekken bij de beraadslagingen over de Notitie Rechtspositie politieke ambtsdragers (kamerstukken 28 479). In deze notitie worden de rechtspositieregelingen in samenhang bezien en op onderlinge consistentie beoordeeld. Tevens wordt bezien in hoeverre verdere modernisering en normalisering van de regelgeving wenselijk en mogelijk is. In dat kader komen ook de regelingen voor een uitkering bij aftreden aan de orde. Bij de beoordeling van uitkeringsregelingen voor politieke functies is een belangrijk aandachtspunt dat deze functies een bepaalde onzekerheid met zich meebrengen, ook wel aangeduid als het politieke risico. De rechtspositionele onzekerheden vereisen specifieke voorzieningen. In genoemde notitie wordt daar dieper op ingegaan en worden voorstellen geformuleerd. ]"}