{"Bibliografische_omschrijving": "Vragen van het lid Boorsma (CDA) op 21februari 2002 meegedeeld aan de minister van Volksgezondheid, Welzijn en Sport over de notitie versimpeling uitvoeringsregelingen.; Antwoord", "Bestand": "13Kb", "Permalink": "\nhttp://www.geencommentaar.nl/parlando/index.php?action=doc&filename=KVR15235\n", "Inhoud": "Vragen naar aanleiding van het Zorgdebat van 30 oktober 2001, met name over versimpeling van de bureaucratie in de zorgsector.", "Rubriek": "Gezondheidszorg (Algemeen)", "Trefwoorden": "Gezondheidszorg", "Vindplaats": "Kamervragen met antwoord 2001-2002, nr. 10, Eerste Kamer", "Afkomstig van": "0", "Indiener": "Volksgezondheid, Welzijn en Sport (VWS)", "Partij vertegenwoordiger": "<persoon partij=\"CDA\">Boorsma</persoon>", "Datum_reaktie": "\n", "Datum_indiening": "2002-03-08", "vraag 1": "Herinnert u zich het zogenaamde Zorgdebat dat op 30 oktober jl. in de Eerste Kamer op initiatief van de CDA-fractie is gehouden? ", "vraag 2": "Herinnert u zich uw toezegging aan het einde van dat zogenaamde Zorgdebat aan de woordvoerder van de CDA-fractie, wiens verzoek werd gesteund door de woordvoerder van de VVD-fractie, \u00c2\u00abbinnen afzienbare termijn\u00c2\u00bb een notitie te sturen over acties welke op korte termijn genomen zouden worden om binnen het kader van de bestaande wettelijke regelingen allerlei uitvoeringsregelingen te versimpelen? ", "vraag 3": "Kan de Eerste Kamer op korte termijn de beloofde notitie over de gevraagde versimpeling van de bureaucratie in de zorgsector tegemoetzien? ", "antwoord 1": "[Ja", "antwoord 2": "Ja", "antwoord 3": "Ja. Ik verwacht de Kamer de gevraagde notitie nog deze maand te kunnen toezenden. ]"}