{"Bibliografische_omschrijving": "Vragen van het lid Verburg (CDA) aan de minister van Grote Steden- en Integratiebeleid en de staatssecretaris van Sociale Zaken en Werkgelegenheid, mw. Verstand-Boogaert, over projecten allochtone vrouwen. (Ingezonden 28 mei 2002); Antwoord", "Bestand": "15Kb", "Permalink": "\nhttp://www.geencommentaar.nl/parlando/index.php?action=doc&filename=KVR15873\n", "Inhoud": "Vragen over het stopzetten van subsidie aan samenspraak-initiatieven wegens aflopen projectsubsidies.", "Rubriek": "Welzijn (Minderheden) Welzijn (Vrouwen)", "Trefwoorden": "Minderheden Vrouwen", "Vindplaats": "Kamervragen met antwoord 2001-2002, nr. 1327, Tweede Kamer", "Afkomstig van": "2010210730", "Indiener": "Sociale Zaken en Werkgelegenheid (SZW)", "Partij vertegenwoordiger": "<persoon partij=\"CDA\">Verburg</persoon>", "Datum_reaktie": "\n", "Datum_indiening": "2002-06-26", "vraag 1": "Herinnert u zich uw bezoek aan de stichting \u00c2\u00abSamenspraak\u00c2\u00bb met de \u00c2\u00abTotale taakaanpak\u00c2\u00bb in Lelystad op 17 januari jl. waarbij u te kennen gaf dat CWI\u00e2\u20ac\u2122s en andere instanties maatwerk moeten leveren en dat er geen gebrek aan geld is? ", "vraag 2": "Is het u bekend dat de samenspraak-intiatieven moeten worden gestopt wegens het aflopen van projectsubsidies? ", "vraag 3": "Is of wordt het mogelijk dat Lelystad, mede gelet op dit soort initiatieven, een beroep doet op de gelden die in dit verband beschikbaar zijn in het kader van het GSB dan wel het integratiebeleid? ", "vraag 4": "Zo ja, op welke wijze wordt dit mogelijk? Zo nee, welke andere mogelijkheden zijn er om deze aanpak te continueren? ", "antwoord 1": "[Ja. Op 26 januari 2002 heeft Staatssecretaris Verstand de opening verricht van de Vrouwen Millennium Manifestatie 2001 die georganiseerd werd door de stichting Samenspraak. Ik heb zelf op 16 mei 2001 een werkbezoek aan Lelystad gebracht waarbij ik kennis heb gemaakt met de activiteiten van de stichting Samenspraak. Mijn collega Verstand heeft in haar toespraak aangegeven dat gemeenten en CWI\u00e2\u20ac\u2122s de taak hebben om vrouwen uit etnische minderheidsgroepen te begeleiden naar de arbeidsmarkt en dat er voldoende financieringsmogelijkheden zijn voor re\u00c3\u00afntegratietrajecten. Uiteraard moeten gemeenten en CWI\u00e2\u20ac\u2122s maatwerk leveren", "antwoord 2": "Nee. Uit mondelinge contacten met de gemeente Lelystad en op basis van schriftelijke correspondentie tussen de gemeente en de stichting Samenspraak is mij gebleken dat de gemeente actief zoekt naar mogelijkheden om het werk van de stichting Samenspraak op meerjarige basis te subsidi\u00c3\u00abren. Dit heeft geresulteerd in een concept-besluit \u00e2\u20ac\u201c, 15 mei 2002 \u00e2\u20ac\u201c door het College van Lelystad om subsidie aan de stichting Samenspraak beschikbaar te stellen. Er zijn geen redenen om ervan uit te gaan dat het College van het voorgestelde besluit zal afwijken. Met name de voorgenomen subsidi\u00c3\u00abring van salariskosten \u00e2\u20ac\u201c voor de periode van 1 augustus 2002 tot en met 31 juli 2006 \u00e2\u20ac\u201c is een indicatie voor de intentie van de gemeente om het werk van de stichting Samenspraak voor een langere periode te subsidi\u00c3\u00abren. De middelen voor de subsidie aan stichting Samenspraak zijn afkomstig uit de landelijke regeling Voor- en Vroegschoolse Educatie en de GOA-middelen. Voorts zal ook subsidie worden toegekend uit het budget Oudkomers. Het werk van de stichting Samenspraak kenmerkt zich door een integrale aanpak. De gemeente is gehouden aan de (voorwaarden en bepalingen in de) diverse sectorale regelingen. Deze casus onderstreept wat mij betreft de urgentie van verdere ontschotting en deregulering", "antwoord 3": "De GSB-middelen voor Lelystad zijn gericht op het verbeteren van de leefbaarheid en veiligheid in de betreffende aandachtswijken. In dat kader is mede op basis van de eigen inbreng van de bewoners, prioriteit gegeven aan andere maatregelen. Gezien het antwoord op vraag 2, acht ik het juist dat de gemeente tot deze verdeling van middelen is gekomen en is aanvullende subsidi\u00c3\u00abring vanuit het GSB-budget op dit moment niet opportuun. ]"}