{"Bibliografische_omschrijving": "Vragen van het lid Bakker (D66) aan de staatssecretaris van Verkeer en Waterstaat en de minister en staatssecretaris van Volkshuisvesting, Ruimtelijke Ordening en Milieubeheer over het antennebeleid. (Ingezonden 16 januari 2002); Mededeling", "Bestand": "13Kb", "Permalink": "\nhttp://www.geencommentaar.nl/parlando/index.php?action=doc&filename=KVR15085\n", "Inhoud": "Vragen over onder meer de mogelijke vertraging van de uitvoering van het antennebeleid.", "Rubriek": "Communicatie, media en informatievoorziening (Telecommunicatie)", "Trefwoorden": "Mobiele telefonie", "Vindplaats": "Kamervragen met antwoord 2001-2002, nr. 645, Tweede Kamer", "Afkomstig van": "2010204540", "Indiener": "Verkeer en Waterstaat (VW)", "Partij vertegenwoordiger": "<persoon partij=\"D66\">Bakker</persoon>", "Datum_reaktie": "\n", "Datum_indiening": "2002-02-15", "vraag 1": "Is de indruk juist dat de uitvoering van het zgn. antennebeleid is vertraagd? Zo ja, welke elementen hiervan vergen meer tijd dan voor de zomer werd gedacht? Wat is de stand van zaken met betrekking tot de totstandkoming van het convenant tussen de betrokken partijen en de diverse overheden? Blijft het uitgangspunt van het beleid dat alle onnodige vertragingen en belemmeringen moeten worden voorkomen, zeker nu de situatie in de telecommarkt zich sinds de UMTS-veilingen zeer negatief heeft ontwikkeld? ", "vraag 2": "Waarom is besloten om de wijziging van de Woningwet pas te laten ingaan op 1 juli 2002, waar aanvankelijk 1 januari jl. was voorzien en een latere datum dan 1 april 2002 zeer bezwaarlijk wordt voor een snelle uitrol van het derdegeneratie-antennenetwerk, alsmede voor de upgrading van het GSM-netwerk (na introductie van de GPRS-technologie)? Is het mogelijk om het specifieke onderdeel van de Woningwet dat hierop betrekking heeft alsnog per 1 april a.s. in werking te laten treden? Bent u hiertoe bereid? ", "vraag 3": "Is de wel geopperde indruk juist dat op het ministerie van Volkshuisvesting, Ruimtelijke Ordening en Milieubeheer ook nog wordt gekeken naar de vastgestelde blootstellingsnormen? Zo neen, kan deze indruk dan worden weggenomen? Zo ja, hoe verhoudt zich zulks dan tot het advies van de Gezondheidsraad en de Europese normen \u00e2\u20ac\u201c waar Nederland immers met een ruime marge onder zit, en met de politieke overweging die tijdens het debat over het antennebeleid is gemaakt? Kan worden toegezegd dat iedere verdere vertraging wordt vermeden? ", "antwoord 1": "[]"}