{"Bibliografische_omschrijving": "Vragen van het lid Weekers (VVD) aan de minister van Justitie over griffierechten in kortgedingzaken voor de kantonrechter. (Ingezonden 18 januari 2002); Antwoord", "Bestand": "16Kb", "Permalink": "\nhttp://www.geencommentaar.nl/parlando/index.php?action=doc&filename=KVR15018\n", "Inhoud": "Met het nieuwe burgerlijk procesrecht en de herziening van de rechterlijke organisatie is twijfel ontstaan over de vraag of de verschenen gedaagde in een kort geding voor de kantonrechter griffierecht verschuldigd is, omdat artikel 112 Wetboek van burgerlijke rechtsvordering juncto artikel 4 Wet tarieven burgerlijke zaken strijdigheid oplevert met artikel 2 lid 1, laatste volzin, Wet tarieven burgerlijke zaken.", "Rubriek": "Burgerlijk recht en burgerlijk procesrecht (Kort geding)", "Trefwoorden": "Gerechtelijke kosten", "Vindplaats": "Kamervragen met antwoord 2001-2002, nr. 589, Tweede Kamer", "Afkomstig van": "2010204640", "Indiener": "Justitie (JUS)", "Partij vertegenwoordiger": "<persoon partij=\"VVD\">Weekers</persoon>", "Datum_reaktie": "\n", "Datum_indiening": "2002-01-31", "vraag 1": "Bent u ervan op de hoogte dat met het nieuwe burgerlijk procesrecht en de herziening van de rechterlijke organisatie twijfel is ontstaan over de vraag of de verschenen gedaagde in een kort geding voor de kantonrechter, griffierecht verschuldigd is omdat artikel 112 Rv juncto artikel 4 Wet tarieven burgerlijke zaken strijdigheid oplevert met artikel 2 lid 1, laatste volzin, Wet tarieven burgerlijke zaken? ", "vraag 2": "Deelt u de opvatting dat met het nieuwe procesrecht en de herziening van de rechterlijke organisatie niet is beoogd gedaagden en verweerders in kantongerechtzaken met griffierecht te belasten? ", "vraag 3": "Bent u bereid mogelijke strijdigheid casu quo onduidelijkheid in de wetgeving weg te nemen middels een wetswijziging? ", "antwoord 1": "[Mij is bekend dat er twijfel is ontstaan over de vraag in hoeverre de gedaagde in kort geding voor de kantonrechter griffierecht verschuldigd is. De Wet tarieven burgerlijke zaken (WTBZ) is op dit punt echter helder: de gedaagde in kort geding voor de kantonrechter is geen griffierecht verschuldigd. Dat volgt uit de laatste volzin van artikel 2, eerste lid, WTBZ, ingevolge welke bepaling gedaagden en verweerders geen vast recht (griffierecht) verschuldigd zijn in zaken, te behandelen door de kantonrechter of de pachtkamer. Daaraan doet niet af dat in artikel 4 WTBZ voor de gedaagde in kort geding bij de rechtbanken een griffierecht van 193 wordt genoemd, aangezien die bepaling blijkens haar aanhef (\u00c2\u00abIn afwijking van het bepaalde in artikel 2, tweede lid, onder 2\u00c2\u00b0...\u00c2\u00bb) slechts een afwijking inhoudt van de in artikel 2, tweede lid, onder 2\u00c2\u00b0, WTBZ gegeven tarieven voor zaken die niet door de kantonrechter worden behandeld. Van een strijdigheid tussen beide bepalingen is dan ook geen sprake. Wel kan het feit dat de gedaagde in kort gedingen voor de kantonrechter geen griffierecht verschuldigd is, de vraag doen rijzen op welke wijze in de dagvaarding toepassing moet worden gegeven aan artikel 112 Rv. Die bepaling schrijft voor in de dagvaarding te vermelden dat de gedaagde bij verschijning griffierecht verschuldigd zal zijn, alsmede de hoogte daarvan en het feit dat aan on- en minvermogenden vermindering van dit griffierecht kan worden verleend. Het ligt naar mijn oordeel voor de hand deze bepaling bij kort gedingen voor de kantonrechter aldus toe te passen dat in de dagvaarding vermeld wordt dat de gedaagde bij verschijning geen griffierecht verschuldigd zal zijn. Voorts zal ik bevorderen dat een daartoe strekkende verduidelijking zal worden opgenomen in de veegwet die thans wordt voorbereid in verband met de modernisering van de rechterlijke organisatie en de herziening van het burgerlijk procesrecht", "antwoord 2": "Ja", "antwoord 3": "Zoals ik hiervoor onder 1 heb vermeld, zal ik bevorderen dat een verduidelijking zal worden opgenomen in de daar bedoelde veegwet. ]"}