{"Bibliografische_omschrijving": "Vragen van de leden Noorman-den Uyl en Smits (beiden PvdA) aan de minister van Sociale Zaken en Werkgelegenheid over voorgenomen privatisering van de sociale dienst in Maarssen. (Ingezonden 16 oktober 2001); Antwoord", "Bestand": "19Kb", "Permalink": "\nhttp://www.geencommentaar.nl/parlando/index.php?action=doc&filename=KVR14665\n", "Inhoud": "Vragen over de consequenties van de voorgenomen privatisering van de sociale dienst in Maarssen. Met name over het verstrekken van cli\u00c3\u00abntgegevens en de bevoegdheden van burgemeester en wethouders.", "Rubriek": "Bedrijfsleven en industrie (Privatisering) Sociale zekerheid (Bijstand (ABW, RWW, Wet Sociale Werkvoorziening))", "Trefwoorden": "Bijstand Gemeentelijke Sociale Diensten Privatisering", "Vindplaats": "Kamervragen met antwoord 2001-2002, nr. 308, Tweede Kamer", "Afkomstig van": "2010201030", "Indiener": "Sociale Zaken en Werkgelegenheid (SZW)", "Partij vertegenwoordiger": "<persoon partij=\"PvdA\">Noorman-den Uyl</persoon>", "Datum_reaktie": "\n", "Datum_indiening": "<persoon partij=\"PvdA\">Smits</persoon>", "vraag 1": "Is het u bekend dat de gemeente Maarssen het voornemen heeft (delen) van de uitvoering van de bijstand bij een privaat bedrijf onder te brengen? ", "vraag 2": "Meent u dat het mogelijk is op grond van de Wet Structuur Uitvoeringsorganisatie Werk en Inkomen (SUWI) en de Algemene bijstandswet (Abw) dat burgemeester en wethouders aan een privaat bedrijf de uitvoering van de bijstand uitbesteden? Zo ja, op grond waarvan precies en voor welke onderdelen van de uitvoering van de bijstand geldt dat? ", "vraag 3": "Kan een privaat bedrijf in opdracht van burgemeester en wethouders toegang krijgen tot het GBA, het Inlichtingenbureau en gegevens van de Belastingdienst? Kan door een privaat bedrijf verificatie en validering van een uitkering worden uitgevoerd? ", "vraag 4": "Kan een privaat bedrijf de Wet boeten en maatregelen uitvoeren en een claimbeoordeling doen? ", "vraag 5": "Acht u het wenselijk dat vanwege wettelijke beperkende bepalingen de bijstand door verschillende partijen gefragmenteerd wordt uitgevoerd? ", "vraag 6": "Mag het Centrum voor Werk en Inkomen (CWI) met toestemming van burgemeester en wethouders informatie over cli\u00c3\u00abnten aan een privaat bedrijf verstrekken? Zo niet, is de cli\u00c3\u00abnt dan verplicht het CWI daar schriftelijk toestemming voor te geven? ", "vraag 7": "Kunnen burgemeester en wethouders zonder schriftelijke toestemming van een cli\u00c3\u00abnt gegevens over de betreffende cli\u00c3\u00abnt aan een privaat bedrijf verstrekken? ", "vraag 8": "Indien een cli\u00c3\u00abnt weigert de benodigde schriftelijke toestemming te geven aan burgemeester en wethouders om zijn persoonlijke gegevens te verstrekken aan een privaat bedrijf dat in opdracht van burgemeester en wethouders de bijstand uitvoert, kan die weigering gevolgen hebben voor de uitkering? Zo ja, welke en op welke gronden? ", "vraag 9": "Dienen burgemeester en wethouders een besluit tot gedeeltelijke privatisering van de uitvoering van de bijstand aan de gemeenteraad voor te leggen? ", "vraag 10": "Bent u bereid een besluit tot gedeeltelijke privatisering van de Abw-uitvoering door de gemeenteraad van Maarssen voor vernietiging door de Kroon voor te dragen, dan wel de gemeente een aanwijzing te geven op grond van de Abw en/of Suwi-wet? ", "antwoord 1": "[Ja", "antwoord 2": "In artikel 116 juncto artikel 120 van de Algemene bijstandswet (Abw) is geregeld dat burgemeester en wethouders verantwoordelijk zijn voor het nemen van besluiten inzake de verlening van bijstand. Burgemeester en wethouders kunnen, met toestemming van de gemeenteraad, uitsluitend aan gemeenteambtenaren mandaat verlenen tot het nemen van besluiten inzake de bijstandsverlening. Het is ook mogelijk, uit efficiencyoverwegingen, de uitvoering van de Abw te mandateren aan ambtenaren van andere gemeenten. Daarnaast is in het wetsvoorstel \u00c2\u00abInvoeringswet SUWI\u00c2\u00bb opgenomen dat B&amp;W, met toestemming van de gemeenteraad, ook aan de CWI mandaat (middels een mandaatsbesluit) kunnen verlenen tot het nemen van besluiten inzake de bijstandsverlening. Dergelijke besluiten behoeven de goedkeuring van de minister. In de Algemene bijstandswet is uitdrukkelijk als opdracht aan burgemeester en wethouders geformuleerd dat zij zorg dienen te dragen voor de afstemming van de bijstand en de daaraan verbonden verplichtingen op de omstandigheden, mogelijkheden en middelen van de betrokken persoon. Deze beoordeling en afweging van de individuele omstandigheden die onlosmakelijk verbonden is met de besluitvorming kan dus niet worden uitbesteed. Daaruit volgt dat ook de rechtstreeks op individuen gerichte gevalsbehandeling niet kan worden uitbesteed aan private partijen. Wel kan het gemeentebestuur besluiten om werkzaamheden gericht op het voorbereiden, onderbouwen, evaluerend onderzoeken van beleid, of werkzaamheden waarmee uitvoering wordt gegeven aan gemeentelijke besluitvorming, uit te besteden. In hoeverre het primaire bijstandsproces door private partijen kan worden ondersteund, wordt uitgewerkt in de circulaire \u00c2\u00abuitbesteding van onderdelen uitvoering Algemene bijstandswet\u00c2\u00bb. Deze wordt binnenkort aan gemeenten gezonden. De Tweede Kamer ontvangt een afschrift hiervan. In het kader van SUWI is ten aanzien van re\u00c3\u00afntegratieactiviteiten het uitgangspunt dat gemeenten zoveel mogelijk dienen uit te besteden aan private martkpartijen. Uitbesteding aan aan gemeenten gelieerde bedrijven is niet verboden, maar dient wel te geschieden onder dezelfde voorwaarden als bij private partijen en onder het stellen van dezelfde kwaliteitseisen", "antwoord 3": "Nee, een privaat bedrijf kan niet in opdracht van burgemeester en wethouders toegang krijgen tot gegevens van de GBA, het Inlichtingenbureau of de Rijksbelastingdienst. Aangezien zij de uitvoerders van de Abw zijn, hebben uitsluitend burgemeester en wethouders in dit kader toegang tot deze gegevensbestanden. Met de inwerkingtreding van de SUWI-wet geldt dit tevens voor het CWI. Het verifi\u00c3\u00abren en valideren van gegevens is onlosmakelijk verbonden met het vaststellen van het recht op uitkering in de vorm van een besluit. Om deze reden behoort de verificatie en validatie van gegevens door middel van vergelijking van gegevens in geautomatiseerde bestanden tot de wettelijke kerntaken die binnen het publiek domein dienen te worden uitgevoerd. Verificatie en validering van voor de bijstand relevante gegevens kan derhalve niet door een privaat bedrijf worden uitgevoerd", "antwoord 4": "Uit mijn antwoord op vraag 2 blijkt al dat het beoordelen van het recht op uitkering uitsluitend is voorbehouden aan het publieke domein. Dit geldt ook voor de toepassing van de Wet Boeten en Maatregelen. De beoordeling en afweging van de individuele omstandigheden en de beslissing tot het al dan niet opleggen van een sanctie is voorbehouden aan het publieke domein. Ook hierbij is immers sprake van een individuele gevalsbehandeling inclusief de toepassing van discretionaire ruimte. Zoals uit de beantwoording van vraag 2 blijkt zijn de mogelijkheden tot uitbesteding van het primaire proces beperkt. In het kader van SUWI wordt de bijstandsaanvraag ingediend bij het CWI, waarbij tevens een eerste controle op juistheid, volledigheid en consistentie van de aangeleverde gegevens plaatsvindt. Voorts wordt de uitvoering van re\u00c3\u00afntegratietrajecten een taak voor private (of daaraan gelijkgestelde) partijen. De claimbeoordeling en de re\u00c3\u00afntegratie van bijstandsgerechtigden blijven echter een integrale verantwoordelijkheid van de gemeenten. Het betrekken van verschillende partijen bij de uitvoering van de Abw doet daaraan niets af", "antwoord 5": "De verstrekking van gegevens aan derden is beperkt tot die gegevens waarvoor het bestuursorgaan die de gegevens verstrekt ingevolge de Wet bescherming persoonsgegevens als verantwoordelijke kan worden aangemerkt. Het CWI is niet de verantwoordelijke als het gaat om cli\u00c3\u00abntgegevens die worden beheerd door burgemeester en wethouders. Het CWI kan deze gegevens dan ook niet aan derden verstrekken. Het wettelijk kader voor de verstrekking van persoonsgegevens door burgemeester en wethouders aan derden wordt gevormd door de specifieke regels van de Abw zelf. De Abw bevat een zogenaamd gesloten verstrekkingenregime. Dit houdt in dat verstrekking van gegevens aan derden slechts is toegestaan voorzover hiervoor bij of krachtens de Abw een grondslag bestaat. De artikelen 124 en 125 Abw (die gewijzigd zullen worden naar aanleiding van de SUWI-wet) vormen specifieke voorschriften voor de gevallen waarin de gemeente bevoegd dan wel verplicht is aan de daar limitatief genoemde derden gegevens te verstrekken. Hieronder vallen onder andere (na de genoemde wetswijziging) re\u00c3\u00afntegratiebedrijven als zij in opdracht van de gemeente activiteiten uitvoeren. Voor de verstrekking van deze gegevens is toestemming van de cli\u00c3\u00abnt niet vereist. Artikel 123 Abw bepaalt voorts dat het een ieder verboden is hetgeen hem uit of in verband met enige werkzaamheid bij de uitvoering van deze wet over de persoon of zaken van een ander blijkt of wordt medegedeeld, verder bekend te maken. Deze geheimhoudingsplicht geldt niet indien verdere bekendmaking op grond van de Abw is toegestaan, een wettelijk voorschrift tot bekendmaking verplicht, de gegevens niet herleidbaar zijn tot individuele personen of de betrokkene op wie de gegevens betrekking hebben schriftelijk verklaart geen bezwaar te hebben tegen de verstrekking van deze gegevens. Verstrekkingen aan derden anders dan op de gronden genoemd in de artikelen 123, 124 en 125 Abw is niet mogelijk", "antwoord 6": "Zoals in het antwoord op vraag 6 en 7 is aangegeven behoeven B&amp;W geen toestemming van de cli\u00c3\u00abnt te vragen, indien B&amp;W gegevens verstrekken aan de in de artikelen 124 en 125 Abw genoemde derden. Voorts behoeft geen toestemming te worden gevraagd indien verdere bekendmaking op grond van de Abw is toegestaan, een wettelijk voorschrift tot bekendmaking verplicht of de gegevens niet herleidbaar zijn tot individuele personen. Vallen de gegevens hier buiten, dan kan weigering van de toestemming geen gevolgen hebben voor de uitkering. Op dat moment geldt de Wet bescherming persoonsgegevens: op basis van deze wet kan een cli\u00c3\u00abnt niet worden verplicht tot het geven van toestemming om diens cli\u00c3\u00abntgegevens aan een derde te verstrekken. Evenmin kan aan de weigering van deze toestemming een sanctie worden verbonden", "antwoord 7": "Zoals reeds eerder is aangegeven is de uitbesteding van het primaire proces van de uitvoering van de Abw aan strikte voorwaarden gebonden. In beginsel gelden voor de verhouding tussen burgemeester en wethouders en de gemeenteraad op het terrein van de bijstand, de algemene regels zoals vastgelegd in de Gemeentewet. De Gemeentewet specificeert niet welke besluiten voorgelegd moeten worden aan de gemeenteraad. Artikel 60 Gemeentewet bepaalt alleen dat de gemeenteraad kan regelen van welke besluiten van burgemeester en wethouders aan de leden van de gemeenteraad kennisgeving worden gedaan. Verder is in artikel 147 Gemeentewet bepaald dat de gemeenteraad de gemeentelijke verordeningen vaststelt voor zover de bevoegdheid daartoe niet aan B en W is toegekend. De Abw kent hieromtrent geen nadere regelgeving", "antwoord 8": "De gemeente Maarssen heeft aangegeven de uitbesteding van de uitvoering van de Abw binnen de wettelijk kaders van de Abw en de privacywetgeving te willen vormgeven. Op dit moment is er nog geen sprake van een daadwerkelijke overdracht aan een private partij. Mocht het komen tot een overdracht die in strijd is met de hiervoor aangegeven regelgeving, dan zal ik gebruik maken van mijn bevoegdheden terzake. ]"}