{"Bibliografische_omschrijving": "Vragen van de leden Mosterd en Van de Camp (beiden CDA) aan de minister van Justitie over de evaluatie van de Puttense moordzaak. (Ingezonden 2 mei 2002); Mededeling", "Bestand": "13Kb", "Permalink": "\nhttp://www.geencommentaar.nl/parlando/index.php?action=doc&filename=KVR15658\n", "Inhoud": "Vragen over een evaluatie van de gang van zaken op het gebied van strafvordering rond de Puttense moordzaak, en met name ook aandacht te besteden aan de gebruikte opsporingsmethoden.", "Rubriek": "Strafrecht en strafprocesrecht (Opsporingsonderzoek) Strafrecht en strafprocesrecht (Vervolging)", "Trefwoorden": "Opsporingen Strafvervolging", "Vindplaats": "Kamervragen met antwoord 2001-2002, nr. 1141, Tweede Kamer", "Afkomstig van": "2010209900", "Indiener": "Justitie (JUS)", "Partij vertegenwoordiger": "<persoon partij=\"CDA\">Mosterd</persoon>", "Datum_reaktie": "\n", "Datum_indiening": "<persoon partij=\"CDA\">Van de Camp</persoon>", "vraag 1": "Bent u bereid de gang van zaken op het gebied van strafvordering rond de zogenaamde \u00c2\u00abPuttense Moordzaak\u00c2\u00bb te evalueren? ", "vraag 2": "Wilt u daarbij nadrukkelijk aandacht schenken aan de gebruikte opsporingsmethoden, in het bijzonder het optreden van de diverse recherche instanties en de gebruikte DNA methodieken en theorie\u00c3\u00abn (sleeptheorie e.d.)? ", "vraag 3": "Hoeveel tijd zou met een dergelijke evaluatie gemoeid zijn? ", "vraag 4": "Welke wijze lessen voor de toekomst zijn te trekken uit de gang van zaken? ", "vraag 5": "Bent u bereid de evaluatierapporten aan de Tweede Kamer der Staten-Generaal te zenden? ", "antwoord 1": "[]"}