{"Bibliografische_omschrijving": "Vragen van het lid Vendrik (GroenLinks) aan de staatssecretarissen van Verkeer en Waterstaat en van Onderwijs, Cultuur en Wetenschappen, dhr. Van der Ploeg, over de veiling van frequenties. (Ingezonden 20 november 2001); Mededeling", "Bestand": "13Kb", "Permalink": "\nhttp://www.geencommentaar.nl/parlando/index.php?action=doc&filename=KVR14813\n", "Inhoud": "Vragen naar aanleiding van de uitspraak van de rechter in Rotterdam van 14 november 2001 in de zaak van Kiss FM en Q the Beat.", "Rubriek": "Communicatie, media en informatievoorziening (Radio en televisie)", "Trefwoorden": "Radio", "Vindplaats": "Kamervragen met antwoord 2001-2002, nr. 426, Tweede Kamer", "Afkomstig van": "2010202450", "Indiener": "Verkeer en Waterstaat (VW)", "Partij vertegenwoordiger": "<persoon partij=\"GroenLinks\">Vendrik</persoon>", "Datum_reaktie": "\n", "Datum_indiening": "2001-12-20", "vraag 1": "Kent u de uitspraak van 14 november jl. van de rechter in Rotterdam in de zaak van Kiss FM en Q the Beat? ", "vraag 2": "Welke consequenties verbindt u aan zijn uitspraak, dat er haast moet worden gemaakt met de keuze voor een veiling of een vergelijkende toets, omdat langer uitstel in strijd is met wettelijke en Europese verplichtingen om een doelmatig gebruik van beschikbare frequenties te verzekeren? ", "vraag 3": "Is de door de landsadvocaat aangegeven besluitvormingtermijn-afronding per 1 januari a.s. volgens u nog haalbaar? ", "antwoord 1": "[]"}