{"Bibliografische_omschrijving": "Vragen van het lid Poppe (SP) aan de staatssecretaris van Landbouw, Natuurbeheer en Visserij over de hofjacht. (Ingezonden 2 november 1999); Mededeling", "Bestand": "14Kb", "Permalink": "\nhttp://www.geencommentaar.nl/parlando/index.php?action=doc&filename=KVR10568\n", "Inhoud": "Vragen naar aanleiding van de foto's van de hofjacht die gepubliceerd zijn in de Nieuwe Revu van 27 oktober 1999.", "Rubriek": "Natuur (Jacht) Staats- en bestuursrecht (Koninklijk huis)", "Trefwoorden": "Jacht Koninklijk huis", "Vindplaats": "Kamervragen met antwoord 1999-2000, nr. 281, Tweede Kamer", "Afkomstig van": "2990002140", "Indiener": "Landbouw, Natuurbeheer en Visserij (LNV)", "Partij vertegenwoordiger": "<persoon partij=\"SP\">Poppe</persoon>", "Datum_reaktie": "\n", "Datum_indiening": "1999-11-15", "vraag 1": "Heeft u foto\u00e2\u20ac\u2122s van de hofjacht bekeken zoals gepubliceerd in de Nieuwe Revu van 27 oktober jl.? ", "vraag 2": "Welke politie-, beveiligings- en andere overheidsdiensten zijn bij de hofjacht betrokken? Wat kost hun inschakeling en uit welk budget wordt dit betaald? ", "vraag 3": "Is het ook bij hofjachten de gewoonte dat jagers die voor het eerst een zwijn schieten, de borst van het zwijn met hartvangers open snijden om vervolgens met blote hand het hart er uit te trekken? Zo neen, in welke mate berust het bericht dan op juiste c.q. onjuiste informatie en welke informatie is dan correct? ", "vraag 4": "Worden de geschoten zwijnen ter consumptie aangeboden? Zo ja, via welke kanalen? Zo neen, wat gebeurt er dan met de kadavers? ", "vraag 5": "Indien de zwijnen ter consumptie aangeboden worden is de methode van slachten dan conform de voorschriften? Wie ziet er dan op toe dat dit slachten in de voorgeschreven hygi\u00c3\u00abnische omstandigheden gebeurt? Hoe vaak heeft de inspectie W&V in het afgelopen jaar post mortum keuringen uitgevoerd op zwijnen geschoten op het Loo? ", "vraag 6": "Acht u dergelijke praktijken (als omschreven in vraag 1 en 3 passen bij jachtpartijen in de directe omgeving van ons staatshoofd dan wel onze kroonprins? ", "vraag 7": "Moet bij het behalen van het zwartwildbrevet geschoten worden op een papieren doelwit dat beweegt met een snelheid van rond de 10 km/u? Kan een zwijn op de vlucht in het wild een snelheid ontwikkelen van 60 km/u? In hoeverre acht u de eisen voor het zwartwildbrevet in dat verband toereikend? ", "vraag 8": "Bent u bereid in het kader van de nieuwe Flora- en faunawet aangescherpte regelgeving ten aanzien van het zwartwildbrevet dan wel een verbod op de drijfjacht te overwegen? ", "vraag 9": "Is het juist dat een groot aantal kandidaten voor het zwartwildbrevet niet tijdens de eerste schietoefening slaagt? Wordt elk examen door een rijksgecommiteerde bijgewoond en zijn alle individuele resultaten in diens verslag ter inzage voor de volksvertegenwoordiging? ", "antwoord 1": "[]"}