{"Bibliografische_omschrijving": "Vragen van het lid Van Bommel (SP) aan de minister van Defensie over de vervuiling op het militaire oefenterrein De Vliehors. (Ingezonden 25 april 2002); Antwoord", "Bestand": "14Kb", "Permalink": "\nhttp://www.geencommentaar.nl/parlando/index.php?action=doc&filename=KVR15729\n", "Inhoud": "De vervuiling zou zijn ontstaan door gebruik van onder andere napal en cadmium houdende munitie.", "Rubriek": "Milieu (Bodemverontreiniging) Milieu (Gevaarlijke stoffen) Veiligheidsbeleid en defensie (Militair materieel) Veiligheidsbeleid en defensie (Overig)", "Trefwoorden": "Bodemverontreiniging Gevaarlijke stoffen Militaire oefenterreinen Munitie", "Vindplaats": "Kamervragen met antwoord 2001-2002, nr. 1205, Tweede Kamer", "Afkomstig van": "2010209670", "Indiener": "Defensie (DEF)", "Partij vertegenwoordiger": "<persoon partij=\"SP\">Van Bommel</persoon>", "Datum_reaktie": "\n", "Datum_indiening": "2002-05-28", "vraag 1": "Kent u de berichtgeving van 2 Vandaag van heden dat er sprake zou zijn van een ernstige vervuiling van het militaire oefenterrein De Vliehors door gebruik van onder andere napal en cadmium houdende munitie? ", "vraag 2": "Is het waar dat er inmiddels een onderzoeksrapport is uitgekomen waaruit blijkt dat \u00c3\u00a9\u00c3\u00a9n gedeelte van de Vliehors (target 14) zo vervuild is dat er een bodemsanering noodzakelijk is? Zo ja, kunt u dit rapport aan de Kamer doen toekomen? Kunt u toelichten om wat voor vervuiling het gaat? ", "vraag 3": "Is er sprake van vervuiling van de rest van het oefenterrein? Kunt u aangeven om wat voor vervuiling het gaat? Is er onderzoek gedaan naar deze vervuiling en zo ja, wat is de uitkomst van dit onderzoek? Zo neen, bent u bereid hier onderzoek naar te verrichten? ", "vraag 4": "Is er sprake van gevaar voor de volksgezondheid en zo ja, bent u bereid om gezondheidsonderzoek uit te laten voeren onder de bevolking en de militairen en burgerpersoneel die gebruik hebben gemaakt van het oefenterrein? ", "vraag 5": "Welke verdere maatregelen zult u nemen? ", "antwoord 1": "[Ja", "antwoord 2": "In 1998 heeft het onafhankelijke milieuonderzoeksbureau Fugro Milieuconsult BV in het kader van het reguliere bodemsaneringsprogramma van Defensie een onderzoek uitgevoerd naar de verontreiniging bij target 14. Hieruit blijkt dat target 14 (een schroothoop) ernstig verontreinigd is in de zin van de Wet Bodembescherming. Dit houdt in dat een of meerdere zogeheten interventiewaarden zijn overschreden. Als deze waarden worden overschreden moet de vervuiling worden gesaneerd. De verontreiniging wordt volgens het onderzoek overigens niet als urgent beschouwd. Dat betekent dat er op grond van het onderzoek geen risico\u00e2\u20ac\u2122s te verwachten zijn voor mens, milieu of ecosysteem, zodat de sanering niet op korte termijn uitgevoerd hoeft te worden. Het rapport van Fugro maakt onderdeel uit van het saneringsplan dat in 2001 is opgesteld en aangeboden is aan het bevoegd gezag (Rijkswaterstaat). Rijkswaterstaat heeft het saneringsplan goedgekeurd, een ontwerpbeschikking afgegeven en deze ter visie gelegd. Dit rapport treft u in bijlage aan . In het rapport van Fugro wordt gesteld dat in de kern van de schroothoop een \u00c2\u00absterk verhoogd gehalte minerale oli\u00c3\u00abn\u00c2\u00bb is gemeten. Verder zijn licht verhoogde waarden voor diverse (zware) metalen en enkele gechloreerde koolwaterstoffen aangetroffen", "antwoord 3": "Voor zover bekend is er geen sprake van ernstige vervuiling van de rest van het oefenterrein. Het onderzoek in 1998 toonde op een representatieve doellocatie (target 10) geen verontreiniging aan die aanleiding gaf tot nader onderzoek of sanering", "antwoord 4": "Er is geen sprake van gevaar voor de volksgezondheid", "antwoord 5": "Als de beschikking die tot en met 13 mei ter visie heeft gelegen definitief is, zal in de tweede helft van dit jaar (vermoedelijk september) de sanering van target 14 overeenkomstig het saneringsplan worden uitgevoerd. ]"}