{"Bibliografische_omschrijving": "Vragen van de leden Passtoors en Terpstra (beiden VVD) aan de staatssecretaris van Volksgezondheid, Welzijn en Sport over het Europees gehandicaptenparkeerbeleid. (Ingezonden 16 november 2001); Antwoord", "Bestand": "14Kb", "Permalink": "\nhttp://www.geencommentaar.nl/parlando/index.php?action=doc&filename=KVR14984\n", "Inhoud": "De vraagstellers pleiten voor betere afspraken in Europa over het parkeren voor mensen met een handicap. In Luxemburg kunnen gehandicapten met een invalidenvignet parkeren op invalidenplaatsen en alle andere beschikbare parkeerplaatsen, maar dit geldt niet voor Nederlanders met een Nederlands vignet, waardoor deze invaliden een bekeuring zouden kunnen krijgen.", "Rubriek": "Verkeer, vervoer en waterstaat (Motorrijtuigen) Welzijn (Lichamelijk gehandicapten)", "Trefwoorden": "Lichamelijk gehandicapten Parkeren", "Vindplaats": "Kamervragen met antwoord 2001-2002, nr. 559, Tweede Kamer", "Afkomstig van": "2010202410", "Indiener": "Verkeer en Waterstaat (VW)", "Partij vertegenwoordiger": "<persoon partij=\"VVD\">Passtoors</persoon>", "Datum_reaktie": "\n", "Datum_indiening": "<persoon partij=\"VVD\">Terpstra</persoon>", "vraag 1": "Bent u bekend met het feit dat in Luxemburg gehandicapten met een invalidenvignet kunnen parkeren op invalidenplaatsen en alle andere beschikbare parkeerplaatsen, maar dat dit daar niet geldt voor Nederlanders met een Nederlands vignet? Bent u tevens bekend met het feit dat het dan mogelijk is dat een gehandicapte met een Nederlands vignet, die parkeert op een Luxemburgse invalidenparkeerplaats, een bekeuring krijgt? Wat is uw oordeel hierover? ", "vraag 2": "Welke afspraken bestaan er over het parkeren voor mensen met een handicap in Europa? ", "vraag 3": "Welke stappen denkt u te nemen als co\u00c3\u00b6rdinerend bewindsvrouw om te bevorderen dat er betere afspraken komen over het parkeren voor mensen met een handicap in Europa? ", "vraag 4": "Bent u bereid met de Kamer binnen 4 maanden te rapporteren over de voortgang van die beoogde afspraken? ", "antwoord 1": "[Het was mij niet bekend dat in Luxemburg Nederlandse invalidenparkeerkaarten niet worden erkend", "antwoord 2": "Sedert vele jaren bestaat er tussen de landen aangesloten bij de Europese Conferentie van Ministers van Transport (ECMT) de afspraak dat de in de diverse landen uitgegeven invalidenparkeerkaarten wederzijds worden erkend. Daarnaast heeft de Raad van Ministers van de Europese Unie op 4 juni 1998 een aanbeveling aangenomen die behelst dat alle lid-staten van de Europese Unie wederzijds de kaarten erkennen die voldoen aan een communautair model", "antwoord 3": "De verantwoordelijkheid voor het parkeerbeleid ligt voor zover het de rijksoverheid betreft bij de minister van Verkeer en Waterstaat. In de brief van 5 juni 2001 (Kamerstuk 2000\u00e2\u20ac\u201c2001, 24 170, nr. 66) heeft het kabinet aangegeven hoe de verantwoordelijkheid ten aanzien van de co\u00c3\u00b6rdinatie van het gehandicaptenbeleid wordt vorm gegeven. Pas als blijkt dat er \u00e2\u20ac\u201c na eventuele klachten van belangenorganisaties \u00e2\u20ac\u201c geen bevredigende oplossing kan worden gevonden door de betreffende vakdepartementen, komt de co\u00c3\u00b6rdinerende verantwoordelijkheid voor het gehandicaptenbeleid aan de orde. Zoals uit de antwoorden blijkt is hiertoe nu geen aanleiding", "antwoord 4": "Naar aanleiding van deze vragen heb ik bij mijn Luxemburgse collega nagegaan welke de situatie in Luxemburg is met betrekking tot de implementatie van de (overigens niet bindende) richtlijn van de ECMT en de aanbeveling van de Europese Unie. Van Luxemburgse zijde is medegedeeld dat sedert 1 januari 2000 in Luxemburg de communautaire parkeerkaart wordt erkend. Helaas met uitsluiting van alle andere parkeerkaarten. Deze communautaire parkeerkaart is ook in Nederland verkrijgbaar en zal op termijn alle nog in omloop zijnde kaarten vervangen. Ik acht het op grond van een enkel geval niet noodzakelijk direct bij alle landen van de Europese Unie na te gaan welke maatregelen zij hebben getroffen ten aanzien van de onder 2 genoemde afspraken. Ik maak de Kamer er ten overvloede op attent dat iedere automobilist zich van te voren kan ori\u00c3\u00abnteren op de in een gastland geldende regels door het inzien van een speciaal voor dit doel bij onder andere de ANWB te verkrijgen brochure. Door middel van een afschrift van deze brief zullen de ANWB en de CG-Raad op de hoogte worden gesteld van de situatie in Luxemburg. ]"}