{"Bibliografische_omschrijving": "Vragen van het lid Stellingwerf (ChristenUnie) aan de ministers van Verkeer en Waterstaat en van Volkshuisvesting, Ruimtelijke Ordening en Milieubeheer over het luchtvaartterrein Seppe. (Ingezonden 15 mei 2002); Antwoord", "Bestand": "15Kb", "Permalink": "\nhttp://www.geencommentaar.nl/parlando/index.php?action=doc&filename=KVR15843\n", "Inhoud": "Vragen over het uitblijven van een tijdige beslissing op bezwaren inzake aanwijzing van het vliegveld Seppe als bedoeld in artikel 18 Luchtvaartwet en aanwijzing als bedoeld in artikel 26 Luchtvaartwet en artikel 37 Wet op de Ruimtelijke Ordening, ondanks recente uitspraak van de afdeling bestuursrechtspraak van de Raad van State.", "Rubriek": "Milieu (Geluidhinder) Verkeer, vervoer en waterstaat (Luchtvaartterreinen)", "Trefwoorden": "Geluidhinder Luchthavens", "Vindplaats": "Kamervragen met antwoord 2001-2002, nr. 1299, Tweede Kamer", "Afkomstig van": "2010210350", "Indiener": "Verkeer en Waterstaat (VW)", "Partij vertegenwoordiger": "<persoon partij=\"ChristenUnie\">Stellingwerf</persoon>", "Datum_reaktie": "\n", "Datum_indiening": "2002-06-19", "vraag 1": "Waarom hebt u niet tijdig beslissingen genomen op de bezwaren met betrekking tot de aanwijzing van het luchtvaartterrein Seppe als bedoeld in artikel 18 van de Luchtvaartwet (het A-besluit) en de aanwijzing als bedoeld in artikel 26 van de Luchtvaartwet en artikel 37 van de Wet op de Ruimtelijke Ordening (het RO-besluit)? ", "vraag 2": "Welk gewicht kent u toe aan de uitspraak van de afdeling bestuursrechtspraak van de Raad van State van 28 maart 2002 waar de Raad u beiden opdraagt binnen zes weken, dus v\u00c3\u00b3\u00c3\u00b3r 10 mei 2002, nieuwe besluiten te nemen? ", "vraag 3": "Hoe is het, mede in het licht van het antwoord op de vorige vraag, mogelijk dat de directeur-generaal Luchtvaart, namens de minister van Verkeer en Waterstaat op 7 mei in een brief aan de appellanten meedeelt dat hij door de uitspraak van de Raad van State van 28 maart \u00c2\u00ab...in een erg ongemakkelijke positie is gebracht.\u00c2\u00bb, maar dat u ondertussen de opdracht van de Raad van State eenvoudigweg niet uitvoert? ", "vraag 4": "Moet de conclusie worden getrokken dat het aangekondigde, maar overigens niet noodzakelijke, overleg met de zogeheten Commissie 28 en met de betrokken bestuurders, voor u blijkbaar zwaarder weegt dan het uitvoeren van een uitspraak van de Raad van State in een zaak die reeds twee keer tot vernietiging van uw besluiten heeft geleid en waar reeds op 17 januari 2002 nieuwe besluiten hadden moeten worden genomen? ", "vraag 5": "Acht u het ni\u00c3\u00a8t doorgaan van (het niet noodzakelijke) overleg met de Commissie 28 en met de bestuurders onbehoorlijker en onzorgvuldiger dan het ni\u00c3\u00a8t uitvoeren van een uitspraak van de Raad van State, dit laatste uiteraard mede in het licht van het feit dat bezwaarmakers in deze kwestie reeds een en andermaal in het gelijk zijn gesteld? Zo neen, waarom niet? ", "vraag 6": "Ziet u het bestuurlijk overleg als onafhankelijk overleg? Hoe wordt de onafhankelijkheid gewaarborgd in de situatie dat gemeenten aandeelhouders zijn van het luchtvaartterrein en een aantal bestuurders commissaris dan wel gedelegeerd commissaris zijn van het luchtvaartterrein Seppe? ", "vraag 7": "Deelt u de mening dat de besluitvorming rond de luchthaven Seppe gedurende de afgelopen jaren het vertrouwen van burgers in het overheidshandelen danig op de proef heeft gesteld en heeft aangetast? Zo neen, waarom niet? ", "vraag 8": "Bent u alsnog bereid direct nieuwe beslissingen op bezwaar te nemen betreffende de luchthaven Seppe en daarbij nadrukkelijk uit te gaan van de dringende wens van zowel de Tweede Kamer, de provincie Noord-Brabant als de Commissie 28, door het aantal vliegtuigbewegingen te limiteren op 55.000 vliegtuigbewegingen en niet op 70.000 vliegtuigbewegingen? Zo neen, waarom niet? ", "antwoord 1": "[De uitspraak van de afdeling bestuursrecht van de Raad van State legde ons de plicht op een nieuwe goed onderbouwde geluidszone in de beslissing op bezwaar op te nemen. De verzorging van de invoer, de berekening van de nieuwe geluidszone en het verkrijgen van een draagvlak in de regio en bij exploitant vergen veel tijd. Dat is op 19 maart 2002 aan de indieners van bezwaarschriften schriftelijk medegedeeld", "antwoord 2": "Een zwaar gewicht. Het verkrijgen van voldoende draagvlak voor de te nemen beslissing op bezwaar om nieuwe procedures te voorkomen weegt echter ook zwaar. De afdeling Bestuursrechtspraak heeft ons overigens in de procedure niet gehoord en heeft uitspraak gedaan zonder zitting", "antwoord 3": "De termijn van 10 mei was ook zonder bestuurlijk overleg en het advies van de commissie 28 niet haalbaar", "antwoord 4": "Nee", "antwoord 5": "Nee, zie het antwoord onder 3", "antwoord 6": "Ja, doel van de adviesaanvraag is de standpunten in te winnen van de partijen die in artikel 19 van de Luchtvaartwet genoemd worden als overlegpartners bij voor de voorbereiding van een aanwijzingsbesluit en van de Milieucommissie Vliegveld Seppe", "antwoord 7": "Nee. lk heb er steeds naar gestreefd de procedures, gelet op de aan de orde zijnde belangen, zo zorgvuldig mogelijk te doorlopen", "antwoord 8": "De beslissing is inmiddels genomen. Afhankelijk van de inhoud van de te verwachten nadere bestuurlijke adviezen, kan de beslissing heroverwogen worden en eventueel aangepast worden. ]"}