{"Bibliografische_omschrijving": "Vragen van de leden Van Middelkoop (ChristenUnie) en Hoekema (D66) aan de minister-president, minister van Algemene Zaken en de minister van Buitenlandse Zaken over een Nederlandse propagandafilm en Nieuw-Guinea. (Ingezonden 7 mei 2002); Antwoord", "Bestand": "15Kb", "Permalink": "\nhttp://www.geencommentaar.nl/parlando/index.php?action=doc&filename=KVR15827\n", "Inhoud": "Vragen over de omstandigheden van het maken van een Nederlandse propagandafilm over de beschavingsactiviteiten op Nieuw-Guinea in 1955, in verband met element van koppensnellen (Aanvulling op de vragen van de leden Wagenaar, Van Oven en Koenders; Aanhangsel Handelingen nr. 1158, vergaderjaar 2001-2002).", "Rubriek": "Geschiedenis en geografie (Overig) Internationale betrekkingen (Overig)", "Trefwoorden": "Historische figuren en gebeurtenissen Indonesi\u00c3\u00ab", "Vindplaats": "Kamervragen met antwoord 2001-2002, nr. 1287, Tweede Kamer", "Afkomstig van": "2010210200", "Indiener": "Buitenlandse Zaken (BUZA)", "Partij vertegenwoordiger": "<persoon partij=\"ChristenUnie\">Van Middelkoop</persoon>", "Datum_reaktie": "\n", "Datum_indiening": "<persoon partij=\"D66\">Hoekema</persoon>", "vraag 1": "Heeft Nederlandse ambassadeur in de Verenigde Staten op 20 juni 1955 geadviseerd om voor het Amerikaanse publiek een propagandafilm te maken over de Nederlandse beschavingsactiviteiten op Nieuw-Guinea? ", "vraag 2": "Wat was de rol van de Rijks Voorlichtings Dienst bij het vervolgens vervaardigen van deze film? ", "vraag 3": "Op welke wijze zijn de leden van de Ajamstam betrokken bij het in scene zetten van een zogenaamde koppensneltocht met de desastreuze afloop van een herleven van het koppensnellen en kannibalisme leidend tot de dood van 29 leden van de stam van de Jipajers? ", "vraag 4": "Is het waar dat waarschuwingen vooraf van de missie zijn genegeerd? ", "vraag 5": "Heeft het koloniaal bestuur pogingen gedaan om de zaak vervolgens in de doofpot te stoppen? ", "vraag 6": "Zijn represaillemaatregelen genomen door het Nederlands bestuur met het marinefregatschip Hr. Ms. Jan van Brakel in de vorm een willekeurige arrestatie van 29 leden van de Ajamstam? ", "vraag 7": "Wat is uw oordeel over deze affaire, in het bijzonder de betrokkenheid bij en verantwoordelijkheid voor het in de doofpot houden van deze beschamende feiten door Nederlandse bestuursfunctionarissen? ", "antwoord 1": "[De Nederlandse ambassadeur heeft in een brief van 20 juni 1955 aan de Minister van Buitenlandse Zaken voorstellen gedaan voor een beleidswijziging inzake de Nederlandse voorlichting over Nieuw-Guinea in de Verenigde Staten. Deze was tot dusverre vooral gericht geweest op opinieleiders in de Verenigde Staten. Voorgesteld werd de voorlichting een meer publiek karakter te geven. Een van de methodes betrof de aanwending van het medium film", "antwoord 2": "Uit archiefonderzoek is gebleken dat de RVD niet is ingeschakeld bij de productie van de film", "antwoord 3": "Gouverneur Van Baal spreekt in zijn rapportage aan de minister van Overzeese Rijksdelen van een \u00c2\u00abongelukkige co\u00c3\u00afncidentie\u00c2\u00bb en legt geen verband tussen de filmopnames en het incident", "antwoord 4": "Naar de mening van gouverneur Van Baal ontbrak grond aan de voorspellingen van de missie. De voor Ajam verantwoordelijke bestuursambtenaar was ervan overtuigd dat men de bedoeling van filmopnames begreep en had persoonlijk ervaren dat de inwoners van Ajam vertrouwd waren met het begrip \u00c2\u00abspel\u00c2\u00bb", "antwoord 5": "Gouverneur Van Baal besloot zijn rapportage met betrekking tot het incident met \u00c2\u00ablk moge u verzoeken press release uit te geven en mij telegrafisch te berichten, aangezien het niet mogelijk is de zaak geheim te houden waarin 2 Amerikaanse zendelingen en een pastoor ooggetuigen zijn. In het press release ware geen melding te maken van mogelijk verband met filmopnamen van Denninghoff Stelling\u00c2\u00bb", "antwoord 6": "De door het bestuur betroffen maatregelen hielden in: d.d. 4-5-1956: \u00c2\u00abBoendermaker zal maatregelen treffen voor de nodige arrestaties en de kampong Ajam wordt opgelegd alle ijzerwaren in te leveren, benevens varkens, goede prauwen, kleren etc. als eerste betaling aan Jipaj. Er komt een politiepost\u00c2\u00bb d.d. 14-5-1956: \u00c2\u00abOp 10 mei jl. telegrafeerde Boendermaker, aan boord van de Snellius, dat de actie Asmat zeer bevredigend was verlopen en dat door de marine 28 gevangenen naar Merauke worden vervoerd\u00c2\u00bb. Deze maatregelen moeten worden gezien in het licht van de wijze waarop het toenmalige koloniale bestuur over Nieuw-Guinea functioneerde. Geheel willekeurig was de arrestatie van leden van de Ajamstam gezien het incident niet", "antwoord 7": "Zie laatste alinea vraag 6. ]"}