{"Bibliografische_omschrijving": "Vragen van de leden Witteveen-Hevinga en Crone(beiden PvdA) aan de minister van Economische Zaken over de inhoud van de Strategienota van de Gasunie. (Ingezonden 3 december 1999); Antwoord", "Bestand": "13Kb", "Permalink": "\nhttp://www.geencommentaar.nl/parlando/index.php?action=doc&filename=KVR10803\n", "Inhoud": "Vragen naar aanleiding van de Strategienota van de Gasunie, over het bereiken van een energiebesparingsbeleid. Deze vragen dienen ter aanvulling op de eerdere vragen terzake van het lid M. B. Vos (Aanh. Hand. II, 1999-2000, nr. 431).", "Rubriek": "Energie, water en grondstoffen (Energiebesparing) Energie, water en grondstoffen (Nutsbedrijven, energievoorziening)", "Trefwoorden": "Energiebesparing Gasbedrijven", "Vindplaats": "Kamervragen met antwoord 1999-2000, nr. 484, Tweede Kamer", "Afkomstig van": "2990003790", "Indiener": "Economische Zaken", "Partij vertegenwoordiger": "<persoon partij=\"PvdA\">Witteveen-Hevinga</persoon>", "Datum_reaktie": "\n", "Datum_indiening": "<persoon partij=\"PvdA\">Crone</persoon>", "vraag 1": "Bent u op de hoogte van de inhoud van de Strategienota die de Gasunie afgelopen zomer voor haar aandeelhouders heeft vastgesteld? ", "vraag 2": "Is het waar dat de doelstelling van een doelmatig aardgasgebruik, dat de basis vormt voor vele innoverende en energiebesparende activiteiten van de Gasunie, niet meer voorkomt in de genoemde Strategienota? Zo ja, kunt u toelichten hoe de overheid als aandeelhouder van de Gasunie denkt over het bereiken van een energiebesparingsbeleid van de Gasunie? Zo nee, wat is dan wel de juiste informatie over het energiebesparingsbeleid van de Gasunie? ", "antwoord 1": "[Ja. Het betreft hier een document met een vertrouwelijk karakter, omdat de commerci\u00c3\u00able strategie van Gasunie voor de komende periode erin wordt beschreven. Over de inhoud van het document wil ik derhalve geen mededelingen doen", "antwoord 2": "Mij is niets bekend over een wijziging in het energiebesparingsbeleid van de Gasunie. Het bevorderen van een doelmatig aardgasverbruik blijft onveranderd \u00c3\u00a9\u00c3\u00a9n van de doelstellingen. Activiteiten die daaronder vallen zijn onder andere het Milieuplan Industrie, het Marketingsplan Openbare Gasvoorziening en de research naar effici\u00c3\u00abnte en emissiebeperkende technieken. ]"}