{"Bibliografische_omschrijving": "Vragen van het lid Duijkers (PvdA) aan de minister van Justitie inzake de sluiting van celcapaciteit in Justiti\u00c3\u00able Jeugdinrichtingen. (Ingezonden 20 december 2001); Mededeling", "Bestand": "13Kb", "Permalink": "\nhttp://www.geencommentaar.nl/parlando/index.php?action=doc&filename=KVR14897\n", "Inhoud": "Vragen over de personele problematiek, en de stand van de celcapaciteit, binnen Justiti\u00c3\u00able Jeugdinrichtingen, naar aanleiding van TV-programma Netwerk van 18 december 2001.", "Rubriek": "Criminaliteit en openbare orde (Gevangeniswezen en penitentiair recht) Strafrecht en strafprocesrecht (Jeugdstrafrecht)", "Trefwoorden": "Gevangeniswezen Jeugdstrafrecht", "Vindplaats": "Kamervragen met antwoord 2001-2002, nr. 485, Tweede Kamer", "Afkomstig van": "2010203890", "Indiener": "Justitie (JUS)", "Partij vertegenwoordiger": "<persoon partij=\"PvdA\">Duijkers</persoon>", "Datum_reaktie": "\n", "Datum_indiening": "2002-01-11", "vraag 1": "Hebt u kennisgenomen van de reportage van Netwerk op 18 december 2001 inzake de personele problematiek binnen Justiti\u00c3\u00able Jeugdinrichtingen? ", "vraag 2": "Is het bericht waar dat u er niet in geslaagd bent om voldoende gekwalificeerd personeel aan te trekken, om met ingang van het nieuwe jaar, jeugdige verdachten en jongeren in geval van crisisplaatsing te kunnen laten instromen in tijdelijk gesloten cellen? ", "vraag 3": "Op welke wijze worden, in het bijzonder de grote steden geholpen, nu niet alle jongeren die strafbare feiten plegen, met name de zogenoemde veelplegers, in voorlopige hechtenis genomen kunnen worden? ", "vraag 4": "Welke voorzieningen heeft u getroffen om de crisisplaatsing van onder toezicht gestelde jongeren te garanderen? ", "vraag 5": "Welke maatregelen gaat u nemen om er voor te zorgen dat de gesloten celcapaciteit in de verschillende opvang- en behandelinrichtingen zo snel mogelijk weer beschikbaar is? ", "vraag 6": "Op welke termijn voorziet u dat de gesloten capaciteit voor jeugdigen weer beschikbaar zijn? ", "antwoord 1": "[]"}