{"Bibliografische_omschrijving": "Vragen van het lid Poppe (SP) aan de minister van Volkshuisvesting, Ruimtelijke Ordening en Milieubeheer over een bouwplan in de gemeente Bloemendaal. (Ingezonden 9 januari 2002); Antwoord", "Bestand": "15Kb", "Permalink": "\nhttp://www.geencommentaar.nl/parlando/index.php?action=doc&filename=KVR15339\n", "Inhoud": "Vragen over plannen van de gemeente Bloemendaal tot woningbouw op het landgoed 'Meer en Berg' (voorheen locatie van het regionale ziekenhuis), ondanks het feit dat een belangrijk gedeelte van het landgoed in het geldende streekplan de bestemming landelijk gebied heeft.", "Rubriek": "Natuur (Landelijke gebieden) Ruimtelijke ordening en infrastructuur (Bestemmingsplannen)", "Trefwoorden": "Bestemmingsplannen Landelijke gebieden", "Vindplaats": "Kamervragen met antwoord 2001-2002, nr. 863, Tweede Kamer", "Afkomstig van": "2010204140", "Indiener": "Volkshuisvesting, Ruimtelijke Ordening en Milieubeheer (VROM)", "Partij vertegenwoordiger": "<persoon partij=\"SP\">Poppe</persoon>", "Datum_reaktie": "\n", "Datum_indiening": "2002-03-20", "vraag 1": "Is het u bekend dat de gemeente Bloemendaal het voornemen heeft om mee te werken aan een bouwplan op het landgoed \u00c2\u00abMeer en Berg\u00c2\u00bb, waar in het verleden het provinciale ziekenhuis gevestigd was? ", "vraag 2": "Klopt het dat een belangrijk deel van het landgoed op grond van de laatste wijziging van het streekplan Noord-Holland Noord de bestemming landelijk gebied heeft? ", "vraag 3": "Past de realisatie van woningen op het landgoed \u00c2\u00abMeer en Berg\u00c2\u00bb naar uw mening binnen het rijksbeleid voor het buitengebied? Zo ja, in welke omvang en binnen welke randvoorwaarden? ", "vraag 4": "Deelt u de mening dat het in voorkomende gevallen wenselijk kan zijn dat de inspectie RO preventief, dus voorafgaand aan een formeel bestemmingsplan- of aan een artikel 19 WRO-procedure, een gemeente laat weten dat de minister van Volkshuisvesting, Ruimtelijke Ordening en Milieubeheer zich zal verzetten tegen een plan dat indruist tegen rijksbeleid en zo ja, welke stappen gaat u in het geval van Bloemendaal ondernemen? ", "antwoord 1": "[Ja", "antwoord 2": "Neen. Bedoeld landgoed maakt overigens geen deel uit van het streekplan Noord-Holland Noord doch maakt deel uit van het streekplan Kennemerland, dat in december 1998 is vastgesteld. In dit streekplan is een kaart opgenomen waarin de contouren voor het stedelijk gebied zijn aangegeven. Het landgoed valt daarbij in zijn geheel binnen deze contour", "antwoord 3": "Neen. Volgens het vigerend streekplan is hier geen sprake van een buitengebied doch van een stedelijk gebied. In beginsel is het gemeenten toegestaan om te bouwen binnen de in het streekplan aangegeven contour voor het stedelijk gebied. Opgemerkt wordt dat de provincie momenteel een wijziging van het streekplan voorbereidt, waarbij de contour voor het desbetreffende gebied wordt aangepast, in casu verkleind. Hierdoor zal een groot deel van het plangebied buiten de contour vallen en als gevolg daarvan als buitengebied worden aangemerkt. Dit betekent dat voor dit deel van het plangebied een restrictief beleid geldt. Uitgangspunt volgens het vigerend en toekomstig rijks ruimtelijk beleid daarbij is dat bij sloop van vrijkomende bebouwing in het buitengebied, terugbouwen slechts zeer beperkt mogelijk is. Er dient sprake te zijn van een aanzienlijke reductie van bouwvolume en -oppervlak. De thans door de gemeente voorgestelde woningbouwplannen zijn \u00e2\u20ac\u201c na een wijziging van de contour zoals voorgesteld \u00e2\u20ac\u201c in strijd met dit beleid. In verband met het bovenstaande heeft de Inspectie in haar reactie op het bestemmingsplan, in het kader van het artikel 10 BRO-overleg, in haar brief aan de gemeente een voorbehoud gemaakt over de woningbouwplannen", "antwoord 4": "Ja. De Inspectie RO \u00e2\u20ac\u201c na de reorganisatie per 1 januari 2002 opgegaan in de VROM-Inspectie \u00e2\u20ac\u201c reageert op signalen vanuit de regio en zal, indien er plannen door gemeenten worden voorbereid die strijdig zijn met het rijksbeleid, deze er op attenderen dat de Minister van VROM zich hiertegen zal verzetten. Zoals eerder vermeld heeft de Inspectie de gemeente Bloemendaal al laten weten dat met betrekking tot de voorgenomen reconstructie van het Provinciaal Ziekenhuisterrein een voorbehoud zal worden gemaakt ten aanzien van de woningbouwplannen. Indien de contour in het streekplan strakker wordt getrokken, het rijk daarmee instemt en er daardoor in het bestemmingsplan strijdigheid met het rijksbeleid optreedt, zullen in het vervolgtraject stappen worden ondernomen, waaronder indienen zienswijze, eventueel gevolgd door een verzoek tot het nemen van een vervangingsbesluit. ]"}