{"Bibliografische_omschrijving": "Vragen van de leden Van Wijmen en Ten Hoopen (beiden CDA) aan de minister van Volkshuisvesting, Ruimtelijke Ordening en Milieubeheer over NS Railinfrabeheer BV en de Gedeputeerde Staten van Noord-Brabant. (Ingezonden 26 februari 2002); Antwoord", "Bestand": "16Kb", "Permalink": "\nhttp://www.geencommentaar.nl/parlando/index.php?action=doc&filename=KVR15646\n", "Inhoud": "Vragen over de uitspraak van 20 januari 2002 in het geding tussen NS Railinfrabeheer BV en de Gedeputeerde Staten van Noord-Brabant.", "Rubriek": "Criminaliteit en openbare orde (Veiligheid) Verkeer, vervoer en waterstaat (Spoorwegen)", "Trefwoorden": "Noord-Brabant Openbare orde en veiligheid Ruimtelijke ordening Spoorwegen", "Vindplaats": "Kamervragen met antwoord 2001-2002, nr. 1130, Tweede Kamer", "Afkomstig van": "2010206930", "Indiener": "Volkshuisvesting, Ruimtelijke Ordening en Milieubeheer (VROM)", "Partij vertegenwoordiger": "<persoon partij=\"CDA\">Van Wijmen</persoon>", "Datum_reaktie": "\n", "Datum_indiening": "<persoon partij=\"CDA\">Ten Hoopen</persoon>", "vraag 1": "Heeft u kennisgenomen van de uitspraak van de Afdeling Bestuursrechtspraak van Raad van State van 20 februari jl. in het geding tussen NS Railinfrabeheer B.V. en Gedeputeerde Staten van Noord-Brabant? ", "vraag 2": "Wat zijn naar uw mening de consequenties van deze uitspraak, in het licht van het voornemen in de Vijfde Nota Ruimtelijke Ordening om intensief ruimtegebruik binnen stedelijke gebieden fors te stimuleren? ", "vraag 3": "Kunt u aangeven hoe het zit met de voortgang van sleutelprojecten als Rotterdam CS zolang de nieuwe wettelijke normering inzake externe veiligheid nog niet definitief is vastgelegd? ", "vraag 4": "Kunt u aangeven welke beleidsruimte lagere overheden zullen krijgen wat betreft het hanteren van de ori\u00c3\u00abnterende waarde voor het groepsrisico rond bijvoorbeeld stationslocaties? ", "vraag 5": "Welke eisen zullen gelden met betrekking tot de motivering van een eventuele afwijking van de ori\u00c3\u00abnterende waarde voor het groepsrisico? ", "antwoord 1": "[Ja", "antwoord 2": "Deze uitspraak heeft in eerste instantie geen consequentie voor het ruimtelijk beleid. De strekking van de uitspraak van de Raad van State is dat het accepteren van de overschrijding van de ori\u00c3\u00abnterende waarde voor het groepsrisico in dit concrete geval onvoldoende is gemotiveerd, daarom wordt het goedkeuringsbesluit van GS op dit punt vernietigd. In de nota risiconormering vervoer gevaarlijke stoffen waaraan in de uitspraak wordt gerefereerd wordt ingegaan op de betekenis van het begrip ori\u00c3\u00abnterende waarde. Daarbij is aangegeven dat dit begrip de mogelijkheid inhoudt dat het orgaan dat een besluit over het vervoer van gevaarlijke stoffen heeft te nemen, van de gestelde waarde gemotiveerd kan afwijken. In het NMP-4 is opgenomen dat de ori\u00c3\u00abnterende waarde van het groepsrisico een ijkpunt is in de maatschappelijke afweging. In die afweging moeten keuzes verantwoord worden, of het nu om hogere of lagere waarden gaat, die acceptabel worden geacht. In de vijfde nota Ruimtelijke Ordening wordt specifieker ingegaan op de wijze waarop veiligheidsbelangen in de ruimtelijke ordening een rol zouden moeten spelen. Daarin is aangegeven dat voldoende veiligheid en een goede ruimtelijke inrichting goed te combineren zijn, indien een vroegtijdige inbreng van de kennis van veiligheidsrisico\u00e2\u20ac\u2122s in het ruimtelijk planproces plaatsvindt. Het beleid geeft voorrang aan bron- en inpassingsmaatregelen boven effectgerichte maatregelen. Financi\u00c3\u00able middelen voor sanering of uitplaatsing van functies zijn daarbij noodzakelijk", "antwoord 3": "In het kabinetsstandpunt naar aanleiding van het quick-scan onderzoek naar de gevolgen van de beleidsvernieuwing externe veiligheid is besloten om de rijksbetrokkenheid bij een aantal toonaangevende stedelijke ontwikkelingsprojecten te vergroten. De nieuwe sleutelprojecten in Rotterdam en Amsterdam hebben daarbij de hoogste prioriteit om zodoende de voortgang in deze projecten te behouden. Daarbij is aangegeven dat het al dan niet accepteren van de resterende groepsrisico\u00e2\u20ac\u2122s \u00e2\u20ac\u201c op basis van een deugdelijke afweging \u00e2\u20ac\u201c een gezamenlijke verantwoordelijkheid van de betrokken overheden zou moeten zijn. Zolang de normering inzake externe veiligheid nog niet wettelijk is vastgelegd worden de getalsmatige normen gehanteerd zoals omschreven in de nota Risiconormering Vervoer Gevaarlijke Stoffen en het NMP-4. Deze normen zijn ook in het ontwerp-Besluit Kwaliteitseisen Externe Veiligheid inrichtingen opgenomen dat op 22 februari 2002 in de Staatscourant is gepubliceerd en dat aan de Tweede Kamer is toegezonden. Voor het transport van gevaarlijke stoffen wordt eveneens een ontwerp-Besluit voorbereid dat aan zal sluiten op de in het eerste Besluit genoemde normen. Het groepsrisico is in de nota RNVGS, het NMP-4 en het ontwerp-Besluit opgenomen als een ori\u00c3\u00abnterende waarde met een verantwoordingsplicht. De eisen die aan de verantwoordingsplicht worden gesteld zijn in het ontwerp-Besluit opgenomen (zie ook antwoord 5). In 2003 zal het kabinet een besluit nemen over hoe het omgaan met groepsrisico\u00e2\u20ac\u2122s in wetgeving geregeld zal worden", "antwoord 4": "Lagere overheden mogen mits dat gemotiveerd gebeurt afwijken van de ori\u00c3\u00abnterende waarde voor het groepsrisico. De wijze waarop lagere overheden zullen moeten verantwoorden hoe zij omgaan met het groepsrisico bij inrichtingen is, zoals gezegd, vastgelegd in de ontwerp-AMvB Kwaliteitseisen externe veiligheid inrichtingen (zie de artikelen 10 en 11 en de toelichting daarop). Een vergelijkbare regeling zal worden neergelegd in de regeling kwaliteitseisen externe veiligheid vervoer gevaarlijke stoffen. Bij de besluitvorming over het toepassen van de beleidsruimte voor een aantal grotere (sleutel)projecten zal de rijksoverheid zich actief opstellen, zodat de acceptatie van het uiteindelijke resterende risico een gemeenschappelijke verantwoordelijkheid van de betrokken overheden zal zijn. Inmiddels is een interdepartementale taskforce opgezet, die deze aanpak zal uitvoeren", "antwoord 5": "De eisen die zullen gelden met betrekking tot de motivering van een eventuele afwijking van de ori\u00c3\u00abnterende waarde van het groepsrisico zijn weergegeven in de artikelen 10 en 11 van de ontwerp-AmvB Kwaliteitseisen externe veiligheid inrichtingen en de bijbehorende toelichting. Het gaat hierbij om het aangeven van: \u00e2\u20ac\u201c de dichtheid van het aantal personen per hectare; \u00e2\u20ac\u201c de bijdrage van de inrichting of het RO-besluit aan de hoogte van het groepsrisico; \u00e2\u20ac\u201c de mogelijkheden tot beperking van het groepsrisico in de nabije toekomst; \u00e2\u20ac\u201c de mogelijkheden ter voorbereiding op bestrijding en beperking van het ongeval; \u00e2\u20ac\u201c de mogelijkheden voor zelfredzaamheid. Daarnaast is in het NMP-4 de wens aangegeven de maatschappelijke kosten en het indirecte ruimtebeslag inzichtelijk te maken. De vraag is dan vervolgens op welke wijze deze kosten en dat indirecte ruimtebeslag kunnen worden doorberekend. In 2003 zal een besluit worden genomen over de wijze waarop het groepsrisico wettelijk kan worden geregeld. ]"}