{"Bibliografische_omschrijving": "Vragen van het lid Kant (SP) aan de minister van Volksgezondheid, Welzijn en Sport over het Medisch Specialisten Centrum Amsterdam. (Ingezonden 2 april 2002); Antwoord", "Bestand": "15Kb", "Permalink": "\nhttp://www.geencommentaar.nl/parlando/index.php?action=doc&filename=KVR15439\n", "Inhoud": "Vragen over waarborgen voor transparante scheiding van geldstromen van Medisch Specialisten Centrum Amsterdam (MCA) en MCA BV, die beiden gebruik maken van dezelfde locatie.", "Rubriek": "Gezondheidszorg (Medische beroepen)", "Trefwoorden": "Medische specialisten", "Vindplaats": "Kamervragen met antwoord 2001-2002, nr. 950, Tweede Kamer", "Afkomstig van": "2010208690", "Indiener": "Volksgezondheid, Welzijn en Sport (VWS)", "Partij vertegenwoordiger": "<persoon partij=\"SP\">Kant</persoon>", "Datum_reaktie": "\n", "Datum_indiening": "2002-04-04", "vraag 1": "Is het waar dat het Medisch Specialisten Centrum Amsterdam (MCA) als zelfstandig behandelcentrum op 4 april a.s. officieel van start gaat op zijn nieuwe adres aan het Valeriusplein? ", "vraag 2": "Is het voorts waar dat de nieuwe lokatie groter is dan de lokatie die het centrum voorheen betrok en dat de extra oppervlakte vooral zal worden gebruikt door MCA BV dat zich richt op derde compartimentszorg? ", "vraag 3": "Moet voor het verplaatsen van een lokatie de WZV-procedure worden gevolgd en opnieuw een vergunning worden aangevraagd? Zo ja, is deze vergunning aangevraagd en verleend? Zo niet, mag het MCA dan wel starten op 4 april op de nieuwe lokatie? ", "vraag 4": "Wordt bij het verlenen van de vergunning ook gekeken in hoeverre MCA BV gebruik maakt van de voorzieningen van het MCA en of de geldstromen transparant gescheiden zijn? ", "vraag 5": "Voldoet het MCA aan alle voorwaarden voor een vergunning? Past het binnen het aanbod van curatieve zorg? Is het toegankelijk voor alle verzekerden? Overstijgt het de gewenste capaciteit niet? Werkt het binnen een samenwerkingsverband algemene ziekenhuizen? ", "vraag 6": "Kunt u inzicht geven in de zorg die de keten MediNova, waar het MCA onderdeel van uitmaakt, levert en in alle partijen die bij deze keten zijn betrokken? ", "vraag 7": "Is het waar dat er ook particuliere aandeelhouders zijn betrokken en is hier sprake van winstuitkering aan de aandeelhouders? Zo ja, vindt u dat een gewenste ontwikkeling? ", "vraag 8": "Kunt u deze vragen, met name de vragen over de vergunning van het MCA beantwoorden v\u00c3\u00b3\u00c3\u00b3r 4 april? ", "antwoord 1": "[Ja", "antwoord 2": "Ja", "antwoord 3": "Met brief van 20 december 1999 heeft het MCA mij een zeer uitgebreide nadere toelichting verstrekt op het eerder gedane verzoek voor het verkrijgen van een vergunning als ZBC. In deze informatie zat toen al verwerkt een hoofdstuk, uitgewerkt op hoofdlijnen, met betrekking tot de voorgenomen verhuizing naar het Valeriusplein. Uit de toelichting bleek dat de nieuw in gebruik te nemen ruimtes voor de 2 e compartimentszorg in omvang nagenoeg gelijk waren aan die op de Willemsparkweg. Dit gaf mij bij de afgifte van de verklaring/vergunning op dat moment geen aanleiding tot het maken van opmerkingen. Hiermede is door mij impliciet een uitspraak gedaan over de beide in gebruik te nemen ruimtes. Ik teken hierbij overigens aan dat ik weliswaar een oordeel over het ruimtebeslag in de vergunning heb gegeven, maar dat voor ZBC\u00e2\u20ac\u2122s tarifering volgens de verrichtingensystematiek geldt en niet zoals voor de overige ziekenhuisvoorzieningen de budgetsystematiek met nacalculatie van de kosten van infrastructuur. Dat wil zeggen dat voor ZBC\u00e2\u20ac\u2122s de gebouwkosten niet afzonderlijk kunnen worden nagecalculeerd. Als uit die verstrekte gegevens blijkt dat de ruimte voor de 2 e compartimentszorg inderdaad grosso modo gelijk is aan de ruimte die benut werd op de locatie Willemsparkweg, zal ik overwegen in de afgegeven vergunning alleen de locatie te wijzigen", "antwoord 4": "Met betrekking tot de geldstromen in het tweede compartiment geldt het gebruikelijke toezicht", "antwoord 5": "Het MCA heeft reeds een vergunning als ZBC passend binnen het aanbod van de curatieve zorg en daar komt door de verhuizing naar een nabij gelegen locatie geen verandering in. Afhankelijk van de door de verzekeraars afgesloten contracten is de zorg toegankelijk voor een verzekerde (contracteervrijheid). Het MCA levert blijkens de afgesloten contracten een bijdrage aan het verkorten van wachtlijsten in de regio en overstijgt daarmee de capaciteit niet. Er bestaan samenwerkingsverbanden met het Lucas en het BovenIJ ziekenhuis en men is bezig ook een samenwerkingsverband met de VU te ontwikkelen", "antwoord 6": "Neen, ik heb daar geen inzicht in", "antwoord 7": "Indien MCA BV uitsluitend 3 e compartimentszorg verricht heb ik daar geen bezwaar tegen. ]"}