{"Bibliografische_omschrijving": "Vragen van het lid Ravestein (D66) aan de staatssecretaris van Onderwijs, Cultuur en Wetenschappen, dhr. Van der Ploeg, over de financi\u00c3\u00able positie van de Weekkrant Suriname en de Landelijke Allochtonenkrant. (Ingezonden 18 december 2001); Antwoord", "Bestand": "16Kb", "Permalink": "\nhttp://www.geencommentaar.nl/parlando/index.php?action=doc&filename=KVR15038\n", "Inhoud": "Het voortbestaan van de Weekkrant Suriname en de Landelijke Allochtonenkrant is in gevaar.", "Rubriek": "Bedrijfsleven en industrie (Subsidies) Communicatie, media en informatievoorziening (Pers)", "Trefwoorden": "Subsidies Tijdschriften", "Vindplaats": "Kamervragen met antwoord 2001-2002, nr. 602, Tweede Kamer", "Afkomstig van": "2010203760", "Indiener": "Onderwijs, Cultuur en Wetenschappen (OCW)", "Partij vertegenwoordiger": "<persoon partij=\"D66\">Ravestein</persoon>", "Datum_reaktie": "\n", "Datum_indiening": "2002-02-01", "vraag 1": "Is het u bekend dat de financi\u00c3\u00able positie van de Weekkrant Suriname en de Landelijke Allochtonenkrant dusdanig is dat het voortbestaan van deze kranten in gevaar is? ", "vraag 2": "Hoe beoordeelt u het belang van het voortbestaan van deze uitgaven? ", "vraag 3": "Hoe verhoudt zich naar uw oordeel de financi\u00c3\u00able positie van bovengenoemde uitgaven tot die van het weekblad Contrast dat van het ministerie van VWS, via de stichting Forum, subsidie ontvangt? ", "vraag 4": "Bent u bereid op korte termijn een oplossing te zoeken voor de sanering van de oude schulden van de Weekkrant Suriname en de Allochtonenkrant waardoor het voortbestaan van deze uitgaven gewaarborgd wordt? ", "vraag 5": "Bent u bereid deze vragen binnen een week te beantwoorden? ", "antwoord 1": "[Ja. De uitgever van beide bladen, Casas Media, heeft zich in de loop van 2001 meermaals tot het Bedrijfsfonds voor de pers gewend voor financi\u00c3\u00able steun. Deze aanvragen zijn door het Fonds afgewezen op grond van de regels voor steunverlening aan persorganen, zoals neergelegd in de Mediawet. Het Bedrijfsfonds is van oordeel dat de door de uitgever ingediende plannen voor de beide bladen geen uitzicht bieden op een rendabele exploitatie binnen een redelijke periode; een dergelijk perspectief is een voorwaarde om voor steunverlening door het Fonds in aanmerking te komen (artikel 130, tweede lid Mediawet). Ook hadden de aanvragen voor een belangrijk deel betrekking op sanering van oude schulden, hetgeen zich niet verdraagt met de doelstelling van het Bedrijfsfonds voor de pers. Het Bedrijfsfonds heeft mij op de hoogte gesteld van deze afwijzingen. Casas Media heeft in de loop van 2001 ook meermaals een beroep op mij gedaan voor financi\u00c3\u00able steun. Ik heb die verzoeken afgewezen, omdat ik het ongewenst acht om financi\u00c3\u00able steun te verlenen aan een uitgever, waarvan de aanvraag door het Bedrijfsfonds voor de pers met toepassing van de daarvoor geldende regels is afgewezen. Ook is bij overheidssubsidie de vraag aan de orde of de subsidie leidt tot het beoogde doel. Het Bedrijfsfonds ziet daarvoor onvoldoende perspectief en daarmee zou een eventuele subsidi\u00c3\u00abring mijnerzijds een ondoelmatige besteding van publieke middelen zijn. Tenslotte heb ik overwogen dat overheidssubsidie niet kan worden ingezet om verliezen uit het verleden te saneren. Op deze gronden heb ik de steunverzoeken van Casas Media afgewezen", "antwoord 2": "Op zichzelf zou het jammer zijn wanneer deze bladen van de markt zouden verdwijnen, aangezien daarmee een deel van de informatievoorziening voor bepaalde doelgroepen uit de bevolking zou wegvallen. Dat betekent echter niet, dat deze beide bladen \u00c2\u00abtegen elke prijs\u00c2\u00bb moeten worden gesteund. Zoals hiervoor reeds werd opgemerkt, is steunverlening aan persorganen enkel mogelijk indien de uitgever een project op tafel legt, dat uitzicht biedt op een rendabele exploitatie binnen een redelijke periode. Daar is de uitgever naar het oordeel van het Bedrijfsfonds tot dusverre niet in geslaagd. Voor de volledigheid wijs ik er op dat het Bedrijfsfonds voor de pers in de afgelopen jaren herhaalde malen steun heeft verleend aan beide bladen: in 1985, 1988, 1990, 1992 en 1999. Begin 2001 werd nog een overbruggingskrediet verstrekt van f 250.000,\u00e2\u20ac\u201c. Dit krediet heeft het Bedrijfsfonds op verzoek van Casas Media recentelijk omgezet in een uitkering, omdat Casas Media daarmee een betere kans heeft om op de financieringsmarkt dekkking te vinden voor de opgebouwde schuldenlast", "antwoord 3": "De stichting Forum ontvangt van het ministerie van VWS subsidie voor onder meer de verspreiding van informatie over ontwikkelingen en processen in de multiculturele samenleving. Onder meer het (week)blad Contrast is daartoe een middel. Het vult een lacune op in de berichtgeving en de publieke discussie over beleidsrelevante onderwerpen met betrekking tot de multiculturele samenleving. De berichtgeving in Contrast heeft betrekking op de multiculturele samenleving in den brede, gericht op het publiek in het algemeen. De Weekkrant richt zich daarentegen vrijwel uitsluitend op de Surinaamse bevolkingsgroep. Zowel doelstelling als doelgroep verschillen zo sterk van elkaar dat de genoemde bladen niet te vergelijken zijn met het weekblad Contrast. Het weekblad Contrast is in de redactionele vorm waarin het wordt uitgegeven, dienend aan de uitvoering van een onderdeel van het welzijnsbeleid. Het gaat derhalve niet om een persorgaan zoals de Weekkrant Suriname en de Landelijke Allochtonenkrant", "antwoord 4": "Neen. Uit de beantwoording van vraag 1 blijkt dat zowel het Bedrijfsfonds voor de pers als ikzelf goede gronden hadden om de gevraagde financi\u00c3\u00able steun te weigeren. Overigens heeft het Bedrijfsfonds mij zeer recent laten weten dat er toch een oplossing in zicht lijkt voor de oude schulden van Casas Media. Ook is Casas Media in overleg met andere uitgevers van allochtonenbladen over samenwerking op niet-redactioneel terrein. Het Fonds heeft zich bereid verklaard om onder strikte voorwaarden alsnog financi\u00c3\u00able steun te bieden: het genoemde overleg moet constructief zijn \u00c3\u00a9n Casas Media moet alsnog een plan indienen dat uitzicht biedt op een rendabele exploitatie", "antwoord 5": "Bij brief van 14 januari jl. heb ik reeds aangegeven dat beantwoording van deze vragen niet binnen de gebruikelijke termijn kon geschieden, omdat bij diverse instanties nadere informatie moest worden ingewonnen. ]"}