{"Bibliografische_omschrijving": "Vragen van het lid Van Haersma Buma (CDA) aan de minister van Justitie over de bewaking van bolletjesslikkers.(Ingezonden 24 juli 2002); Antwoord", "Bestand": "14Kb", "Permalink": "\nhttp://www.geencommentaar.nl/parlando/index.php?action=doc&filename=KVR16069\n", "Inhoud": "Vragen over het inzetten van uitzendkrachten als beveiligingsmedewerker in de inrichtingen voor bolletjesslikkers.", "Rubriek": "Arbeid (Arbeidsbemiddeling) Criminaliteit en openbare orde (Drugsbestrijding) Criminaliteit en openbare orde (Gevangeniswezen en penitentiair recht)", "Trefwoorden": "Drugsbestrijding Gevangeniswezen Uitzendbureaus", "Vindplaats": "Kamervragen met antwoord 2001-2002, nr. 1493, Tweede Kamer", "Afkomstig van": "2010213020", "Indiener": "Justitie (JUS)", "Partij vertegenwoordiger": "<persoon partij=\"CDA\">Van Haersma Buma</persoon>", "Datum_reaktie": "\n", "Datum_indiening": "2002-08-13", "vraag 1": "Hebt u kennisgenomen van de uitzending van het programma 2 Vandaag van 17 juli jl.? ", "vraag 2": "Is het waar dat uitzendkrachten na een opleiding van 2 dagen volledig ingezet worden als beveiligingsmedewerker in de inrichtingen voor bolletjesslikkers? ", "vraag 3": "Is het waar dat uitzendkrachten als bewaker van bolletjesslikkers in sommige gevallen voor een periode van enkele weken als vakantiewerker te werk worden gesteld? ", "vraag 4": "Is deze wijze van tewerkstellen door het ingehuurde beveiligingsbureau conform de met u gemaakte afspraken? ", "vraag 5": "Zo ja, acht u deze gang van zaken verantwoord? ", "vraag 6": "Hebt u overwogen militairen in te zetten voor deze taken? ", "antwoord 1": "[Ja", "antwoord 2": "Voor de zomerperiode zijn in samenwerking met een uitzendbureau een aantal tijdelijke krachten geworven die boventallig ingezet kunnen worden naast de vaste krachten, in het bijzonder ten behoeve van de extra werkzaamheden die de verhuizing van ingesloten drugskoeriers vanuit het detentiecentrum Amsterdam naar het detentiecentrum Zeist, met zich meebrengt. Deze tijdelijke krachten krijgen 3 dagen opleiding en 5 dagen training \u00c2\u00abon the job\u00c2\u00bb en zullen uitsluitend voor ondersteunende werkzaamheden (portier, facilitaire ondersteuning) worden ingezet. Daarbij wordt getracht deze tijdelijke krachten zo min mogelijk in te zetten in situaties waarin direct contact is met gedetineerden. Zij verrichten geen beveiligingswerkzaamheden", "antwoord 3": "Juist met het oog op de veiligheid van de medewerkers en gedetineerden zijn er duidelijke afspraken gemaakt over opleiding en inzet van de medewerkers van de ingehuurde beveiligingsbureaus. Bovendien wordt er dagelijks afgestemd over de inzet van personeel", "antwoord 4": "De medewerkers van de beveiligingsbedrijven werken onder de verantwoordelijkheid en regie van ervaren directeuren uit het reguliere gevangeniswezen. In verband met het nog ontbreken van de gewenste ervaring op de werkvloer, wordt een aantal teams geleid door ervaren Engelse teamleiders. Overigens zijn er vanuit het reguliere gevangeniswezen inmiddels bij alle detentiecentra ervaren afdelingshoofden gedetacheerd, die als adviseur dagelijks op de werkvloer aanwezig zijn. Ik beoordeel dit als een verantwoorde situatie", "antwoord 5": "Er is overleg gepleegd met het ministerie van Defensie teneinde te bezien of, en zo ja in hoeverre, er van die zijde hulp geboden kon worden. Dat bleek echter slechts in zeer beperkte mate en voor een zeer korte periode mogelijk en dan nog uitsluitend voor buitenbeveiligingstaken. Alles afwegende is gekozen voor het inhuren van beveiligingsbedrijven en het maken van concrete afspraken over de werving, selectie, opleiding en inzet. ]"}