{"Bibliografische_omschrijving": "Vragen van het lid Kant (SP) aan de minister van Volksgezondheid, Welzijn en Sport over dat de \u00c2\u00abstandstill\u00c2\u00bb niet van toepassing is op de situatie in de regio Oss-Uden-Veghel. (Ingezonden 2 mei 2002); Antwoord", "Bestand": "15Kb", "Permalink": "\nhttp://www.geencommentaar.nl/parlando/index.php?action=doc&filename=KVR15720\n", "Inhoud": "Vragen over de plannen van het Bernhoven ziekenhuis om de locaties in Oss en Veghel op te heffen en te komen tot de bouw van \u00c3\u00a9\u00c3\u00a9n nieuw ziekenhuis.", "Rubriek": "Gezondheidszorg (Zorginstellingen)", "Trefwoorden": "Ziekenhuizen", "Vindplaats": "Kamervragen met antwoord 2001-2002, nr. 1196, Tweede Kamer", "Afkomstig van": "2010209760", "Indiener": "Volksgezondheid, Welzijn en Sport (VWS)", "Partij vertegenwoordiger": "<persoon partij=\"SP\">Kant</persoon>", "Datum_reaktie": "\n", "Datum_indiening": "2002-05-28", "vraag 1": "Is het waar dat u en uw ambtenaren de gedeputeerde Van Nistelrooij persoonlijk hebben verzekerd dat de \u00c2\u00abstandstill\u00c2\u00bb niet van toepassing is op de situatie in de regio Oss\u00e2\u20ac\u201cUden\u00e2\u20ac\u201cVeghel en dat een unielocatie niet in strijd is met de \u00c2\u00abstandstill\u00c2\u00bb, zoals deze gedeputeerde tijdens een debat op 24 april in de provinciale Commissie voor Advies voor Volksgezondheid, Ouderen en Jeugd van Noord-Brabant heeft verklaard? Zo ja, kunt u uitleggen wat voor u de redenen waren om dit te verklaren? ", "vraag 2": "Hoe verhouden uw uitspraken zich tot de gezaghebbende oproep tot een \u00c2\u00abstandstill\u00c2\u00bb en de daarbij gepubliceerde lijst van ziekenhuizen waarop de ziekenhuislocaties in Oss en Veghel beide worden beschreven als topklinisch/basisziekenhuis, waarbij de uitdrukkelijke wens van de Kamer is dat alle op de lijst voorkomende locaties met hun functies behouden dienen te blijven? ", "vraag 3": "Bent u van mening dat het opheffen van beide locaties in strijd is met de gemaakte afspraken inzake de \u00c2\u00abstandstill\u00c2\u00bb in de Kamer? Zo neen, waarom niet? Zo ja, bent u dan bereid de directie van ziekenhuis Bernhoven, de provincie en de betrokken gemeenten duidelijkheid hieromtrent te verschaffen? ", "vraag 4": "Erkent u dat wanneer in de regio Oss\u00e2\u20ac\u201cUden\u00e2\u20ac\u201cVeghel overgegaan zou worden tot unielocatie dit betekent dat de door de Kamer uitgesproken wens om het bereikbaarheidscriterium van 30 minuten te hanteren in de periferie van het verzorgingsgebied zal worden overschreden en dientengevolge een vergroot risico ontstaat op het verlies van levens? Zo ja, acht u dit een gewenste ontwikkeling? ", "antwoord 1": "[Het ziekenhuis Bernhoven heeft een formele aanvraag-verklaring voor concentratiebouw bij mij ingediend. Uit de daarbij gevoegde documenten is gebleken dat overleg gevoerd is met stakeholders. Ook zijn documenten bijgevoegd waaruit blijkt dat het voornemen van het ziekenhuis om te komen tot concentratiebouw ondersteund wordt. Die aanvraag-verklaring heb ik zoals de wet voorschrijft, voor advies voorgelegd aan Gedeputeerde Staten van Noord Brabant en het College Bouw Ziekenhuisvoorzieningen. In het kader van die wettelijk voorgeschreven adviesprocedure heeft de heer Van Nistelrooy aan professor Casparie gevraagd een onderzoek uit te voeren. Voorafgaand aan het debat in provinciale staten over het door Gedeputeerde Staten uit te brengen advies is inderdaad contact geweest tussen mijn medewerkers en medewerkers van de heer Van Nistelrooy. Van mijn kant is daarbij aangegeven dat een wettelijk vastgelegde WZV-procedure zorgvuldig dient te worden doorlopen. Aan het eind van dat traject neemt de minister, mede op basis van de adviezen, een besluit. De \u00c2\u00abstand-still\u00c2\u00bb betekent naar mijn mening niet dat wettelijk vastgelegde procedures opzij geschoven kunnen worden noch dat discussie of meningsvorming over een individueel ziekenhuis op een laag pitje zouden moeten komen te staan", "antwoord 2": "De gepubliceerde lijst is gepresenteerd als een indicatieve lijst. Mijn gezaghebbende oproep blijft van kracht totdat ik met uw Kamer heb kunnen spreken over de door het College Bouw uit te brengen nadere uitvoeringstoets. De wens van de Kamer zal ik natuurlijk bij besluitvorming over individuele gevallen nadrukkelijk laten meewegen, net als de adviezen van Gedeputeerde Staten en het College Bouw. Zolang ik die adviezen niet ontvangen heb is besluitvorming niet aan de orde", "antwoord 3": "Voor de beantwoording van het eerste deel van deze vraag verwijs ik naar mijn antwoord op de twee als eerste gestelde vragen. In antwoord op het tweede deel van deze vraag kan ik u mededelen dat ik een afschrift van mijn antwoorden aan genoemde actoren zal sturen", "antwoord 4": "Bij mijn besluitvorming over de aanvraag-verklaring vormt het bereikbaarheidscriterium \u00e2\u20ac\u201c met inachtneming van hetgeen ik hierover geschreven heb in mijn brieven aan uw Kamer dd. 1 februari 2002 en 17 april 2002 \u00e2\u20ac\u201c een belangrijk aspect. ]"}