{"Bibliografische_omschrijving": "Vragen van de leden Schutte (GPV) en Van Dijke (RPF) aan de staatssecretaris van Financi\u00c3\u0192\u00c2\u00abn over de levering van zonne- energiepanelen. (Ingezonden 25 oktober 1999); Antwoord", "Bestand": "15Kb", "Permalink": "\nhttp://www.geencommentaar.nl/parlando/index.php?action=doc&filename=KVR10637\n", "Inhoud": "Vragen over de levering door onder meer de NV Regionale Energie Maatschappij Utrecht en Shell Solar van zonne-energiepanelen met het oog op verhuur en verkoop ervan aan particulieren, en de trage behandeling van de aanvragen van een ruling van de belastinginspecteur voor de Omzet- en de Vennootschapsbelasting.", "Rubriek": "Bedrijfsleven en industrie (Investeringen) Belastingen (Belastingontheffing, -teruggave, -vermindering, -vrijstelling) Energie, water en grondstoffen (Alternatieve energiebronnen) Milieu (Milieutechnologie)", "Trefwoorden": "Investeringsfaciliteiten Milieusubsidies Zonne-energie", "Vindplaats": "Kamervragen met antwoord 1999-2000, nr. 341, Tweede Kamer", "Afkomstig van": "2990001610", "Indiener": "Financi\u00c3\u0192\u00c2\u00abn", "Partij vertegenwoordiger": "<persoon partij=\"GPV\">Schutte</persoon>", "Datum_reaktie": "\n", "Datum_indiening": "<persoon partij=\"RPF\">Van Dijke</persoon>", "vraag 1": "Bent u bekend met het contract tussen onder meer de NV Regionale Energie Maatschappij Utrecht en Shell Solar voor de levering van 10 000 zonne-energiepanelen, met het oog op verhuur en verkoop aan particulieren? ", "vraag 2": "Onderschrijft u dat dergelijke initiatieven een substanti\u00c3\u00able bijdrage leveren aan de vergroting van het aandeel van duurzame energie in de totale energievoorziening? ", "vraag 3": "Is u bekend dat de behandeling van de aanvragen van een zogenaamde ruling van de belastinginspecteur voor de Omzet- en de Vennootschapsbelasting, noodzakelijk om gebruik te kunnen maken van de fiscale regelingen VAMIL en EIA, forse vertraging dreigt op te lopen? ", "vraag 4": "In hoeverre heeft die vertraging te maken met capaciteitsproblemen en prioriteitsstelling bij de \u00c2\u00abBelastingdienst grote ondernemingen\u00c2\u00bb? Doen dergelijke vertragingen zich vaker voor? ", "vraag 5": "Welke instrumenten heeft u om de behandeling van de in vraag 3 bedoelde aanvragen te bespoedigen? ", "vraag 6": "Bent u bereid om te bewerkstelligen dat fiscale stimuleringsregelingen ter bevordering van duurzame energie door snelle medewerking van de Belastingdienst goede voortgang kunnen vinden? Binnen welke termijn denkt u een en ander te kunnen realiseren? ", "antwoord 1": "[Ja", "antwoord 2": "Ja", "antwoord 3": "Van een (verzoek om een) ruling is hier geen sprake. Voor de vraag of terzake van de investering in zonne-energiepanelen de investeerder, die de panelen bij particulieren plaatst of laat plaatsen, in aanmerking kan komen voor de fiscale regelingen van willekeurige afschrijving op milieu-investeringen (VAMIL) en de energie-investeringsaftrek (EIA) is relevant of de panelen, na plaatsing, nog zijn aan te merken als zelfstandige roerende zaken of dat zij door plaatsing onderdeel worden van de woning. Bij de invoering van de energie-investeringsaftrek (kamerstuk 25 052, nr. 3 en nr. 7) is aangegeven dat deze regeling ook bedoeld is voor die gevallen waarin de bedrijfsmiddelen via leasing ter beschikking worden gesteld, zodat ook andere doelgroepen van het energiebesparingsbeleid die niet direct kunnen profiteren van de energie-investeringsaftrek hiervan op indirecte wijze kunnen profiteren. Mede gelet op mijn antwoord op vraag twee, en de antwoorden op de vragen van de leden Crone en De Boer van 31 augustus 1999 (Aanhangsel Handelingen nr. 240, Vergaderjaar 1999\u00e2\u20ac\u201c2000), heb ik het standpunt ingenomen dat zonnepanelen en dergelijke, die aan woningen worden aangebracht afzonderlijke, roerende goederen blijven. Deze opvatting is aan de belastingdienst bekendgemaakt. In het door u geschetste geval heeft de inspecteur dit ook aan belastingplichtige bekendgemaakt. Het wordt voorts gepubliceerd in een besluit, waarvan ik ter kennisneming een afschrift bijvoeg. ]"}