{"Bibliografische_omschrijving": "Vragen van de leden Mosterd en Buijs (beiden CDA) aan de staatssecretaris van Volksgezondheid, Welzijn en Sport en de minister van Sociale Zaken en Werkgelegenheid over het schrappen van enkele voorzieningen uit het verstrekkingenpakket AWBZ. (Ingezonden 28 mei 2002); Antwoord", "Bestand": "18Kb", "Permalink": "\nhttp://www.geencommentaar.nl/parlando/index.php?action=doc&filename=KVR15871\n", "Inhoud": "Vragen over het schrappen van bewassing, zakgeldbeheer en personele begeleiding tijdens korte vakanties uit het verstrekkingenpakket van de AWBZ, terwijl deze zaken al sinds 1968 tot het zorgpakket van zwakzinnnigeninternaten worden gerekend.", "Rubriek": "Gezondheidszorg (Zorgverzekeringen) Welzijn (Geestelijk gehandicapten)", "Trefwoorden": "AWBZ Zwakzinnigeninrichtingen", "Vindplaats": "Kamervragen met antwoord 2001-2002, nr. 1326, Tweede Kamer", "Afkomstig van": "2010210700", "Indiener": "Volksgezondheid, Welzijn en Sport (VWS)", "Partij vertegenwoordiger": "<persoon partij=\"CDA\">Mosterd</persoon>", "Datum_reaktie": "\n", "Datum_indiening": "<persoon partij=\"CDA\">Buijs</persoon>", "vraag 1": "Is het u bekend dat blijkens een circulaire van CVZ bewassing, zakgeldbeheer en personele begeleiding tijdens korte vakanties uit het verstrekkingenpakket van de AWBZ worden geschrapt, terwijl voornoemde zaken als sinds de invoering van de AWBZ in 1968 tot het zorgpakket van zwakzinnigeninternaten worden gerekend? ", "vraag 2": "Is het waar dat voor deze kosten in de zak- en kleedgeldnormen van de ABWZ geen bedragen zijn opgenomen? ", "vraag 3": "Deelt u de mening dat deze kosten niet door de betreffende bewoners uit eigen middelen betaald behoeven te worden, en behoren deze kosten niet nadrukkelijk tot de zorgkosten? ", "vraag 4": "Bent u bereid in gezamenlijk overleg tot een passende oplossing voor deze problematiek te komen? ", "vraag 5": "Onderschrijft u de mening dat de meest voor de handliggende oplossing is voornoemde uitsluitingen uit het ABWZ-pakket ongedaan te maken? ", "antwoord 1": "[Op aandrang van de Tweede Kamer heb ik het CVZ verzocht helder te maken wat onder de verstrekking valt en na te gaan of zaken die onder de verstrekking vallen niet onterecht bij de verzekerde in rekening worden gebracht. Deze door de Kamer gewenste helderheid, heeft tot gevolg gehad dat ook helder is geworden wat niet onder de aanspraken valt. Zakgeldbeheer, bewassing en personele begeleiding tijdens vakantie vallen niet onder de aanspraak , Bij de brief van 29 mei 2002, Kamerstukken II 2001/02, 25 424 nr. 44, is de Minister van Sociale Zaken en Werkgelegenheid ingegaan op vragen van de Vaste Commissie voor Sociale Zaken en Werkgelegenheid over de hoogte van de bijstandsnorm voor personen in een inrichting. Kern van de antwoorden is dat voor de bepaling van het niveau van dit specifieke bedrag destijds \u00c3\u00a9\u00c3\u00a9nmalig aan de hand van het budgetonderzoek van het CBS is vastgesteld dat zelfstandig wonende bejaarden in de lagere inkomensgroepen circa 32% van hun inkomen besteedden aan persoonlijke uitgaven zoals kleding, lichamelijke verzorging, ontspanning en deelname aan het maatschappelijk verkeer. Vervolgens is dit normbedrag gekoppeld aan het netto minimumloon. Sindsdien wordt geen gebruik meer gemaakt van budgetgegevens voor de vaststelling, c.q. aanpassing van deze bijstandsnorm maar volgt het bedrag, evenals de overige bijstandsnormen, de ontwikkeling van het netto minimumloon. Mede door de uitvoering van de motie Melkert (Kamerstukken II 1999/2000, 26 800, nr. 8) is deze bijstandsnorm per 1 juli 2001 extra verhoogd met 22,69 per maand voor alleenstaanden en alleenstaande ouders en met 14,12 per maand voor gehuwden. Met het hanteren van genoemd percentage is niet beoogd een uitspraak te doen over een opbouw van het bedrag voor de bijstandsnorm voor personen in een inrichting. Doel hiervan was destijds uitsluitend te bepalen welk deel van het inkomen van een bejaarde werd besteed aan persoonlijke uitgaven. Omdat daarnaar expliciet wordt gevraagd, is niettemin bezien of de in vraag 1 genoemde kostensoorten destijds behoorden tot de voor de vaststelling van de hoogte van het zak- en kleedgeld geselecteerde uitgaven. Voor kosten van bewassing geldt dit niet, omdat deze kosten voor bejaardenoorden, thans verzorgingshuizen, tot de verstrekking AWBZ behoren. Deze instellingen zijn destijds voor de vaststelling van de bijstandsnorm voor personen in een inrichting als uitgangspunt genomen omdat deze norm in 1970 is ge\u00c3\u00afntroduceerd bij de invoering van de Tijdelijke Rijksgroepsregeling bejaarden in bejaardenoorden. Voor de overige AWBZ-instellingen behoren de kosten van bewassing niet tot de verstrekking AWBZ, tenzij er sprake is van meerkosten in verband met het reinigen van kleding als gevolg van een aandoening of ziekte. De kosten voor zakgeldbeheer behoren evenmin tot de geselecteerde uitgaven, omdat deze destijds niet gebruikelijk waren. Uitgaven voor vakantie behoren wel tot de geselecteerde uitgaven. Deze worden geacht uit het zak- en kleedgeld te kunnen worden voldaan. Er wordt op gewezen dat in die gevallen waarin naar het oordeel van de gemeente de in vraag 1 genoemde kosten op grond van bijzondere omstandigheden als noodzakelijk moeten worden aangemerkt een beroep kan worden gedaan op bijzondere bijstand", "antwoord 2": "Nee, die mening deel ik niet. Het gaat hier niet om zorg die in het AWBZ-pakket moet worden opgenomen. ]"}