{"Bibliografische_omschrijving": "Vragen van de leden Van Oven en Apostolou (beiden PvdA) over het niet vermelden van de Gouverneur van Aruba in het handboek voor de soldaat 1991 (Ingezonden 19 april 1995); Antwoord", "Bestand": "13Kb", "Permalink": "\nhttp://www.geencommentaar.nl/parlando/index.php?action=doc&filename=KVR1450\n", "Inhoud": "Veiligheidsbeleid en defensie (Militairen)", "Rubriek": "Aruba Militairen", "Trefwoorden": "Kamervragen met antwoord 1994-1995, nr. 806, Tweede Kamer", "Vindplaats": "Defensie", "Afkomstig van": "<persoon partij=\"PvdA\">Van Oven</persoon>", "Indiener": "\n", "Partij vertegenwoordiger": "<persoon partij=\"PvdA\">Apostolou</persoon>", "Datum_reaktie": "\n", "Datum_indiening": "1995-05-17", "vraag 1": "Waarom wordt in het handboek voor de soldaat 1991 (VS 2-150 Koninklijke Landmacht) onder punt 4 op bladzijde 2 \u00e2\u20ac\u201c waar de hoogwaardigheidsbekleders aan wie de eregroet moet worden gebracht worden opgesomd \u00e2\u20ac\u201c niet vermeld \u00c2\u00abde Gouverneur van Aruba\u00c2\u00bb, hoewel de functie al sedert 1986 bestaat? ", "vraag 2": "Bent u \u00e2\u20ac\u201c indien van een omissie sprake mocht zijn \u00e2\u20ac\u201c bereid zo spoedig mogelijk de Gouverneur van Aruba in het Handboek alsnog te doen vermelden? ", "antwoord 1": "[Het is inderdaad een omissie dat de Gouverneur van Aruba niet is opgenomen in het \u00c2\u00abHandboek Soldaat\u00c2\u00bb, uitgave 1991. Deze uitgave is onlangs uit kostenoverwegingen ongewijzigd herdrukt ten behoeve van de laatste lichtingen dienstplichtige militairen. Het \u00c2\u00abHandboek Soldaat\u00c2\u00bb zal binnenkort vervallen. Het wordt midden 1995 vervangen door het \u00c2\u00abHandboek Militair\u00c2\u00bb voor beroepspersoneel. In dit nieuwe \u00c2\u00abHandboek Militair\u00c2\u00bb zal de opsomming van autoriteiten aan wie de eregroet moet worden gebracht niet meer voorkomen, omdat de opsomming reeds staat vermeld in het \u00c2\u00abVoorschrift Ceremonieel voor de Koninklijke landmacht\u00c2\u00bb. In dit voorschrift stond overigens aanvankelijk dezelfde fout, die inmiddels is hersteld. ]"}