{"Bibliografische_omschrijving": "Vragen van het lid Kamp (VVD) aan de minister van Sociale Zaken en Werkgelegenheid over de horeca-cao. (Ingezonden 29 oktober 1999); Antwoord", "Bestand": "15Kb", "Permalink": "\nhttp://www.geencommentaar.nl/parlando/index.php?action=doc&filename=KVR10755\n", "Inhoud": "Vragen over de zorgvuldigheid die is betracht bij de toepassing van de representativiteitseis bij het algemeen verbindend verklaren van de horeca-cao, naar aanleiding van het rapport 'Onder en boven de streep: werknemersstatistieken in de horeca' van het onderzoeksbureau Research Voor Beleid.", "Rubriek": "Inkomen en rechtspositie (Arbeidsovereenkomsten en CAO's) Vrijetijdsbesteding (Horeca)", "Trefwoorden": "CAO's Horeca", "Vindplaats": "Kamervragen met antwoord 1999-2000, nr. 442, Tweede Kamer", "Afkomstig van": "2990001920", "Indiener": "Sociale Zaken en Werkgelegenheid", "Partij vertegenwoordiger": "<persoon partij=\"VVD\">Kamp</persoon>", "Datum_reaktie": "\n", "Datum_indiening": "1999-12-13", "vraag 1": "Kent u het rapport \u00c2\u00abOnder en boven de streep: werknemersstatistieken in de horeca\u00c2\u00bb van het onderzoeksbureau Research Voor Beleid? ", "vraag 2": "Deelt u de mening dat bij het algemeen verbindend verklaren van collectieve arbeidsovereenkomsten en in het bijzonder bij de toepassing van de representativiteitseis grote zorgvuldigheid moet worden betracht? ", "vraag 3": "Is het beschikken over een betrouwbare wijze van berekening van het representativiteitscijfer noodzakelijk om de representativiteitseis zorgvuldig te kunnen toepassen? ", "vraag 4": "Deelt u de mening van de onderzoekers dat in het geval van de horeca-cao een dergelijke berekeningswijze ontbreekt? ", "vraag 5": "Bent u van mening dat bij het algemeen verbindend verklaren van de horeca-cao op het punt van de representativiteit de vereiste grote zorgvuldigheid is betracht? Zo ja, waarop baseert u deze mening? ", "antwoord 1": "[Ja", "antwoord 2": "Ja", "antwoord 3": "Ja. De representativiteit wordt berekend door het aantal werknemers in dienst van werkgevers gebonden door de CAO, die naar de aard van hun functie respectievelijk werkzaamheden \u00e2\u20ac\u201c met inachtneming van artikel 14 Wet CAO \u00e2\u20ac\u201c binnen de werkingssfeer vallen, uit te drukken in een percentage van het totaal aantal werknemers die binnen de werkingssfeer van de CAO zouden vallen. Hierbij dient te worden opgemerkt dat CAO-partijen primair verantwoordelijk zijn voor de adequate berekening van hun representativiteitsgegevens. Indien naar zijn oordeel noodzakelijk, kan de minister van CAO-partijen een verklaring van een registeraccountant of een accountants-administratieconsulent met certificerende bevoegdheid verlangen over de juistheid van de door hen verstrekte aantallen werknemers en de betrouwbaarheid van de daartoe gekozen bron(nen)", "antwoord 4": "Nee. Naar aanleiding van het tijdens de avv-procedure ontvangen rapport is CAO-partijen verzocht een accountantsverklaring over de juistheid van de door hen verstrekte aantallen werknemers en de betrouwbaarheid van de daartoe gekozen bron(nen) te overleggen. In antwoord op dit verzoek zijn de representativiteitsgegevens door CAO-partijen opnieuw vastgesteld en vervolgens door een accountant geaccordeerd. Dit representativiteitspercentage is tenminste 60,9%", "antwoord 5": "Ja. Het avv-verzoek is op het punt van de representativiteit volgens de in het Toetsingskader AVV vastgelegde procedures en uitgangspunten afgehandeld. Naar aanleiding van het tijdens de avv-procedure ontvangen rapport is aan CAO-partijen verzocht een accountantsverklaring over de juistheid van de door hen verstrekte aantallen werknemers en de betrouwbaarheid van de daartoe gekozen bron(nen) te overleggen. In antwoord op dit verzoek zijn de representativiteitsgegevens door CAO-partijen opnieuw vastgesteld en vervolgens door een accountant geaccordeerd. CAO-partijen hebben op verzoek enkele punten met betrekking tot de representativiteitsgegevens nader schriftelijk toegelicht en verduidelijkt. Uit de door CAO-partijen vastgestelde representativiteitsgegevens, de daarop betrekking hebbende accountantsverklaring alsmede de nadere toelichtingen van partijen, kan in redelijkheid worden geconcludeerd dat voldoende aannemelijk is gemaakt dat er minimaal sprake is van een representativiteit van 60,9%. Ingevolge het Toetsingskader AVV is deze meerderheid als een belangrijke meerderheid te kwalificeren. De Stichting van de Arbeid is met betrekking tot de representativiteit uitdrukkelijk om een reactie gevraagd. De Stichting heeft aangegeven te kunnen instemmen met het besluit het avv-verzoek te honoreren. Inmiddels is het besluit tot AVV genomen. Daarbij is aangegeven dat CAO-partijen in geval van een volgend avv-verzoek gevraagd zal worden bij de dan weer te verstrekken representativiteitsgegevens opnieuw een accountantsverklaring te voegen. ]"}