{"Bibliografische_omschrijving": "Vragen van het lid Van Walsem (D66) aan de minister van Verkeer en Waterstaat over het verbod op het vliegen boven stiltegebieden. (Ingezonden 19 februari 2002); Antwoord", "Bestand": "13Kb", "Permalink": "\nhttp://www.geencommentaar.nl/parlando/index.php?action=doc&filename=KVR15203\n", "Inhoud": "Vragen over het vliegverbod boven stiltegebieden op Texel en beloofde schadeloosstelling van aandeelhouders van het Texelse vliegveld, waardoor verdere uitvoering van dit verbod eventueel negatief be\u00c3\u00afnvloed wordt.", "Rubriek": "Natuur (Overig) Verkeer, vervoer en waterstaat (Luchtvaartterreinen)", "Trefwoorden": "Luchthavens Natuurbescherming Texel", "Vindplaats": "Kamervragen met antwoord 2001-2002, nr. 730, Tweede Kamer", "Afkomstig van": "2010206320", "Indiener": "Verkeer en Waterstaat (VW)", "Partij vertegenwoordiger": "<persoon partij=\"D66\">Van Walsem</persoon>", "Datum_reaktie": "\n", "Datum_indiening": "2002-03-04", "vraag 1": "Is het waar dat u het vliegveld Texel schadeloos zult stellen in het geval de aandeelhouders te maken hebben met derving van inkomsten omdat er niet meer boven de stiltegebieden op Texel gevlogen mag worden? ", "vraag 2": "Zo ja, zal dit geen negatieve invloed hebben op het effectief instellen van een vliegverbod boven de stiltegebieden? ", "antwoord 1": "[Zelfs indien het vliegen boven stiltegebieden niet meer mogelijk is, zal het vliegveld Texel bereikbaar blijven voor vliegverkeer. In het Besluit beperkingen burgerluchtverkeer Waddenzee is opgenomen dat de minimum vlieghoogte niet geldt op het deel van de vlucht, noodzakelijk om op te stijgen van of te landen op een luchtvaartterrein, alsmede voor het uitvoeren van naderings- en vertrekprocedures en luchtverkeerspatronen. Ook het paraspringen kan blijven plaatsvinden, zij het boven die gedeelten van het eiland die niet zijn aangewezen als stiltegebied. In het afkoopbedrag dat de luchthaven eind 2001 is overeengekomen met Verkeer en Waterstaat is bovendien een clausule opgenomen waarin aangegeven wordt dat, wanneer de luchthaven kan aantonen financi\u00c3\u00able schade te ondervinden van het beleid met betrekking tot stiltegebieden, over dit punt overleg met het ministerie mogelijk is. Overigens bezit het rijk momenteel 65,3% van de aandelen. De provincie Noord-Holland bezit 5,1% en de gemeente Texel 29,1%. De opzet is de rijksaandelen in het jaar 2002 te vervreemden", "antwoord 2": "Het doel van bovenstaande clausule was het traject van afkoop voor eind 2001 te kunnen afronden en toch de implementatie van het beleid met betrekking tot vliegen boven stiltegebieden niet te belemmeren. ]"}