{"Bibliografische_omschrijving": "Vragen van de leden Mosterd en Van de Camp (beiden CDA) aan de staatssecretaris van Onderwijs, Cultuur en Wetenschappen, mw. Adelmund, over de vergoeding voor het afnemen van staatsexamens. (Ingezonden 15 november 2001); Mededeling", "Bestand": "13Kb", "Permalink": "\nhttp://www.geencommentaar.nl/parlando/index.php?action=doc&filename=KVR14726\n", "Inhoud": "Vragen over de vergoeding voor docenten die in hun vakantie staatsexamens mavo, havo en vwo afnemen. Deze vergoeding zou door het nieuwe belastingsysteem netto lager uitvallen.", "Rubriek": "Inkomen en rechtspositie (Loontoeslagen) Voortgezet onderwijs (Examens) Voortgezet onderwijs (Rechtspositie onderwijspersoneel)", "Trefwoorden": "Examens Loontoeslagen Onderwijsgevenden voortgezet onderwijs", "Vindplaats": "Kamervragen met antwoord 2001-2002, nr. 355, Tweede Kamer", "Afkomstig van": "2010202370", "Indiener": "Onderwijs, Cultuur en Wetenschappen (OCW)", "Partij vertegenwoordiger": "<persoon partij=\"CDA\">Mosterd</persoon>", "Datum_reaktie": "\n", "Datum_indiening": "<persoon partij=\"CDA\">Van de Camp</persoon>", "vraag 1": "Bent u ervan op de hoogte dat een belangrijk aantal docenten \u00c3\u00a9\u00c3\u00a9n of twee weken van hun vakantie besteedt aan het afnemen van staatsexamens MAVO/HAVO en VWO? ", "vraag 2": "Is u bekend dat bij deze docenten onvrede is ontstaan doordat zij vanwege het nieuwe belastingsysteem netto minder vergoeding voor deze noodzakelijke werkzaamheden krijgen? ", "vraag 3": "Bent u van mening dat deze docenten door het nieuwe belastingsysteem geen lagere netto uitkering voor hun werkzaamheden mogen krijgen? ", "vraag 4": "Indien u vraag 3 niet met ja beantwoordt, op welke wijze gaat u dit probleem oplossen? ", "antwoord 1": "[]"}