{"Bibliografische_omschrijving": "Vragen van het lid Van den Doel (VVD) aan de staatssecretaris van Defensie over het KL-budget civiele scholing BBT-ers. (Ingezonden 18 april 2002); Antwoord", "Bestand": "12Kb", "Permalink": "\nhttp://www.geencommentaar.nl/parlando/index.php?action=doc&filename=KVR15672\n", "Inhoud": "Vragen over voortijdige uitputting van het KL-budget voor BBT'ers voor civiele scholing voor 2002.", "Rubriek": "Arbeid (Arbeidsmarkt) Veiligheidsbeleid en defensie (Landmacht)", "Trefwoorden": "Arbeidsmarkt Landmacht Militairen", "Vindplaats": "Kamervragen met antwoord 2001-2002, nr. 1154, Tweede Kamer", "Afkomstig van": "2010209320", "Indiener": "Defensie (DEF)", "Partij vertegenwoordiger": "<persoon partij=\"VVD\">Van den Doel</persoon>", "Datum_reaktie": "\n", "Datum_indiening": "2002-05-22", "vraag 1": "Is het KL-budget ten behoeve van BBT-ers voor de civiele scholing voor 2002 reeds uitgeput? ", "vraag 2": "Zo ja, op welke wijze maakt Defensie haar doelstelling dan waar dat BBT-ers tijdens hun contractperiode een civiele scholing kunnen volgen ten behoeve van hun kansen na afloop van hun contractperiode op de arbeidsmarkt? ", "vraag 3": "Ziet u een dergelijke maatregel als bevorderend voor de werving van BBT-ers en de betrouwbaarheid van Defensie als werkgever? ", "vraag 4": "Welke maatregelen worden genomen om alsnog BBT-ers in de gelegenheid te stellen dat zij civiele scholing kunnen volgen binnen de daarvoor gestelde voorwaarden? ", "antwoord 1": "[Nee, het desbetreffende budget is niet uitgeput", "antwoord 2": "Defensie zorgt er als goed werkgever voor dat BBT\u00e2\u20ac\u2122ers na afloop van hun contract een goede arbeidsmarktpositie hebben. Dit wordt onder andere gerealiseerd door de BBT\u00e2\u20ac\u2122ers tijdens de dienst opleidingen te laten volgen. Ook vanuit wervingsoogpunt is het belangrijk dat Defensie haar afspraken nakomt. Daarom draagt de landmacht te allen tijde zorg voor voldoende scholingsmogelijkheden voor BBT\u00e2\u20ac\u2122ers. Inmiddels heeft de Koninklijke landmacht maatregelen genomen om het opleidingstraject beter over de contractduur te spreiden en krijgen de BBT\u00e2\u20ac\u2122ers een meer op maat gesneden opleidingstraject aangeboden. ]"}