{"Bibliografische_omschrijving": "Vragen van het lid Van 't Riet (D66) aan de staatssecretaris van Defensie over Apache helikopters. (Ingezonden 28 maart 2002); Antwoord", "Bestand": "13Kb", "Permalink": "\nhttp://www.geencommentaar.nl/parlando/index.php?action=doc&filename=KVR15505\n", "Inhoud": "Vragen naar aanleiding van een artikel in het Algemeen Dagblad van 26 maart 2002 over technische mankementen aan het raketafvuringssysteem van de Amerikaanse Apache-helikopter en de door Nederland nieuw aangeschafte helikopters van dit type.", "Rubriek": "Veiligheidsbeleid en defensie (Militair materieel)", "Trefwoorden": "Militaire vliegtuigen", "Vindplaats": "Kamervragen met antwoord 2001-2002, nr. 1008, Tweede Kamer", "Afkomstig van": "2010208480", "Indiener": "Defensie (DEF)", "Partij vertegenwoordiger": "<persoon partij=\"D66\">Van 't Riet</persoon>", "Datum_reaktie": "\n", "Datum_indiening": "2002-04-12", "vraag 1": "Is het waar dat de Amerikaanse Apaches nog maar aan \u00c3\u00a9\u00c3\u00a9n zijde raketten mogen afvuren, om beschadiging aan de eigen staart te voorkomen? Is er mogelijkerwijs sprake van een ontwerpfout? ", "vraag 2": "Is het waar dat de toestellen die de Koninklijke Luchtmacht heeft besteld, uit dezelfde serie (AH-64D) afkomstig zijn, en zijn uitgerust met hetzelfde wapensysteem? ", "vraag 3": "Hoeveel Apaches heeft Defensie nog in bestelling? Hebben de gesignaleerde problemen met het raketafvuringssysteem gevolgen voor de verwerving van Apache helikopters door Defensie? ", "antwoord 1": "[Zie antwoord 2 op de vragen van het lid Van Ardenne-van der Hoeven", "antwoord 2": "De Apache gevechtshelikopters van de Koninklijke luchtmacht worden gelijktijdig met andere Apaches (b.v. US Army) geproduceerd. De configuratie van de Nederlandse Apache is nagenoeg identiek aan de configuratie van de US Army Apache. Op dit moment zijn 28 van de 30 Apache gevechtshelikopters aan de Koninklijke luchtmacht geleverd. De laatste Apache wordt op 9 mei 2002 overgedragen. Het in het Algemeen Dagblad gemelde probleem is terug te voeren op de Hellfire-missiles en niet op de Apache gevechtshelikopter. De problemen met de Hellfire-missiles zijn daarenboven beperkt tot de raketten die zijn voorzien van een specifieke partij \u00c2\u00abHercules\u00c2\u00bb aandrijfmotoren. \u00c2\u00abHercules\u00c2\u00bb aandrijfmotoren worden in de raketten van de Koninklijke luchtmacht niet toegepast. Ook worden op Ft Hood in de Verenigde Staten, waar Nederlandse helikopterbemanningen worden opgeleid in Nederlandse Apaches, de betreffende Hellfire-missiles niet gebruikt. De Hellfire-missiles van de Koninklijke luchtmacht zijn uitgevoerd met \u00c2\u00abThiokol\u00c2\u00bb aandrijfmotoren. Het probleem van de raketten komt derhalve op de Nederlandse Apaches gevechtshelikopters niet voor en hebben geen gevolgen voor de verwerving van de Apache gevechtshelikopters. ]"}