{"Bibliografische_omschrijving": "Vragen van het lid Kant (SP) aan de minister van Volksgezondheid, Welzijn en Sport over de sluiting van de Eerste Hulppost psychiatrie in Amsterdam. (Ingezonden 16 augustus 2002); Antwoord", "Bestand": "14Kb", "Permalink": "\nhttp://www.geencommentaar.nl/parlando/index.php?action=doc&filename=KVR16241\n", "Inhoud": "Vragen over de noodopvang van psychiatrische pati\u00c3\u00abnten in Amsterdam, na het sluiten van de Eerste Hulppost Psychiatrie in de hoofdstad.", "Rubriek": "Gezondheidszorg (Geestelijke gezondheidszorg) Gezondheidszorg (Pati\u00c3\u00abnten)", "Trefwoorden": "Eerstelijnsgezondheidszorg Pati\u00c3\u00abnten Psychiatrie", "Vindplaats": "Kamervragen met antwoord 2001-2002, nr. 1646, Tweede Kamer", "Afkomstig van": "2010213850", "Indiener": "Volksgezondheid, Welzijn en Sport (VWS)", "Partij vertegenwoordiger": "<persoon partij=\"SP\">Kant</persoon>", "Datum_reaktie": "\n", "Datum_indiening": "2002-09-10", "vraag 1": "Wat is uw mening over het openen en weer sluiten van de Eerste Hulppost Psychiatrie in Amsterdam? 1, 2 ", "vraag 2": "Wat zijn volgens u de oorzaken van het niet lukken van dit initiatief? ", "vraag 3": "Erkent u dat door de problemen en overbelasting direct na de opening van het centrum de omvang van het probleem juist zichtbaar is geworden? Zo nee, waarom niet? ", "vraag 4": "Onderschrijft u dat er met spoed een oplossing moet komen voor de noodopvang de van psychiatrische pati\u00c3\u00abnten, en deze niet \u00e2\u20ac\u201c zoals helaas al jaren gebeurt \u00e2\u20ac\u201c opgevangen worden in een politiecel? ", "vraag 5": "Wat gaat u ondernemen om tot een oplossing te komen? ", "vraag 6": "Is het waar dat instellingen voor geestelijke gezondheidszorg geen lastige en moeilijk behandelbare zwervers willen opnemen? ", "vraag 7": "Deelt u de mening dat er een opnameplicht moet komen voor psychiatrische instellingen indien het pati\u00c3\u00abnten in acute situaties betreft? ", "antwoord 1": "[In Amsterdam wordt door de verschillende partijen hard gewerkt om de opvang van mensen in acute psychische nood te verbeteren. De opening van de screeningsruimte is daarvan een onderdeel. Het openen en weer sluiten van de screeningsruimte betreur ik", "antwoord 2": "De ingebruikneming van de screeningsruimte bleek onvoldoende voorbereid. Zo bleek de fysieke inrichting van de screeningsruimte niet adequaat. De partijen die verantwoordelijk zijn voor de opvang werken er aan om deze te verbeteren", "antwoord 3": "Nee. Het is overigens aan de betrokken lokale partijen om een beeld te hebben van de omvang van de problemen en de zorgverlening daarop af te stemmen", "antwoord 4": "Ja, het verblijf van psychiatrische pati\u00c3\u00abnten in een politiecel dient, indien reeds noodzakelijk, zo kort mogelijk te zijn. Het is de verantwoordelijkheid van de partijen in Amsterdam om zodanige arrangementen te treffen dat aan dit uitgangspunt tegemoet wordt gekomen", "antwoord 5": "Het is aan de betrokken lokale partijen, waaronder de gemeente, het zorgkantoor en de geestelijke gezondheidszorg om de nodige stappen te ondernemen om tot een oplossing te komen. Ik heb de betrokken partijen nadrukkelijk op hun verantwoordelijkheid in dezen aangesproken", "antwoord 6": "Ik heb geen gegevens over het niet willen opnemen door GGZ-instellingen van lastige en moeilijke zwervers. Overigens, als iemand zwervend, lastig en moeilijk is, vormt dat als zodanig nog geen grond voor opname in een GGZ-instelling. Als pati\u00c3\u00abnten in een acute noodsituatie verkeren als gevolg van een psychische stoornis en er is sprake van gevaar voor zichzelf en/of anderen als gevolg hiervan, dan heeft een instelling opnameplicht in kader van RM of IBS die op grond van de wet BOPZ worden afgegeven. Als er sprake is van een vrijwillige opname speelt ook een rol dat lastige en moeilijke zwervers zelf geen (lang) verblijf wensen of niet behandeld willen worden. Zij zijn dan vrij om te vertrekken. ]"}