{"Bibliografische_omschrijving": "Vragen van het lid Azough (GroenLinks) aan de minister voor Vreemdelingenzaken en Integratie over subsidies aan projecten ten behoeve van allochtonen. (Ingezonden 29 augustus 2002); Antwoord", "Bestand": "12Kb", "Permalink": "\nhttp://www.geencommentaar.nl/parlando/index.php?action=doc&filename=KVR16208\n", "Inhoud": "Vragen naar aanleiding van een artikel in Trouw van 28 augustus 2002 waarin gemeld wordt dat de minister voor Vreemdelingenzaken en Integratie alleen geld wil geven aan projecten waar ook autochtone Nederlanders aan meedoen. Gevraagd wordt onder meer welke projecten dan stopgezet zullen worden.", "Rubriek": "Welzijn (Minderheden)", "Trefwoorden": "Minderheden Subsidies", "Vindplaats": "Kamervragen met antwoord 2001-2002, nr. 1615, Tweede Kamer", "Afkomstig van": "2010214650", "Indiener": "Vreemdelingenzaken en Integratie (VZI)", "Partij vertegenwoordiger": "<persoon partij=\"GroenLinks\">Azough</persoon>", "Datum_reaktie": "\n", "Datum_indiening": "2002-09-05", "vraag 1": "Klopt het artikel in Trouw van 28 augustus jl. waarin gemeld wordt dat u alleen geld wil geven aan projecten waar ook autochtone Nederlanders aan meedoen? ", "vraag 2": "Welke projecten waaraan u op dit moment subsidie verstrekt, wilt u stopzetten indien er slechts allochtonen aan meedoen? ", "vraag 3": "Wilt u andere subsidieverstrekkers, zoals bijvoorbeeld andere overheidsinstanties, bewegen uw voorbeeld in deze kwestie te volgen? ", "vraag 4": "Wilt u dus ook de subsidie stoppen aan projecten die primair gericht zijn op integratie en emancipatie van allochtonen? ", "vraag 5": "Vindt u dat een project als bijvoorbeeld het leren fietsen aan Turkse vrouwen, stopgezet moet worden, tenzij ook Nederlandse vrouwen willen leren fietsen? ", "antwoord 1": "[Het subsidiebeleid zal zich in hoofdzaak moeten richten op ondersteuning van activiteiten die gericht zijn op de bevordering van integratie en participatie van allochtonen. Ik zal met gemeentebesturen in gesprek gaan over de wijze waarop subsidies een bijdrage kunnen leveren aan concrete integratie-resultaten", "antwoord 2": "Indien deze projecten tot concrete integratie-resultaten leiden, zal ik deze niet stoppen. ]"}