{"Bibliografische_omschrijving": "Vragen van het lid Timmermans (PvdA) aan de minister van Financi\u00c3\u00abn over de uitvoering van de Europese Structuurfondsen in Nederland. (Ingezonden 23 maart 1999); Antwoord", "Bestand": "15Kb", "Permalink": "\nhttp://www.geencommentaar.nl/parlando/index.php?action=doc&filename=KVR10611\n", "Inhoud": "Vragen naar aanleiding van het Implementatie Rapport 1998 van de Europese Commissie over de structuurfondsen, van 22 januari 1999.", "Rubriek": "Handel en economie (Regionale ontwikkeling) Internationale betrekkingen (Europese Unie)", "Trefwoorden": "Regionale ontwikkeling Subsidies", "Vindplaats": "Kamervragen met antwoord 1999-2000, nr. 317, Tweede Kamer", "Afkomstig van": "2989910150", "Indiener": "Financi\u00c3\u00abn Economische Zaken", "Partij vertegenwoordiger": "<persoon partij=\"PvdA\">Timmermans</persoon>", "Datum_reaktie": "\n", "Datum_indiening": "1999-11-19", "vraag 1": "Hebt u kennis genomen van het Implementatie Rapport 1998 van de Europese Commissie over de structuurfondsen,, 22 januari 1999? ", "vraag 2": "Blijkt uit dit rapport dat eind 1998 voor Nederland nog een bedrag van 972,6 miljoen Euro aan betalingen in het kader van de structuurfondsen diende te worden vastgelegd? ", "vraag 3": "Zo ja, betekent dit dat eind 1998, maar liefst 36% van de voor Nederland bestemde fondsen nog niet waren vastgelegd? ", "vraag 4": "Blijkt tevens uit dit rapport dat eind 1998 van de bedragen die reeds zijn vastgesteld, 454 miljoen euro nog niet is uitgegeven? ", "vraag 5": "Indien de antwoorden op vraag 2 en 4 beide bevestigend luiden, moet in Nederland dan bij benadering nog 1426,6 miljoen euro aan voor Nederland bestemde middelen uit de structuurfondsen worden besteed? ", "vraag 6": "Zo ja, betekent dit dat in Nederland eind 1998 slechts 47% van de gelden is besteed, die voor de periode tot eind 1999 zijn bestemd? ", "vraag 7": "Bent u, gelet op het zorgelijke beeld dat uit de cijfers van de Europese Commissie naar voren komt, bereid een uitvoerige eigen analyse te maken van de besteding van structuurfondsen in Nederland, zodat een duidelijk beeld ontstaat van de mogelijkheden en beperkingen van het adequaat en tijdig inzetten van Europese structuurfondsen? ", "vraag 8": "Bent u bereid een dergelijke analyse op korte termijn aan de Kamer te doen toekomen? ", "antwoord 1": "[]"}