{"Bibliografische_omschrijving": "Vragen van de leden Albayrak en Barth (beiden PvdA) aan de staatssecretarissen van Justitie en van Onderwijs, Cultuur en Wetenschappen, mw. Adelmund, over scholing van ama's. (Ingezonden 9 november 2001); Antwoord", "Bestand": "14Kb", "Permalink": "\nhttp://www.geencommentaar.nl/parlando/index.php?action=doc&filename=KVR14763\n", "Inhoud": "Vragen over problemen in de onderwijshuisvesting in gemeenten waar asielzoekersleerlingen in het voortgezet onderwijs worden opgevangen.", "Rubriek": "Voortgezet onderwijs (Huisvesting) Welzijn (Jeugdigen) Welzijn (Vreemdelingen en asielzoekers)", "Trefwoorden": "Huisvesting voortgezet onderwijs Jeugdigen Vluchtelingen", "Vindplaats": "Kamervragen met antwoord 2001-2002, nr. 384, Tweede Kamer", "Afkomstig van": "2010202110", "Indiener": "Onderwijs, Cultuur en Wetenschappen (OCW)", "Partij vertegenwoordiger": "<persoon partij=\"PvdA\">Albayrak</persoon>", "Datum_reaktie": "\n", "Datum_indiening": "<persoon partij=\"PvdA\">Barth</persoon>", "vraag 1": "Bent u ermee op de hoogte dat gemeenten die asielzoekersleerlingen in het voortgezet onderwijs opvangen nog steeds knelpunten ondervinden in de onderwijshuisvesting? 1, 2 ", "vraag 2": "Is het onderzoek dat in het antwoord op de vragen, 22 januari 2001 door de staatssecretaris van Onderwijs, Cultuur en Wetenschappen is aangekondigd naar de knelpunten inmiddels afgerond? Zo ja, wat zijn de beleidsvoornemens op dit punt en wanneer zullen deze daadwerkelijk ten uitvoer worden gebracht? Zo neen, zijn de resultaten van het onderzoek op korte termijn te verwachten? ", "antwoord 1": "[Ja, daar ben ik van op de hoogte", "antwoord 2": "De onderwijshuisvestingsbudgetten zijn gedecentraliseerd naar de gemeenten. De uitkering 0\u00e2\u20ac\u201c19 jarigen loopt via het GBA. Daarnaast is er nog een uitkering (maatstaf) gekoppeld aan het aantal leerlingen in het voortgezet onderwijs, ingeschreven bij scholen op het grondgebied van de gemeente. Dit is de zogenoemde leerlingmaatstaf. Asielzoekers worden na minimaal 6 maanden verblijf in Nederland in het GBA ingeschreven. Gedurende de periode waarin betrokkenen niet zijn ingeschreven in het GBA ontvangen gemeenten een gemeentefonds vervangende uitkering op grond van het faciliteitenbesluit opvangcentra. De uitkering onderwijshuisvesting loopt dus via het gemeentefonds en dan wel via het faciliteitenbesluit opvangcentra en is \u00c2\u00abglobaal\u00c2\u00bb van aard. De lange afschrijvingstermijn van huisvesting (ongeveer 40 jaar) verhoudt zich slecht tot de kortlopende contracten over asielopvang tussen COA en gemeenten. In een groeiend aantal gemeenten doet zich op dit terrein een knelpunt voor, met name veroorzaakt door een macrotoename van asielzoekers in de leeftijd van 12\u00e2\u20ac\u201c18 jaar (waaronder ama\u00e2\u20ac\u2122s) en de opvangconcentratie van ama\u00e2\u20ac\u2122s op bepaalde locaties. Om aan de grootste knelpunten in het voortgezet onderwijs tegemoet te komen zijn door het Kabinet bij Najaarsnota middelen beschikbaar gesteld voor 2001. Dit budget wordt door het COA uitgekeerd aan gemeenten die volgens vastgestelde richtlijnen financi\u00c3\u00able knelpunten hebben. Op 23 november jl. heeft het COA de desbetreffende gemeenten een brief inclusief formulier gestuurd. Gemeenten wordt de gelegenheid geboden, in overleg met scholen, bekostiging van extra voorzieningen te vragen. De voorzieningen betreffen zowel huisvesting als eerste inrichting. Na beoordeling van de gemeentelijke aanvragen door een daartoe ingestelde commissie, zal het COA nog dit jaar een beschikking voor de desbetreffende gemeenten rond kunnen hebben. Met deze maatregel kunnen gemeenten die een noodvoorziening behoeven incidenteel worden tegemoetgekomen. Aan een structurele oplossing wordt nog gewerkt, waarbij de ervaringen met de huidige maatregelen zullen worden betrokken. ]"}