{"Bibliografische_omschrijving": "Vragen van het lid De Wit (SP) aan de minister van Sociale Zaken en Werkgelegenheid over het massaontslag bij KPN. (Ingezonden 16 april 2002); Mededeling", "Bestand": "13Kb", "Permalink": "\nhttp://www.geencommentaar.nl/parlando/index.php?action=doc&filename=KVR15612\n", "Inhoud": "Vragen over de re\u00c3\u00able waarde van de ingestelde taskforce voor het massontslag bij KPN.", "Rubriek": "Communicatie, media en informatievoorziening (Telecommunicatie) Inkomen en rechtspositie (Ontslagen)", "Trefwoorden": "Ontslagen Telecommunicatie", "Vindplaats": "Kamervragen met antwoord 2001-2002, nr. 1102, Tweede Kamer", "Afkomstig van": "2010209200", "Indiener": "Sociale Zaken en Werkgelegenheid (SZW)", "Partij vertegenwoordiger": "<persoon partij=\"SP\">De Wit</persoon>", "Datum_reaktie": "\n", "Datum_indiening": "2002-05-07", "vraag 1": "Herinnert u zich de instelling van een taskforce voor het massaontslag bij KPN? ", "vraag 2": "Hoeveel mensen zijn inmiddels ontslagen en hoevelen is nog ontslag aangezegd? ", "vraag 3": "Hoeveel mensen zijn bij KPN en daar buiten weer aan het werk gegaan? ", "vraag 4": "Klopt het dat het gemiddeld aantal dienstjaren onder de mensen die ontslagen worden omstreeks de achtentwintig jaren is? Vindt u het rechtvaardig dat deze mensen als ze jonger dan 55 jaar zijn, te maken krijgen met een forse inkomensachteruitgang met maximale aanvulling van de Wet Inkomensvoorziening Oudere en gedeeltelijk Arbeidsongeschikte werkloze Werknemers (IOAW) tot 1300 euro per maand? ", "vraag 5": "Wat is de taskforce meer dan de beschikbaarheid van een paar computers en hulp bij het schrijven van een sollicitatiebrief? ", "vraag 6": "Bent u bereid, nu in de praktijk behoefte blijkt aan om- en bijscholing, te bewerkstelligen dat het Uitvoeringsinstituut Werknemers Verzekeringen (UWV) daartoe de ruimte geeft door niet onverkort vast te houden aan de sollicitatieplicht? Ook als dat langer dan een jaar is? ", "antwoord 1": "[]"}