{"Bibliografische_omschrijving": "Vragen van het lid Gerkens (SP) aan de minister van Verkeer en Waterstaat en de staatssecretaris van Volkshuisvesting, Ruimtelijke Ordening en Milieubeheer over autoloze dag. (Ingezonden 21 augustus 2002); Antwoord", "Bestand": "14Kb", "Permalink": "\nhttp://www.geencommentaar.nl/parlando/index.php?action=doc&filename=KVR16164\n", "Inhoud": "Vragen over het gebrek aan animo onder Nederlandse gemeenten om mee te doen aan de autoloze zondag op 22 september 2002.", "Rubriek": "Criminaliteit en openbare orde (Handhaving openbare orde) Energie, water en grondstoffen (Aardolie) Energie, water en grondstoffen (Energiebesparing) Milieu (Luchtverontreiniging) Staats- en bestuursrecht (Gemeenten) Verkeer, vervoer en waterstaat (Motorrijtuigen) Verkeer, vervoer en waterstaat (Verkeersveiligheid)", "Trefwoorden": "Aardolie Energiebesparing Gemeenten Luchtverontreiniging Motorrijtuigen Openbare orde en veiligheid Verkeer Verkeersveiligheid", "Vindplaats": "Kamervragen met antwoord 2001-2002, nr. 1574, Tweede Kamer", "Afkomstig van": "2010214250", "Indiener": "Verkeer en Waterstaat (VW)", "Partij vertegenwoordiger": "<persoon partij=\"SP\">Gerkens</persoon>", "Datum_reaktie": "\n", "Datum_indiening": "2002-08-30", "vraag 1": "Wat is u mening over het gebrek aan animo van een flink aantal gemeenten in Nederland om mee te doen met de autoloze dag op 22 september 2002, terwijl het animo in de meeste andere Europese landen juist stijgt? Heeft u hier een verklaring voor? ", "vraag 2": "Bent u ervan op de hoogte dat vorig jaar uit een representatief onderzoek van NIPO bleek dat er in Nederland meer voorstanders dan tegenstanders zijn van de jaarlijkse autovrije dag? Wat voor maatregelen neemt u reeds om aan deze wens te voldoen? ", "vraag 3": "Bent u bereid maatregelen te nemen om de 470 gemeenten, die zich nog niet hebben opgegeven voor de autoloze dag, te bewegen om hieraan mee te doen? Zo ja, wat voor maatregelen? Zo neen, waarom niet? ", "vraag 4": "Bent u ervan op de hoogte dat in de meeste Europese landen een ministerie de direct verantwoordelijke voor de autoloze dag is? Bent u bereid te overwegen om dit in Nederland ook in te voeren, nu blijkt dat de gekozen structuur in Nederland niet werkt? ", "antwoord 1": "[De organisatie van de autovrije dag wordt door gemeenten veelal overgelaten aan een actiecomit\u00c3\u00a9 van actieve burgers. Daar zien we het verschijnsel dat deze actieve burgers vaak na een aantal jaren stoppen met het organiseren. Soms om praktische redenen, soms omdat zij vinden dat de gemeente zelf het initiatief moet nemen. Gemeenten zijn soms huiverig om een autovrije dag te organiseren. Deels vanwege praktische bezwaren (bijvoorbeeld het ontbreken van openbaar vervoer) en deels vanwege onvoldoende motivatie", "antwoord 2": "Het NIPO onderzoek is mij bekend. De terughoudendheid van gemeenten wordt daarmee niet weggenomen. Ik ben positief over de ontwikkeling om de komende jaren de autovrije dag in het kader van een Mobiliteitsweek te plaatsen. Dat is een benadering die veel meer gericht is op het positief positioneren van alternatieven. Gemeenten kunnen ook zonder het organiseren van een autovrije dag aan deze week meedoen. Ik verwacht dan ook dat deze nieuwe invulling tot meer animo bij gemeenten zal leiden en ben bereid om in mijn gesprekken met gemeentevertegenwoordigers op te roepen tot deelname", "antwoord 3": "Nee. Gemeenten hebben enige tijd nodig om een dergelijke dag te kunnen organiseren. Een oproep nu, enkele weken voor de daadwerkelijke dag, zal naar mijn idee geen effect meer sorteren. Overigens is door minister Pronk in een brief van 15 mei 2002 een oproep aan alle gemeenten gedaan om mee te doen", "antwoord 4": "Ik wil de Nederlandse keuze om het initiatief aan de lokale overheden te laten niet heroverwegen. In Nederland zorgt het Projectbureau Autovrije Dag voor de landelijke co\u00c3\u00b6rdinatie. Deze organisatie wordt door het rijk financieel ondersteund. Het probleem ligt naar mijn mening niet zozeer bij de organisatiestructuur alswel bij de onenigheid in veel gemeenten over de voor- en nadelen van deelname aan de autovrije dag. ]"}