{"Bibliografische_omschrijving": "Vragen van de leden Vliegenthart (PvdA) Cherribi(VVD), Van Vliet (D66) en Doelman-Pel (CDA) over plaatsing van jeugdigen in instellingen (Ingezonden 25 april 1995); Antwoord", "Bestand": "17Kb", "Permalink": "\nhttp://www.geencommentaar.nl/parlando/index.php?action=doc&filename=KVR1478\n", "Inhoud": "Betreft een uitspraak van de Haagse Rechtbank in de zaak van SJR te Rotterdam betreffende de plaatsing van een zwakbegaafde jongere in een gesloten inrichting.", "Rubriek": "Welzijn (Geestelijk gehandicapten) Welzijn (Jeugdigen)", "Trefwoorden": "Geestelijk gehandicapten Jeugdhulpverlening Kinderbescherming", "Vindplaats": "Kamervragen met antwoord 1994-1995, nr. 834, Tweede Kamer", "Afkomstig van": "Volksgezondheid, Welzijn en Sport", "Indiener": "<persoon partij=\"PvdA\">Vliegenthart</persoon>", "Partij vertegenwoordiger": "\n", "Datum_reaktie": "<persoon partij=\"VVD\">Cherribi</persoon>", "Datum_indiening": "\n", "vraag 1": "Hebt u kennisgenomen van de uitspraak van de Haagse Rechtbank in de zaak van de SJR te Rotterdam betreffende de plaatsing van een 16-jarige zwakbegaafde jongere in een gesloten inrichting? ", "vraag 2": "Waarom hebt u besloten beroep aan te tekenen tegen deze uitspraak? ", "vraag 3": "Deelt u de opvatting, dat de artikelen 8, 11 en 24 van de Wet op de jeugdhulpverlening de overheid verplichten voldoende middelen ter beschikking te stellen opdat in ieder geval in een genoegzaam aanbod van plaatsen voorzien wordt ten behoeve van jeugdigen ten aanzien van wie een maatregel van kinderbescherming getroffen is? ", "vraag 4": "Wat is uw oordeel over het feit dat steeds vaker instellingen vanwege capaciteitsproblemen via de rechter plaatsing van jeugdigen in instellingen afdwingen? ", "vraag 5": "Hebt u het aan de Kamer toegezegde onderzoek naar de plaatsingsproblematiek afgerond? Mogen wij uit de berichten in de media over de besluitvorming in het kabinet afleiden dat de Kamer zo snel mogelijk het Plan van aanpak zal ontvangen? ", "antwoord 1": "[Ja", "antwoord 2": "Ingevolge het eerste lid van artikel 8 van de Wet op de jeugdhulpverlening voorziet het (Rijks)plan, dat jaarlijks telkens voor vier jaren door de minister van Volksgezondheid, Welzijn en Sport en de minister van Justitie wordt vastgesteld, in ieder geval in een genoegzaam aanbod van jeugdhulpverlening ten behoeve van jeugdigen ten aanzien van wie een maatregel van justitie\u00c2\u00a8le kinderbescherming is toegepast. Eenzelfde bepaling kent het tweede lid van artikel 10 inzake het plan dat voor provinciale staten jaarlijks voor vier jaren wordt vastgesteld. Op grond van deze bepalingen rust op de plannende overheid de verplichting zich \u00e2\u20ac\u201c in het bijzonder bij justitie-pupillen \u00e2\u20ac\u201c tot het uiterste in te spannen om de vraag naar en het aanbod van plaatsen in jeugdhulpverleningsvoorzieningen zo goed mogelijk op elkaar af te stemmen. De mate van deze inspanning wordt echter bepaald door de financie\u00c2\u00a8le middelen die door de begrotingswetgever worden vastgesteld. Binnen de financie\u00c2\u00a8le ruimte die aan de overheden wordt geboden, dient de uitvoering van de Wet op de jeugdhulpverlening te geschieden. Dit betekent, dat er geen sprake is van een zogenaamde \u00c2\u00abopen-eind\u00c2\u00bb-financiering (vergelijk de behandeling van het initiatief-wetsvoorstel Wet op de jeugdhulpverlening, Eerste Kamer, vergaderjaar 1987\u00e2\u20ac\u201c1988, 19 399, nr. 174b, p. 7). Gelet op het bovenstaande zijn wij van oordeel, dat noch de tekst van artikel 8 van de Wet op de jeugdhulpverlening, noch de parlementaire geschiedenis voor de rijksoverheid de (resultaats)verbintenis cree\u00c2\u00a8ert om ervoor te zorgen dat op het moment dat door (een wettelijke vertegenwoordiger van) een jeugdige een aansprak op een jeugdhulpverleningsvoorziening wordt gemaakt, deze voorziening ook beschikbaar is. Deze verplichting vloeit onzes inziens evenmin voort uit artikel 24 van de Wet op de jeugdhulpverlening waarin een voorrangsregeling voor justitiepupillen is opgenomen. Dat dit ook niet is beoogd, blijkt uit de Memorie van Antwoord bij het bovengenoemde initiatief-wetsvoorstel waarin wordt aangegeven dat een voorrangsbepaling nodig is \u00c2\u00abom te waarborgen dat een justitie\u00c2\u00a8le plaatsing, als er plaats is, met voorrang boven andere plaatsingen wordt gerealiseerde\u00c2\u00bb . Hierbij merken wij op dat naar onze mening de president in kort geding ten onrechte ervan is uitgegaan, dat in de onder vraag 1 genoemde zaak de Wet op de jeugdhulpverlening van toepassing is. De voorzieningen waarop deze Wet van toepassing is, zijn \u00e2\u20ac\u201c limitatief \u00e2\u20ac\u201c opgenomen in de bij de Wet behorende bijlage. Deze bijlage maakt onderdeel uit van de Wet en kan alleen bij wet worden gewijzigd. De president heeft \u00e2\u20ac\u201c overeenkomstig het in kort geding gevorderde \u00e2\u20ac\u201c de Staat bevolen de 16-jarige zwakbegaafde jongen binnen zes weken te plaatsen in het orthopedagogisch centrum Groot Emaus. Groot Emaus is een inrichting voor verstandelijk gehandicapte jeugdigen en een voorziening uit hoofde van de Algemene wet bijzondere ziektekosten. Groot Emaus is derhalve geen instelling waarop de Wet op de jeugdhulpverlening van toepassing is. Wat daar verder ook van zij, de president heeft de 16-jarige jongen bij voorrang in Groot Emaus doen plaatsen. De president doorbreekt hiermee de (volgorde van de) wachtlijst zonder daarbij de belangen van de andere jeugdigen die op de wachtlijst staan, te wegen. Mede en vooral om de hiervoor genoemde redenen hebben wij besloten de uitspraak voor te leggen aan een hogere rechter", "antwoord 3": "Onlangs is de eerste fase van bedoeld onderzoek, een primaire inventarisatie en analyse afgerond. Onmiddellijk aansluitend is inmiddels een breder samengestelde werkgroep, met vertegenwoordigers van IPO en Werkgeversorganisaties aan de slag gegaan. Deze werkgroep richt zich op een andere verdieping en detaillering van de huidige plaatsingsproblematiek en zal in juli a.s. haar bevindingen rapporteren. Een overzicht van de resultaten van het onderzoek tot nu toe hebben wij opgenomen in een brief die dezer dagen aan de Voorzitter van de Tweede Kamer wordt toegezonden. Op grond van de eerste resultaten van het onderzoek heeft de staatssecretaris van VWS in het kader van de voorbereiding van de rijksbegroting 1996 een claim voor extra middelen voor jeugdhulpverlening neergelegd. Indien het kabinet erin slaagt om vanaf 1996 structureel extra middelen beschikbaar te stellen voor de Jeugdhulpverlening zal een plan worden ontwikkeld voor gerichte en evenwichtige inzet van deze middelen. Op korte termijn zal daaromtrent overleg plaatsvinden met IPO en Werkgeversorganisaties. Het beoogde plan zal worden gepresenteerd in het Rijksplan Jeugdhulpverlening c.q. macrokader jeugdzorg 1996\u00e2\u20ac\u201c1999. ]"}