{"Bibliografische_omschrijving": "Vragen van het lid Nicola\u00c3\u00af (VVD) aan de staatssecretaris van Onderwijs, Cultuur en Wetenschappen, dhr. Van der Ploeg, over de uitspraak van het Commissariaat voor de Media. (Ingezonden 27 maart 2002); Antwoord", "Bestand": "17Kb", "Permalink": "\nhttp://www.geencommentaar.nl/parlando/index.php?action=doc&filename=KVR15463\n", "Inhoud": "Vragen over de uitspraak van het Commissariaat voor de Media van 5 februari 2002 waarin wordt ge\u00c3\u00abist dat RTL4 en RTL5 een Nederlandse omroepvergunning aanvragen, mede in verband met voornemen tot mogelijk verbod voor kabelbedrijven om die zenders door te geven.", "Rubriek": "Communicatie, media en informatievoorziening (Omroepen)", "Trefwoorden": "Omroepen", "Vindplaats": "Kamervragen met antwoord 2001-2002, nr. 971, Tweede Kamer", "Afkomstig van": "2010208410", "Indiener": "Onderwijs, Cultuur en Wetenschappen (OCW)", "Partij vertegenwoordiger": "<persoon partij=\"VVD\">Nicola\u00c3\u00af</persoon>", "Datum_reaktie": "\n", "Datum_indiening": "2002-04-09", "vraag 1": "Heeft u kennisgenomen van de uitspraak van het Commissariaat voor de Media, 5 februari 2002 waarin wordt ge\u00c3\u00abist dat RTL4 en RTL5 v\u00c3\u00b3\u00c3\u00b3r 1 april 2002 een Nederlandse omroepvergunning aanvragen? ", "vraag 2": "Zo ja, vindt u dit een wenselijke ontwikkeling gezien het feit dat het Commissariaat het voornemen heeft de kabelbedrijven te verbieden RTL4 en RTL5 vanaf 1 september 2002 nog langer door te geven indien voor deze twee omroepen geen Nederlandse omroepvergunning is aangevraagd? ", "vraag 3": "Bestaat er een risico dat de Nederlandse kijker beide zenders niet meer kan ontvangen? Zo ja, wat voor een maatregelen kunt en wilt u nemen om dat te voorkomen? ", "vraag 4": "Bent u ook van mening dat de uitspraak van het Commissariaat voor de Media strijdig is met het standpunt van de Europese Commissie die te kennen heeft gegeven dat deze omroepen als Luxemburgse zenders beschouwd moeten worden? Zo ja, maakt het dat dan niet lastiger voor RTL4 en RTL5 om aan de eis van het Commissariaat voor de Media tegemoet te komen? ", "vraag 5": "Zou u aan kunnen geven hoe de voorgenomen maatregelen van het Commissariaat voor de Media zich verhouden tot de EG-richtlijn inzake \u00c2\u00abTelevisie zonder grenzen\u00c2\u00bb, nu deze richtlijn er vanuit gaat dat slechts \u00c3\u00a9\u00c3\u00a9n Lidstaat rechtsmacht over een omroep kan hebben? ", "antwoord 1": "[Ja, maar het besluit van het Commissariaat voor de Media komt uiteraard niet zomaar uit de lucht vallen. Het Commissariaat heeft reeds in 1997 een besluit genomen dat de Holland Media Groep (HMG) voor de programma\u00e2\u20ac\u2122s RTL4 en RTL5 als verantwoordelijke omroeporganisatie geldt en dat de HMG onder Nederlandse jurisdictie valt. Nadat hiertegen beroep was aangetekend stelde de Rechtbank Amsterdam in haar uitspraak van 7 september 2000 het Commissariaat in het gelijk. Ook de Afdeling bestuursrechtspraak van de Raad van State bepaalde in haar uitspraak in hoger beroep van 10 april 2001 dat RTL4 en RTL5, als programma\u00e2\u20ac\u2122s van de omroeporganisatie HMG, onder Nederlandse jurisdictie behoren te vallen. Niettemin vernietigde de Afdeling de beslissing van het Commissariaat. Zij was van oordeel dat de consequenties van de uitspraak uitdrukkelijk als apart agendapunt onder de aandacht van de leden van het Contact Comit\u00c3\u00a9 (Comit\u00c3\u00a9 opgericht o.g.v. art. 23 bis van de Europese Richtlijn \u00c2\u00abTelevisie zonder grenzen\u00c2\u00bb) hadden moeten worden gebracht. Het Commissariaat werd opgedragen om met inachtneming van de uitspraak van de Afdeling een nieuwe beslissing op bezwaar te nemen. Op 20 september 2001 is de kwestie op de door de Afdeling voorgeschreven wijze in het Contact Comit\u00c3\u00a9 aan de orde gesteld. Directoraat-Generaal Onderwijs en Cultuur van de Europese Commissie bracht het voorlopig standpunt in dat de programma\u00e2\u20ac\u2122s RTL4 en RTL5 onder de bevoegdheid van Luxemburg vallen. Op voorstel van de voorzitter (vertegenwoordiger van de Europese Commissie) zijn de verscheidene criteria van artikel 2 van de Richtlijn besproken. De meerderheid van de leden van het Comit\u00c3\u00a9 wilde ten aanzien van de kwestie geen standpunt innemen. Het Commissariaat heeft vervolgens conform de uitspraak van de Afdeling een nieuwe beslissing op bezwaar genomen (besluit van 5 februari 2002). De griffier van de Voorzieningenrechter van de Rechtbank te Amsterdam heeft op 21 maart jl. het Commissariaat verzocht de gedoogtermijnen in de beslissing van 5 februari 2002 zelf te verlengen tot 1 juli 2002 respectievelijk 1 december 2002. Daarbij werd erop gewezen dat de zaak zich \u00e2\u20ac\u201cgezien zijn complexe aard\u00e2\u20ac\u201c niet leent voor een kortgedingprocedure, zodat een beslissing in de bodemzaak meer voor de hand ligt. De Rechtbank heeft toegezegd de bodemprocedure versneld te behandelen en haar uiterste best te doen om voor 1 juli 2002 uitspraak te doen. Het Commissariaat heeft ingestemd met het verzoek van de Voorzieningenrechter", "antwoord 2": "Ik zou het geen wenselijke ontwikkeling vinden als RTL4 en RTL5 niet langer via de kabel te ontvangen zouden zijn. Dit is echter te voorkomen door het aanvragen van een toestemming bij het Commissariaat. Het Commissariaat heeft met haar besluit van 5 februari 2002 uitvoering gegeven aan de uitspraak van de hoogste administratieve rechter in Nederland. Ik zie geen grond om die beslissing te schorsen. Het Commissariaat houdt toezicht op de Mediawet en dient derhalve rekening te houden met artikel 82h van de Mediawet waarin is opgenomen dat het een aanbieder van een omroepnetwerk is toegestaan programma\u00e2\u20ac\u2122s van derden uit te zenden die gerechtigd zijn een programma te verzorgen (en dus over een rechtmatige toestemming beschikken). Alle bij de kwestie betrokken partijen staan overigens de uit de Awb voortvloeiende rechtsgangen ter beschikking, die voldoende waarborgen bieden om op te treden tegen hun onwelgevallige consequenties, zoals het vragen om een voorlopige voorziening", "antwoord 3": "Op 25 maart jl. is van het Directoraat-Generaal Onderwijs en Cultuur van de Europese Commissie een brief binnengekomen waarin wordt gewezen op een ingediende klacht van CLT-UFA ten aanzien van de betreffende beslissing van het Commissariaat. Dit is een zogenoemde pre-226-brief, een brief die voorafgaat aan de formele inbreukprocedure van artikel 226 EG-Verdrag. In de brief wordt concludeerd dat de toepassing van de Televisierichtlijn ertoe moet leiden dat RTL4 en RTL5 onder de bevoegdheid van Luxemburg dienen te vallen. De uitspraak van het Commissariaat komt hiermee inderdaad niet overeen. Dat hoeft de HMG echter niet te weerhouden om voor de programma\u00e2\u20ac\u2122s RTL4 en RTL5 een Nederlandse toestemming aan te vragen. Daarvoor heeft ze niet de instemming van de Europese Commissie nodig", "antwoord 4": "De Richtlijn \u00c2\u00abTelevisie zonder grenzen\u00c2\u00bb gaat er inderdaad vanuit dat slechts \u00c3\u00a9\u00c3\u00a9n lidstaat bevoegd kan zijn ten aanzien van een bepaalde omroeporganisatie. In overweging 13 van de Richtlijn is het als volgt verwoord: \u00c2\u00aboverwegende dat het vaststellen van een reeks praktische criteria bedoeld is om door middel van een uitputtende procedure te bepalen dat \u00c3\u00a9\u00c3\u00a9n en slechts \u00c3\u00a9\u00c3\u00a9n lidstaat voor een omroeporganisatie bevoegd is ten aanzien van de dienstverrichting waarop de richtlijn betrekking heeft.\u00c2\u00bb Het toepassen van die reeks in artikel 2 van de Richtlijn opgenomen praktische criteria heeft geleid tot het besluit van het Commissariaat dat de zenders RTL4 en RTL5 onder Nederlandse \u00e2\u20ac\u201cen dus niet onder Luxemburgse\u00e2\u20ac\u201c jurisdictie vallen. De hoogste administratieve rechter in Nederland deelt die mening. ]"}