{"Bibliografische_omschrijving": "Vragen van het lid Ravestein (D66) aan de ministers van Onderwijs, Cultuur en Wetenschappen en voor Grote Steden- en Integratiebeleid over vrijaf van school voor de Nationale Bigi Spikri 1 juli parade. (Ingezonden 21 maart 2002); Antwoord", "Bestand": "13Kb", "Permalink": "\nhttp://www.geencommentaar.nl/parlando/index.php?action=doc&filename=KVR15541\n", "Inhoud": "Vragen over het eenmalig vrijaf geven van personeel en leerlingen van het basis- en voortgezet onderwijs die de Nationale Bigi Spikri 1 juli parade ter gelegenheid van de onthulling van het Monument Nederlands Slavernijverleden willen bijwonen.", "Rubriek": "Basisonderwijs (Algemeen) Voortgezet onderwijs (Algemeen)", "Trefwoorden": "Basisonderwijs Nationale feestdagen en herdenkingen Voortgezet onderwijs", "Vindplaats": "Kamervragen met antwoord 2001-2002, nr. 1043, Tweede Kamer", "Afkomstig van": "2010208180", "Indiener": "Onderwijs, Cultuur en Wetenschappen (OCW)", "Partij vertegenwoordiger": "<persoon partij=\"D66\">Ravestein</persoon>", "Datum_reaktie": "\n", "Datum_indiening": "2002-04-17", "vraag 1": "Is het u bekend dat op 1 juli a.s., ter gelegenheid van de plechtige onthulling van het Nationaal Monument Nederlands Slavernijverleden in Amsterdam de Nationale Bigi Spikri 1 juli Parade zal plaatsvinden, waaraan naar verwachting tien- tot vijftienduizend mensen zullen deelnemen? ", "vraag 2": "Acht u het, ook gezien het beleid om in het onderwijs meer aandacht te besteden aan het Nederlandse slavernijverleden, gewenst dat zoveel mogelijk scholieren hieraan kunnen deelnemen? ", "vraag 3": "Bent u bereid om, bijvoorbeeld in de vorm van een rondschrijven aan schoolbesturen, de scholen van het basis- en voortgezet onderwijs op de hoogte te brengen van de onthulling van het Nationaal Monument, en deze scholen te verzoeken onderwijzend en administratief personeel alsmede leerlingen die de festiviteiten willen bijwonen \u00c3\u00a9\u00c3\u00a9nmalig vrijaf te (doen) geven? Zo neen, waarom niet? ", "antwoord 1": "[Ja", "antwoord 2": "Samen met de minister van Grote Steden- en Integratiebeleid is afgesproken dat in het onderwijs aandacht zal worden gegeven aan het slavernijverleden. Daartoe is met de schooltelevisie (Teleac/NOT) een programma in voorbereiding in afstemming met het Landelijk Platform Slavernijverleden. Of en in hoeverre, in deze lijn scholieren kunnen deelnemen aan de Nationale Bigi Spikri Parade is, binnen het kader van de huidige regelgeving, een aangelegenheid van het schoolbestuur, ouders, leerlingen en het personeel", "antwoord 3": "In mei a.s. zal een schrijven gericht aan alle scholen in de vorm van een publicatie in Uitleg verschijnen. Het Landelijk Platform Slavernijverleden is gevraagd hierbij inhoudelijke steun te verlenen. Tevens zal ik de onthulling van het Nationaal Monument Nederlands Slavernijverleden onder de aandacht brengen van de organisaties voor bestuur en management, de schoolleidersorganisaties, de LVLA (Landelijke Vereniging van Leerplichtambtenaren) en het LAKS (Landelijk Aktie Komitee Scholieren). Voor de kwestie van het eenmalig vrijaf geven verwijs ik naar het antwoord op vraag 2. ]"}