{"Bibliografische_omschrijving": "Vragen van het lid Verburg (CDA) aan de minister van Binnenlandse Zaken en Koninkrijksrelaties over huisvestingsproblemen van Roma-families. (Ingezonden 14 augustus 2002); Mededeling", "Bestand": "13Kb", "Permalink": "\nhttp://www.geencommentaar.nl/parlando/index.php?action=doc&filename=KVR16245\n", "Inhoud": "Vragen over de huisvestingsproblemen in de gemeenten Houten, Bunnik en Vianen, waarbij de gemeenten met een zekere regelmaat de woonwagenbewoners op elkaars grondgebied parkeren.", "Rubriek": "Welzijn (Minderheden)", "Trefwoorden": "Woonwagenbewoners", "Vindplaats": "Kamervragen met antwoord 2001-2002, nr. 1650, Tweede Kamer", "Afkomstig van": "2010213780", "Indiener": "Binnenlandse Zaken en Koninkrijksrelaties (BZK)", "Partij vertegenwoordiger": "<persoon partij=\"CDA\">Verburg</persoon>", "Datum_reaktie": "\n", "Datum_indiening": "2002-09-11", "vraag 1": "Bent u op de hoogte van de huisvestingsproblemen van enkele Roma-families in de gemeenten Houten, Bunnik en Vianen die nu reeds enkel weken duren? ", "vraag 2": "Hoe beoordeelt u de huidige gang van zaken waarbij gemeenten met een zekere regelmaat maar zonder perspectief de problemen letterlijk op elkaars grondgebied parkeren? ", "vraag 3": "Welke steun mogen de in de eerste vraag genoemde gemeenten van u verwachten om op korte termijn de problemen tot een oplossing te brengen? ", "vraag 4": "Is het, gelet op de problemen die zich twee jaar geleden voordeden in Driebergen en enkele gemeenten in Noord-Limburg alsmede de overeenkomst in patroon en de regelmaat waarmee dit verschijnsel zich inmiddels voordoet, niet nodig een draaiboek op te stellen waarvan gemeenten gebruik kunnen maken om snel en effectief tot bestuurlijke en zo nodig juridische stappen te komen die een einde maken aan deze ongewenste situaties? ", "vraag 5": "Bent u bereid een dergelijk draaiboek te doen opstellen? ", "antwoord 1": "[]"}