{"Bibliografische_omschrijving": "Vragen van het lid Van Rooy (CDA) over de ongewenste combinatie van belangen binnen Casema (Ingezonden 3 mei 1995); Antwoord", "Bestand": "16Kb", "Permalink": "\nhttp://www.geencommentaar.nl/parlando/index.php?action=doc&filename=KVR1473\n", "Inhoud": "Betreft het bod dat kabelexploitant CASEMA heeft gedaan op het Amsterdamse kabeltelevisiebedrijf KTA.", "Rubriek": "Communicatie, media en informatievoorziening (Radio en televisie) Communicatie, media en informatievoorziening (Telecommunicatie)", "Trefwoorden": "Kabelnetten Telecommunicatie Telefonie", "Vindplaats": "Kamervragen met antwoord 1994-1995, nr. 829, Tweede Kamer", "Afkomstig van": "Verkeer en Waterstaat", "Indiener": "<persoon partij=\"CDA\">Van Rooy</persoon>", "Partij vertegenwoordiger": "\n", "Datum_reaktie": "1995-05-24", "Datum_indiening": "1995-05-03", "vraag 1": "Heeft Casema, als partner in een consortium, een bod gedaan op het Amsterdamse kabeltelevisiebedrijf KTA? Is Casema eveneens ge\u00c4\u00b1\u00c2\u00a8nteresseerd in de verwerving van andere lokale kabelnetten, met de bijbehorende licenties? ", "vraag 2": "Heeft Casema genoemd bod gedaan, ondanks het feit dat KPN een meerderheidsbelang heeft in Casema? ", "vraag 3": "Bent u zich ervan bewust dat, indien Casema er in slaagt als operator op diverse lokale kabelnetten op te treden, KPN technisch de mogelijkheid heeft (delen van) een tweede vaste telefonienet in te richten? ", "vraag 4": "Is het waar dat KPN niet gerechtigd is als operator van een tweede vaste telefonienet op te treden omdat dit zowel in strijd is met het kabinetsbeleid als met de intenties van Europees beleid, tot liberalisering van de Europese telecommarkt? ", "vraag 5": "Is Casema dan niet, zolang het in feite wordt gecontroleerd door KPN, ongeschikt als operator van lokale kabelnetten op te treden? ", "vraag 6": "Kan, zolang Casema door KPN wordt gecontroleerd en tegelijkertijd als operator op lokale kabelnetten opereert, dit tenminste tot een vervanging van de totstandkoming van een tweede vaste telefonienet leiden? ", "vraag 7": "Welke stappen denkt u te doen om de ongewenste combinatie van belangen binnen Casema te bee\u00c2\u00a8indigen teneinde uw uitspraken bij gelegenheid van het 25-jarig jubileum van Casema op 16 maart jl. gestand te doen nl. \u00c2\u00abdat er geen sprake is van echte concurrentie als de consument alleen kan kiezen tussen de gezusters PTT en Casema\u00c2\u00bb? Op welke termijn? ", "antwoord 1": "[CASEMA heeft als partner in een consortium een bod gedaan op KTA. Het is mij niet bekend of CASEMA ook belangstelling heeft voor de verwerving van andere kabelnetten", "antwoord 2": "Ja, waarbij echter wel moet worden aangetekend dat \u00e2\u20ac\u201c voor zover mij bekend \u00e2\u20ac\u201c CASEMA in het consortium een minderheidspositie had, zodat \u00e2\u20ac\u201c als de verkoop aan dit consortium was doorgegaan \u00e2\u20ac\u201c de zeggenschap over het netwerk van KTA niet in handen zou zijn gekomen van de CASEMA", "antwoord 3": "Ja. Op basis van de huidige regelgeving staan de overheid geen middelen ten dienste hiertegen op te treden", "antwoord 4": "Zowel de liberalisering van de markt voor kabelgebonden telecommunicatie-infrastructuur (in 1995/1996) als die voor de telefonie (in 1998) strekt er toe nieuwe ruimte te scheppen voor concurrentie. Met een dergelijk beleid verdraagt zich uiteraard niet dat ten koste van de potentie\u00c2\u00a8le concurrentie, vergunningen voor infrastructuur en telefonie worden toegekend aan aanvragers die gedomineerd worden door KPN. In de binnenkort bij de Tweede Kamer in te dienen wetsvoorstellen tot liberalisering van de kabelgebonden telecommunicatie-infrastructuur wordt voorzien in bepalingen die het mij mogelijk maken het nodige te doen om concurrentiebelemmerende ontwikkelingen op dit terrein tegen te gaan. Met name bij het verlenen van infrastructuurvergunningen cq. het verrichten van registraties van ondernemingen als infrastructuuraanbieders zal ik per situatie een afweging dienen te maken. Deze lijn kan worden doorgetrokken in de nog in voorbereiding zijnde wetgeving voor de liberalisering van de openbare spraaktelefonie", "antwoord 5": "Casema treedt al geruime tijd op als machtiginghouder cq. exploitant van lokale kabelnetten. Op zich was en is daar niets op tegen. Er kunnen problemen ontstaan op het moment dat de kabeltelevisienetten mogen worden gebruikt om huurlijnen aan te bieden en door KPN, via CASEMA, gecontroleerde kabelnetten van deze mogelijkheid gebruik wensen te maken. Deze problemen zijn onder 4 geschetst. In de overgangsperiode tot de inwerkingtreding van de wetgeving tot liberalisering van de kabelgebonden infrastructuur (eind 1995) zou gezien het vorenstaande enige terughoudendheid van KPN bij het verwerven van Casema van nieuwe kabelnetten voor de hand liggen. Daarop kan ik evenwel geen invloed uitoefenen", "antwoord 6": "Zoals bekend heb ik eerder uitgesproken dat het voor de hand ligt de tweede landelijke vergunning voor telefonie te verlenen aan de tweede landelijke aanbieder van telecommunicatie-infrastructuur. Uit de beantwoording van de vragen 4, 5 en 6 volgt dat de landelijke infrastructuurvergunning, en daarmee \u00e2\u20ac\u201c gezien het voorgaande \u00e2\u20ac\u201c ook de tweede landelijke vergunning voor telefonie, niet zal worden verleend aan een samenwerkingsverband waarin KPN een dominante positie heeft. Hiermede is tevens de vraag beantwoord op welke termijn ik voornemens ben maatregelen te treffen, namelijk op het moment dat de liberalisering in wettelijke bepalingen is vervat. ]"}