{"Bibliografische_omschrijving": "Vragen van het lid Marijnissen (SP) over het tekenen van de overeenkomst voor de levering van de Apache-helicopters (Ingezonden 22 mei 1995); Antwoord", "Bestand": "14Kb", "Permalink": "\nhttp://www.geencommentaar.nl/parlando/index.php?action=doc&filename=KVR1532\n", "Inhoud": "Veiligheidsbeleid en defensie (Militair materieel)", "Rubriek": "Militaire vliegtuigen", "Trefwoorden": "Kamervragen met antwoord 1994-1995, nr. 826H, Tweede Kamer", "Vindplaats": "Defensie", "Afkomstig van": "<persoon partij=\"SP\">Marijnissen</persoon>", "Indiener": "\n", "Partij vertegenwoordiger": "1995-05-23", "Datum_reaktie": "1995-05-22", "Datum_indiening": "KVR1532", "vraag 1": "Is het juist, dat op woensdag 24 mei op vliegbasis Gilze Rijen de overeenkomst wordt getekend voor de levering van de Apache-helicopters? ", "vraag 2": "Is het tevens juist, dat in verband met deze gelegenheid aan zogenaamde VIP\u00e2\u20ac\u2122s de mogelijkheid wordt geboden om met een F-27 van vliegbasis Valkenburg naar Gilze Rijen te vliegen? ", "vraag 3": "Wat zijn de kosten van deze onderneming? ", "vraag 4": "Acht u het in deze tijd \u00e2\u20ac\u201c waarin op alle mogelijke noodzakelijke voorzieningen voor mensen fors wordt bezuinigd \u00e2\u20ac\u201c het geoorloofd dat gemeenschapsgeld voor deze doelen wordt aangewend? ", "antwoord 1": "[Onder voorbehoud van parlementaire goedkeuring is voorzien in de ondertekening van het contract op 24 mei 1995 ter levering van de Apache-helikopters. De ondertekeningsplechtigheid zal plaatsvinden op de vliegbasis Gilze Rijen waar deze helikopters zullen worden gestationeerd", "antwoord 2": "Fokker heeft aangeboden om een F-50 ter beschikking te stellen waarmee een aantal genodigden vanaf het Marine-vliegkamp Valkenburg naar de vliegbasis Gilze Rijen kunnen worden vervoerd", "antwoord 3": "Dankzij het aanbod van Fokker worden geen kosten gemaakt voor het overbrengen van de genodigden naar Gilze Rijen. ]"}