{"Bibliografische_omschrijving": "Vragen van het lid Klein Molekamp (VVD) aan de minister van Volkshuisvesting, Ruimtelijke Ordening en Milieubeheer over het toepassen van afvalstoffen. (Ingezonden 19 maart 2002); Antwoord", "Bestand": "14Kb", "Permalink": "\nhttp://www.geencommentaar.nl/parlando/index.php?action=doc&filename=KVR15530\n", "Inhoud": "Vragen over de toepassing van diverse afvalstoffen in een geluidswal in Drachten, waaronder materiaal dat vrijkomt bij de sanering van een voormalige vuilstortplaats.", "Rubriek": "Milieu (Afvalstoffen)", "Trefwoorden": "Afvalstoffen", "Vindplaats": "Kamervragen met antwoord 2001-2002, nr. 1032, Tweede Kamer", "Afkomstig van": "2010208080", "Indiener": "Volkshuisvesting, Ruimtelijke Ordening en Milieubeheer (VROM)", "Partij vertegenwoordiger": "<persoon partij=\"VVD\">Klein Molekamp</persoon>", "Datum_reaktie": "\n", "Datum_indiening": "2002-04-17", "vraag 1": "Bent u bekend met de toepassing van diverse afvalstoffen, waaronder materiaal dat vrijkomt bij de sanering van een voormalige vuilstortplaats, in een geluidswal in Drachten? ", "vraag 2": "Bent u van oordeel dat de betreffende toepassing in strijd is met het Inrichtingen- en Vergunningenbesluit milieubeheer, nu er op grond van categorie 28, derde lid, sub c, geen sprake kan zijn van een inrichting in de zin van de Wet milieubeheer? ", "vraag 3": "Welk bedrag aan afvalstoffenbelasting zou verschuldigd zijn indien de betreffende toepassing zou zijn aangemeld als een stortplaats? ", "vraag 4": "In hoeverre is uw ministerie betrokken geweest bij de voorbereiding van de betreffende toepassing? Hoe beoordeelt u de betreffende toepassing in het licht van uw bodemsaneringsbeleid? ", "vraag 5": "Bent u van mening dat er in het onderhavige geval sprake is van een financieel voordeel voor de opdrachtgever, in casu de gemeente Smallingerland? In hoeverre hebben naar uw oordeel financi\u00c3\u00able motieven een rol gespeeld bij de keuze voor de betreffende toepassing? ", "antwoord 1": "[Ja, het gaat om de sanering van een oude vuilstort waarbij verontreinigde grond/afvalstoffen binnen de inrichting worden verplaatst en binnen dezelfde inrichting in een geluidswal worden gebracht om geluidhinder tegen te gaan voor een nieuw te bouwen woonwijk", "antwoord 2": "Tegen de vergunning is door de Vereniging \u00c2\u00abhet Drachtster Bos\u00c2\u00bb beroep ingesteld bij de afdeling Bestuursrechtspraak van de Raad van State. Ik zal de uitslag van de bodemprocedure in deze beroepszaak afwachten en zal daarna mijn definitieve oordeel geven", "antwoord 3": "Indien sprake zou zijn van een stortplaats, zou de stortbelasting ongeveer 3,9 miljoen euro bedragen. Het gaat om ongeveer 200.000 m (circa 300.000 ton) en de stortbelasting bedraagt 13 euro per ton", "antwoord 4": "De onderhavige kwestie is onderdeel van de uitvoering van het woningbouwproject Drachtstervaart, dat valt onder de Experimentenwet Stad en Milieu. De bedoeling van deze experimentenwet is om projecten te realiseren bij conflicterende bestemmingen en daarvoor zonodig oplossingen op maat te zoeken. In dit geval waren de mogelijkheden het maximaal benutten van regelgeving, beleid en jurisprudentie (stap 2) of het verlenen van ontheffing als de oplossing strijdig zou zijn met de wetgeving (stap 3). Na juridisch onderzoek bleek de vergunningaanvrager (gemeente Smallingerland) te kunnen volstaan met stap 2 en dat standpunt werd gedeeld door de vergunningverlener (provincie Friesland) en de VROM-Inspectie Noord. De onderhavige toepassing beschouw ik als zeer gunstig voor de lokale milieusituatie, omdat een oude doorlekkende vuilstort wordt opgeruimd en de verontreinigde grond/afvalstoffen worden verplaatst naar een geluidswal met adequate milieuvoorziening (zogenoemde IBC-criteria). Dat is ook de reden, waarom ik een rijksbijdrage in de saneringskosten heb verleend (circa 5,9 miljoen euro)", "antwoord 5": "Ik heb geen aanleiding om aan te nemen dat financi\u00c3\u00able motieven een rol hebben gespeeld bij de keuze van de betreffende toepassing. ]"}