{"Bibliografische_omschrijving": "Vragen van de leden Van Splunder en Passtoors (beiden VVD) aan de minister en staatssecretaris van Onderwijs, Cultuur en Wetenschappen, mw. Adelmund, over de vervangingsproblematiek van de christelijke basisschool \u00c2\u00abDe Rank\u00c2\u00bb te Meerkerk. (Ingezonden 13 maart 2002); Antwoord", "Bestand": "15Kb", "Permalink": "\nhttp://www.geencommentaar.nl/parlando/index.php?action=doc&filename=KVR15473\n", "Inhoud": "Vragen over scholen die zieke leerkrachten moeten vervangen en daardoor het hoofd in financieel opzicht niet langer boven water kunnen houden.", "Rubriek": "Basisonderwijs (Bekostiging basisonderwijs) Basisonderwijs (Formatie in het basisonderwijs) Basisonderwijs (Onderwijspersoneel) Sociale zekerheid (Arbeidsongeschiktheidsvoorzieningen (Ziektewet, WAO, AAW, IOAW, IOAZ))", "Trefwoorden": "Arbeidsongeschiktheid Bekostiging basisonderwijs Formatie in het onderwijs Onderwijsgevenden basisonderwijs Ziekteverzuim", "Vindplaats": "Kamervragen met antwoord 2001-2002, nr. 980, Tweede Kamer", "Afkomstig van": "2010207910", "Indiener": "Onderwijs, Cultuur en Wetenschappen (OCW)", "Partij vertegenwoordiger": "<persoon partij=\"VVD\">Van Splunder</persoon>", "Datum_reaktie": "\n", "Datum_indiening": "<persoon partij=\"VVD\">Passtoors</persoon>", "vraag 1": "Heeft u een brief ontvangen van de christelijke basisschool \u00c2\u00abDe Rank\u00c2\u00bb te Meerkerk over de problemen op die school rond de vervanging van zieke leerkrachten? Zo ja, om welke reden heeft de school nog geen antwoord op haar schrijven gekregen? ", "vraag 2": "Wat is de omvang van de problematiek op landelijke schaal die bovengenoemde school in haar brief aan de orde stelt? Heeft u de indruk dat veel scholen die zieke leerkrachten moeten vervangen het hoofd in financieel opzicht niet langer boven water kunnen houden? ", "vraag 3": "Aan welke oplossingsrichtingen denkt u wat betreft het compenseren van scholen die vervangers aantrekken voor leerkrachten die leiden aan een ziekte die niet arbeidsgerelateerd is? Bent u bereid na te denken over een hardheidsclausule voor die niet arbeidsgerelateerde gevallen? ", "antwoord 1": "[Ja. De brief, gedateerd 31 januari 2002, is ontvangen op 25 februari jl. De school is meegedeeld dat het antwoord op de brief in week 14 kan worden verwacht", "antwoord 2": "Mij bereiken incidenteel signalen van scholen die bezwaar maken tegen het systeem van premiedifferentiatie. De Vereniging School met de Bijbel te Meerkerk en Zijderveld legt vooral de nadruk op het aspect dat zij het systeem van toeslag bij hoge vervangingskosten als onrechtvaardig ervaart en maakt geen gewag van financi\u00c3\u00able problemen. De vereniging wordt ongelukkigerwijs geconfronteerd met relatief veel ziekte die niet arbeidsgerelateerd is. Het premiedifferentiatiesysteem maakt geen onderscheid tussen ziekte die niet en ziekte die wel arbeidsgerelateerd is. Overigens wordt dit onderscheid nergens gemaakt in het Nederlandse stelsel van sociale zekerheid", "antwoord 3": "Scholen kunnen bij het Vervangingsfonds de kosten declareren voor vervanging van afwezig personeel. Dit betreft niet alleen vervanging vanwege ziekte maar ook vervanging in verband met verlof. De verschillende afwezigheidsgronden zijn in het reglement van het Vervangingsfonds opgenomen. Het bonus-malus-systeem (de premiedifferentiatie) is bedoeld als prikkel voor scholen met een hoog ziekteverzuim. Het Vervangingsfonds ondersteunt deze scholen daarbij via de activiteiten van het Centraal Orgaan Bedrijfsgezondheidszorg (COBGZ). Binnen dit systeem maakt het Vervangingsfonds, dat op dit punt een eigen beleid kan voeren, geen onderscheid tussen scholen die actief het verzuim bestrijden, maar desondanks door omstandigheden met veel ziektegevallen te maken krijgen en scholen met hoog verzuim die niet actief zijn op het terrein van verzuimbestrijding. In beide gevallen zullen de scholen \u00e2\u20ac\u201c als ze relatief veel vervangingskosten declareren \u00e2\u20ac\u201c een toeslag moeten betalen. Het compenseren van scholen voor vervangingskosten als gevolg van ziekteverzuim dat niet arbeidsgerelateerd is, veronderstelt dat er een duidelijk onderscheid tussen arbeidsgerelateerd en niet arbeidsgerelateerd ziekteverzuim kan worden gemaakt. Vaak echter is een dergelijk onderscheid niet mogelijk. Bij bijvoorbeeld ziekteverzuim als gevolg van psychische klachten kunnen zowel oorzaken gelegen in de werksfeer als oorzaken in de huiselijke sfeer een rol spelen. In 2001 heb ik, conform de toezegging aan de Tweede Kamer, door onderzoeksbureau PriceWaterhouseCoopers (PWC) een alternatief voor het huidige vervangingsstelsel laten uitwerken. Hierover zijn in de afgelopen maanden gesprekken gevoerd met werkgevers en werknemers. In het door PriceWaterhouseCoopers uitgewerkte alternatieve stelsel (stop loss model) krijgen scholen voor primair onderwijs een basisbudget van het ministerie van OCenW voor de bekostiging van vervanging vanwege ziekte. De extreme risico\u00e2\u20ac\u2122s worden afgedekt door een verzekering waar de scholen verplicht bij zijn aangesloten. Voor de vervangingslasten boven het basisbudget draagt de school een eigen risico, afhankelijk van de hoogte van de verzekeringsgrens. In de gesprekken met werkgevers en werknemers zijn de mogelijkheden voor differentiatie in het eigen risico binnen stop loss aan de orde geweest. Door het introduceren van een variabel eigen risico kan de verzekering meer op de specifieke verzuimsituatie van individuele scholen worden afgestemd. Momenteel worden daartoe aanvullende analyses uitgevoerd. ]"}