{"Bibliografische_omschrijving": "Vragen van het lid Van der Steenhoven (GroenLinks) aan de ministers van Volkshuisvesting, Ruimtelijke Ordening en Milieubeheer en van Binnenlandse Zaken en Koninkrijksrelaties over overlast veroorzaakt door asbest van een voormalige steenfabriek. (Ingezonden 21 maart 2002); Mededeling", "Bestand": "13Kb", "Permalink": "\nhttp://www.geencommentaar.nl/parlando/index.php?action=doc&filename=KVR15533\n", "Inhoud": "Vragen over een oude vervallen steenfabriek in de gemeente Rucphen, die ernstige overlast geeft aan omwonenden, omdat al bij geringe wind asbestdeeltjes vanaf het fabrieksterrein in hun tuinen en huizen waaien.", "Rubriek": "Milieu (Gevaarlijke stoffen)", "Trefwoorden": "Gevaarlijke stoffen", "Vindplaats": "Kamervragen met antwoord 2001-2002, nr. 1035, Tweede Kamer", "Afkomstig van": "2010208250", "Indiener": "Volkshuisvesting, Ruimtelijke Ordening en Milieubeheer (VROM)", "Partij vertegenwoordiger": "<persoon partij=\"GroenLinks\">Van der Steenhoven</persoon>", "Datum_reaktie": "\n", "Datum_indiening": "2002-04-17", "vraag 1": "Bent u ervan op de hoogte dat in de gemeente Rucphen een oude vervallen steenfabriek staat, genaamd \u00c2\u00abDe Lange Schouw\u00c2\u00bb, die ernstige overlast geeft aan omwonenden, omdat al bij geringe wind asbestdeeltjes vanaf het fabrieksterrein in hun tuinen en huizen waaien, zodanig dat zij ramen en deuren voortdurend gesloten moeten houden? ", "vraag 2": "Is het waar dat er rapporten zijn van de GGD Zuidwest Brabant over de gezondheidsrisico\u00e2\u20ac\u2122s die deze voormalige steenfabriek veroorzaakt? Zo ja, bent u op de hoogte van de inhoud van deze rapporten? Zo ja, wat zijn de gezondheidsrisico\u00e2\u20ac\u2122s die deze rapporten aangeven? ", "vraag 3": "Is u bekend of er naar aanleiding van deze GGD-rapporten stappen zijn ondernomen door de gemeente om de gezondheidsrisico\u00e2\u20ac\u2122s te verminderen? Zo ja, wat zijn deze stappen geweest? ", "vraag 4": "Is u bekend dat de gemeente Rucphen op 18 augustus 1999 de toenmalige eigenaar van de steenfabriek heeft aangeschreven, onder aanzegging van bestuursdwang, om asbestgolfplaten op het dak en wanden en op het terrein liggende kleine stukken asbest te verwijderen en dat de eigenaar hierop een bezwaarschrift heeft ingediend? Is u bekend welke beslissing de gemeente hierop heeft genomen? Zo ja, wat is deze beslissing geweest? ", "vraag 5": "Is het waar dat de Raad van State heeft gelast dat de asbest van de steenfabriek wordt opgeruimd? Zo nee, op basis van welke informatie heeft de minister van Binnenlandse Zaken en Koninkrijksrelaties in een brief gedateerd 12 februari 2002 aan de omwonenden gemeld dat de Raad van State een uitspraak heeft gedaan over opruiming? ", "vraag 6": "Vindt u dat de gemeente Rucphen gefaald heeft in haar taak om gezondheidsrisico\u00e2\u20ac\u2122s met gevaarlijke stoffen te voorkomen? ", "vraag 7": "Bent u bereid om onmiddellijk een einde te maken aan deze voor de volksgezondheid gevaarlijke situatie? ", "antwoord 1": "[]"}