{"Bibliografische_omschrijving": "Vragen van het lid Augusteijn-Esser (D66) aan de ministers van Volkshuisvesting, Ruimtelijke Ordening en Milieubeheer en van Economische Zaken over tijdelijke opslag bij COVRA. (Ingezonden 27 oktober 1999); Antwoord", "Bestand": "16Kb", "Permalink": "\nhttp://www.geencommentaar.nl/parlando/index.php?action=doc&filename=KVR10676\n", "Inhoud": "Vragen over het tijdelijk opslaan bij COVRA van het hoog verrijkte uranium van de Hoge Flux Reactor in Petten.", "Rubriek": "Milieu (Afvalstoffen) Milieu (Afvalverwerking) Milieu (Radioactieve stoffen)", "Trefwoorden": "Kerncentrales Radioactieve afvalstoffen Uranium Vervoer gevaarlijke stoffen", "Vindplaats": "Kamervragen met antwoord 1999-2000, nr. 373, Tweede Kamer", "Afkomstig van": "2990001740", "Indiener": "Volkshuisvesting, Ruimtelijke Ordening en Milieubeheer", "Partij vertegenwoordiger": "<persoon partij=\"D66\">Augusteijn-Esser</persoon>", "Datum_reaktie": "\n", "Datum_indiening": "1999-11-30", "vraag 1": "Heeft de Europese Commissie besloten de Hoge Flux Reactor in Petten om te laten schakelen naar laag verrijkt uranium? ", "vraag 2": "Zijn de Verenigde Staten in principe bereid om het hoog verrijkte uranium op te slaan als de beslissing tot omzetting zou zijn genomen? ", "vraag 3": "Zijn de mogelijkheden van afvoer naar de Verenigde Staten medebepalend voor het besluit van de minister van Volkshuisvesting, Ruimtelijke Ordening en Milieubeheer tot het wel of niet toestaan van tijdelijke opslag bij COVRA? ", "vraag 4": "Zijn er met de COVRA al afspraken gemaakt of contracten gesloten die een terugzending naar de VS in de weg kunnen staan? ", "vraag 5": "Kan de minister van Volkshuisvesting, Ruimtelijke Ordening en Milieubeheer de voor- en nadelen van beide opslagmethodes aangeven waarbij ook de risico\u00e2\u20ac\u2122s van het vervoer worden meegenomen? ", "vraag 6": "Binnen welke termijn moet een definitief besluit worden genomen? ", "vraag 7": "Bestaat het risico dat er binnenkort toch een eerste transport van verbruikte brandstofstaven naar de COVRA zal plaatsvinden? ", "vraag 8": "Is inmiddels een transportvergunning verstrekt en is de minister van Volkshuisvesting, Ruimtelijke Ordening en Milieubeheer in dat geval bereid tot intrekking ervan nu blijkt dat er andere mogelijkheden dan tijdelijke opslag aanwezig zijn? ", "antwoord 1": "[Ja", "antwoord 2": "De door de Europese commissie genomen beslissing opent in principe de weg om een deel van de in de HFR aanwezige bestraalde splijtstof naar de VS te zenden", "antwoord 3": "In de op 20 juli 1999 aan COVRA verleende vergunning is, in afwachting van het daadwerkelijke transport, vooralsnog toestemming verleend voor tijdelijke opslag in verband met vervoer van bestraalde splijtstofelementen in het gebouw van de HFR. Hiermee wordt de optie opengehouden om de bestraalde splijtstof naar de VS terug te sturen. Indien de VS-optie gerealiseerd kan worden, betekent dit nog niet dat alle in de HFR aanwezige splijtstof naar de VS kan worden afgevoerd. Behalve de in antwoord 1 genoemde voorwaarde van conversie naar laagverrijkt uranium, dient de terug te zenden splijtstof oorspronkelijk uit de VS afkomstig te zijn en dient de splijtstof tevens voor 2006 gebruikt te zijn", "antwoord 4": "Tussen de Europese Commissie en COVRA zijn contracten afgesloten die voorzien in een opslag bij de COVRA van 1400 bestraalde splijtstofelementen van de HFR. Indien als gevolg van het terugzenden van de splijtstof naar de VS minder elementen bij de COVRA zullen worden opgeslagen zal met de COVRA een regeling moeten worden getroffen met betrekking tot de door COVRA gederfde inkomsten", "antwoord 5": "De opslag bij COVRA vindt plaats in opslagcontainers. Deze speciaal voor opslag vervaardigde containers bevatten geen water. Koeling vindt plaats door natuurlijke luchtcirculatie (passieve koeling), waarvoor geen actieve componenten zoals pompen nodig zijn. In de VS worden de splijtstofelementen (voorlopig) in waterbassins geplaatst, waarbij warmtewisselaars en pompen nodig zijn om de warmte af te voeren. Wat betreft de risico\u00e2\u20ac\u2122s van vervoer moet, ongeacht welke optie wordt gekozen, aan de (inter)nationale eisen, zoals die bijvoorbeeld gesteld worden aan de te gebruiken transportcontainers, worden voldaan. Een verschil is wel dat de VS-route een routedeel over zee bevat en dat het transport over land in de VS een grotere afstand bedraagt dan de route van Petten naar COVRA", "antwoord 6": "Gezien de benodigde voorbereidingen die door het GCO moeten worden getroffen, zoals het afsluiten van diverse overeenkomsten en de aanschaf van een in de VS gecertificeerde transportcontainer, zal een eerste transport naar de VS niet voor medio volgend jaar kunnen plaatsvinden. Aangezien de vergunde tijdelijke opslag van bestraalde splijtstofelementen in het gebouw van de HFR het GCO respijt geeft de bedrijfsvoering van de HFR eveneens tot medio volgend jaar voort te zetten, is er geen noodzaak voor die tijd elementen naar de COVRA in Borssele af te voeren. Er is evenmin een vergunning verleend om bestraalde splijtstof daadwerkelijk naar COVRA af te voeren. De opschortende voorwaarde betreffende feitelijk vervoer van de in antwoord 3 genoemde vergunning is onverkort van kracht. ]"}