{"Bibliografische_omschrijving": "Vragen van lid Gerkens (SP) aan de minister van Verkeer en Waterstaat over Betuweroute Zevenaar, grondwaterverlaging en woningen in Zevenaar. (Ingezonden 20 augustus 2002); Antwoord", "Bestand": "13Kb", "Permalink": "\nhttp://www.geencommentaar.nl/parlando/index.php?action=doc&filename=KVR16354\n", "Inhoud": "Vragen over een mogelijk verband tussen de schade aan de woningen in Zevenaar en de gebruikte technieken (boormethode) bij de aanleg van de Betuweroute.", "Rubriek": "Verkeer, vervoer en waterstaat (Spoorwegen) Volkshuisvesting (Overig)", "Trefwoorden": "Grondwater Schadevergoeding Spoorwegen Woningen", "Vindplaats": "Kamervragen met antwoord 2002-2003, nr. 62, Tweede Kamer", "Afkomstig van": "2010214200", "Indiener": "Verkeer en Waterstaat (VW)", "Partij vertegenwoordiger": "<persoon partij=\"SP\">Gerkens</persoon>", "Datum_reaktie": "\n", "Datum_indiening": "2002-09-27", "vraag 1": "Kent u het rapport \u00c2\u00abBetuweroute Zevenaar\u00c2\u00bb van de Commissie \u00c2\u00abDeskundigen Grondwaterwet\u00c2\u00bb? ", "vraag 2": "Acht u het mogelijk dat de geconstateerde gebreken aan woningen in Zevenaar het gevolg zijn van andere oorzaken dan grondwaterverlaging? Zo ja, denkt u hierbij ook aan de bouwtechniek die gebruikt is bij de aanleg van de Betuweroute zoals bijvoorbeeld de boormethode? ", "vraag 3": "Deelt u de opvatting dat het wenselijk is dat op dit punt nader onderzoek wordt verricht om vast te stellen of er een oorzakelijk verband is tussen schade aan woningen in Zevenaar en de gebruikte technieken bij de aanleg van de Betuweroute? Zo nee, waarom niet? ", "antwoord 1": "[Het betreffende rapport is mij bekend. Naast deze studie heeft ook de Bouwdienst van Rijkswaterstaat op mijn verzoek onderzoek verricht naar de grondwaterproblematiek in Zevenaar (Onderzoek Tunnel Zevenaar Betuweroute, dec. 2001)", "antwoord 2": "a. Aangezien de bij vraag 1 aangehaalde onderzoeken een causaal verband tussen de opgetreden grondwaterstanden en de geconstateerde schade uitsluiten, moet deze schade elders zijn oorzaak gevonden hebben. b. Het ligt niet in de lijn der verwachtingen dat de gebruikte bouwtechniek heeft geleid tot de geconstateerde gebreken aan woningen in Zevenaar. De bouwtechniek, zoals gebruikt in Zevenaar, is door de Bouwdienst van Rijkswaterstaat beoordeeld als de meest geschikte voor de aanleg van de spoortunnel Zevenaar (Onderzoek Tunnel Zevenaar Betuweroute, dec. 2001). De boormethode van funderingspalen vermindert de kans op omgevingsschade nog verder", "antwoord 3": "Gelet op het gestelde bij mijn antwoord op vraag 2 acht ik het niet nodig om verder onderzoek te verrichten. Voor zover eigenaren en bewoners van woningen menen schade te hebben geleden door bouwwerkzaamheden ten behoeve van de Betuweroute, kunnen zij gebruik maken van de regeling bouwschade. Deze regeling voorziet in het onderzoeken, herstellen of vergoeden van schade die toerekenbaar is aan de werkzaamheden. Er zijn vooropnames gemaakt van alle panden die zich binnen de re\u00c3\u00abel mogelijke invloedssfeer van de werkzaamheden bevinden, zodat een redelijke en objectieve schadevaststelling mogelijk is. Dit sluit aan op de praktijk zoals die ook elders bij de uitvoering van bouwprojecten in Nederland gangbaar is. ]"}