{"Bibliografische_omschrijving": "Vragen van de leden Assen, Leers en Reitsma (allen CDA) over de A73 (Ingezonden 30 mei 1995); Antwoord", "Bestand": "14Kb", "Permalink": "\nhttp://www.geencommentaar.nl/parlando/index.php?action=doc&filename=KVR1552\n", "Inhoud": "Betreft vragen over doortrekking van de A73 naar de A15.", "Rubriek": "Verkeer, vervoer en waterstaat (Wegen)", "Trefwoorden": "Wegen", "Vindplaats": "Kamervragen met antwoord 1994-1995, nr. 905, Tweede Kamer", "Afkomstig van": "Verkeer en Waterstaat", "Indiener": "<persoon partij=\"CDA\">Assen</persoon>", "Partij vertegenwoordiger": "\n", "Datum_reaktie": "<persoon partij=\"CDA\">Leers</persoon>", "Datum_indiening": "\n", "vraag 1": "Heeft het Europees parlement op 18 mei jongstleden een amendement aangenomen om de doortrekking van de A73 naar de A15 op het Transeuropese netwerk (TEN) op te nemen? ", "vraag 2": "Zo ja, welke consequenties verbindt u aan dit amendement voor wat betreft de aanleg van deze weg als oplossing voor het tekort aan capaciteit voor het Waal-overschrijdend verkeer en ten behoeve van het multimodaal transportcentrum te Valburg? ", "vraag 3": "Betekent dit, dat de A73 als zodanig in het SVV moet worden opgenomen? Bent u bereid hiervoor op korte termijn een aparte partie\u00c2\u00a8le herziening van het SVV te entameren? ", "vraag 4": "Welke financie\u00c2\u00a8le consequenties heeft de aanleg van deze weg in verband met de vereisten ten aanzien van co-financiering? ", "antwoord 1": "[Het Europees Parlement heeft in haar advies ten aanzien van de communautaire richtlijnen voor de ontwikkeling van een transeuropees vervoersnetwerk, voorgesteld de aansluiting van de A 73 op het toekomstige multimodale centrum bij Nijmegen in het transeuropese wegennet op te nemen", "antwoord 2": "Het voorstel van het Europees Parlement is gedaan in eerste lezing in het kader van de Communautaire codecisie procedure. Alle voorstellen van het Europees Parlement zijn in Europees Raadskader op het ogenblik in behandeling. Het advies van het Europees Parlement zal dan ook worden meegewogen bij de vaststelling van een Gemeenschappelijk standpunt van de Transport Raad. Nadat de Transport Raad een Gemeenschappelijk standpunt heeft ingenomen zal het Europees Parlement kunnen besluiten het Raadsstandpunt te amenderen", "antwoord 3": "De vraag of dit deel van de A 73 als zodanig in het SVV moet worden opgenomen is thans prematuur. Ter oplossing van de verwachte toekomstige capaciteitsproblemen voor het Waal-overschrijdend verkeer is de relatie met het project inzake de verbreding van de A 50 van belang. Door Verkeer en Waterstaat wordt hiervoor thans een trace\u00c2\u00b4/MER studie voorbereid. Ten aanzien van de doortrekking van de A 73 wordt door de Provincie Gelderland een studie verricht. Op basis van de resultaten van beide studies zal door Verkeer en Waterstaat, samen met de betrokken lagere overheden, worden bezien hoe aan de genoemde verwachte capaciteitsproblemen het hoofd geboden kunnen worden", "antwoord 4": "Indien gedoeld wordt op mede-financiering van de Europese Commissie in het kader van de TEN\u00e2\u20ac\u2122s dient te worden gesteld dat van een subsidieaanvraag slechts sprake kan zijn indien er zicht is op de uitvoering van het genoemde project. Dit is thans nog niet aan de orde. ]"}