{"Bibliografische_omschrijving": "Vragen van het lid De Wit (SP) aan de staatssecretaris van Sociale Zaken en Werkgelegenheid, dhr. Hoogervorst, en de minister van Justitie over de WAO en de Wajong. (Ingezonden 15 januari 2002); Antwoord", "Bestand": "15Kb", "Permalink": "\nhttp://www.geencommentaar.nl/parlando/index.php?action=doc&filename=KVR15114\n", "Inhoud": "Vragen over stopzetting van het recht op uitkering ingevolge de WAO en de Wajong voor zogeheten passanten (mensen die veroordeeld zijn door de rechter en in afwachting van de aanvang van hun TBS-behandeling in de gevangenis verblijven).", "Rubriek": "Criminaliteit en openbare orde (Gevangeniswezen en penitentiair recht) Sociale zekerheid (Arbeidsongeschiktheidsvoorzieningen (Ziektewet, WAO, AAW, IOAW, IOAZ))", "Trefwoorden": "Arbeidsongeschiktheidsverzekeringen Gedetineerden TBS", "Vindplaats": "Kamervragen met antwoord 2001-2002, nr. 665, Tweede Kamer", "Afkomstig van": "2010204300", "Indiener": "Sociale Zaken en Werkgelegenheid (SZW)", "Partij vertegenwoordiger": "<persoon partij=\"SP\">De Wit</persoon>", "Datum_reaktie": "\n", "Datum_indiening": "2002-02-22", "vraag 1": "Bent u op de hoogte van de gevolgen die de stopzetting van het recht op uitkering ingevolge de WAO en de Wajong heeft voor zogeheten passanten (mensen die veroordeeld zijn door de rechter en in afwachting van de aanvang van hun TBS-behandeling in de gevangenis verblijven)? ", "vraag 2": "Deelt u de mening dat deze passanten ten onrechte het recht op een arbeidsongeschiktheidsuiterking wordt ontzegd als daarbij in ogenschouw wordt genomen dat hun opsluiting als passant het directe gevolg is van het ontbreken van een passende behandelingsplaats in een TBS-inrichting, en zij daar in elk geval geen schuld aan hebben, er voorts geen maximum is gesteld aan de tijd die men als passant moet doormaken, en deze passantentijd de totale detentietijd zelf verlengt? ", "vraag 3": "Deelt u de mening dat hier sprake is van een leemte in de wet? Bent u bereid deze leemte te herstellen zodat passanten wel aanspraak kunnen maken op een arbeidsongeschiktheidsuitkering? Zo neen, waarom niet? ", "antwoord 1": "[Ja", "antwoord 2": "Dat zogeheten \u00c2\u00abpassanten\u00c2\u00bb geen recht meer hebben op een WAO- c.q. een WAJONG-uitkering is een rechtstreeks gevolg van de Wet sociale zekerheidsrechten gedetineerden (WSG) . Op grond van de WSG heeft degene die \u00c2\u00abrechtens zijn vrijheid is ontnomen\u00c2\u00bb namelijk geen recht op een arbeidsongeschiktheidsuitkering. In beginsel vallen alle situaties waarin een persoon rechtens van zijn vrijheid is ontnomen onder de werkingssfeer van deze wet . Omdat gedurende het verblijf in een justiti\u00c3\u00able inrichting door de Staat in het onderhoud van deze personen wordt voorzien, is het onaanvaardbaar geacht dat zij daarnaast nog een uit collectieve middelen gefinancierde uitkering zouden kunnen blijven ontvangen. Nu de Staat tijdens de vrijheidsontneming in het onderhoud voorziet, is het leidend criterium in deze wet de omstandigheid d\u00c3\u00a1t \u00e2\u20ac\u201c en niet de reden waarom \u00e2\u20ac\u201c de betrokkene verblijft in een justiti\u00c3\u00able inrichting, zoals een huis van bewaring, gevangenis en TBS-inrichting. De WSG leidt er dan ook toe dat er geen recht op een arbeidsongeschiktheidsuitkering bestaat als de betrokkene in een penitentiaire inrichting verblijft omdat plaatsing in een TBS-inrichting nog niet mogelijk is. Evenals bij voorlopige hechtenis, gevangenisstraffen TBS geldt in deze situatie immers dat er sprake is van een situatie van \u00c2\u00abrechtens zijn vrijheid ontnomen\u00c2\u00bb waarbij de staat voorziet in kost en inwoning. Overigens verdient in dit verband nog opmerking dat aan de tenuitvoerlegging van TBS met dwangverpleging, veelal een periode van gevangenisstraf voorafgaat. Gedurende beide perioden bestaat op grond van de WSG geen recht op uitkering. Met andere woorden: voor de toepassing van de WSG is het niet relevant of er sprake is van een \u00c2\u00abgewone\u00c2\u00bb gevangene of een passant die in de gevangenis verblijft. De duur van het verblijf als passant in de gevangenis is evenmin van belang. Ditzelfde geldt voor de invloed van de passantentermijn op de totale detentieperiode. Ter zake van de passantentermijn zij nog opgemerkt dat de Beginselenwet verpleging ter beschikking gestelden wel degelijk bepalingen (artikel 12) kent over de duur van de passantentermijn, te weten dat plaatsing binnen 6 maanden dient te geschieden, zij het dat deze termijn met telkens 3 maanden kan worden verlengd. De beroepsinstantie in deze heeft inmiddels bepaald, dat passanten na 12 maanden in aanmerking komen voor een financi\u00c3\u00able tegemoetkoming. Dat passanten geen recht hebben op een arbeidsongeschiktheidsuitkering gedurende de periode dat zij in de gevangenis verblijven is een bedoeld gevolg van de WSG. Ik deel dan ook niet de mening dat passanten ten onrechte geen recht op een arbeidsongeschiktheidsuitkering hebben. ]"}