{"Bibliografische_omschrijving": "Vragen van het lid Reitsma (CDA) aan de minister van Verkeer en Waterstaat over concentraties in de luchtvaart. (Ingezonden 15 oktober 1999); Antwoord", "Bestand": "14Kb", "Permalink": "\nhttp://www.geencommentaar.nl/parlando/index.php?action=doc&filename=KVR10641\n", "Inhoud": "Vragen over de voorgenomen samenwerking tussen TUI (Travel Unie International Nederland) en Air Holland.", "Rubriek": "Bedrijfsleven en industrie (Concentraties) Handel en economie (Mededinging) Verkeer, vervoer en waterstaat (Luchtvaart)", "Trefwoorden": "Concentraties Luchtvaart", "Vindplaats": "Kamervragen met antwoord 1999-2000, nr. 345, Tweede Kamer", "Afkomstig van": "2990001110", "Indiener": "Verkeer en Waterstaat", "Partij vertegenwoordiger": "<persoon partij=\"CDA\">Reitsma</persoon>", "Datum_reaktie": "\n", "Datum_indiening": "1999-11-24", "vraag 1": "Herinnert u zich een brief van de Europese Commissie aan de Nederlandse regering, meer in het bijzonder aan de staatssecretaris van Financi\u00c3\u00abn, van 29 oktober 1991 waarin wordt gesteld dat er in Nederland naast de KLM te allen tijde een onafhankelijke luchtvaartonderneming dient te zijn, die dus noch direct noch indirect verbindingen heeft met de KLM? ", "vraag 2": "Is dit Europese standpunt sindsdien veranderd of bijgesteld? Zo ja, wanneer, op welke wijze en in welke zin? ", "vraag 3": "Betekent de voorgenomen samenwerking tussen de TUI en Air Holland dat er feitelijk sprake zal zijn een conglomeraat, wellicht zelfs een kartel, van Nederlandse luchtvaartondernemingen, gegeven de samenwerking tussen de TUI en de KLM in de Travel Union plus het belang van de KLM in Martinair en Transavia? ", "antwoord 1": "[Nee, deze specifieke brief is bij het ministerie van Financi\u00c3\u00abn niet bekend. Door het vergeefs zoeken naar deze brief is de beantwoording van deze vragen helaas vertraagd", "antwoord 2": "In het algemeen past de Europese Commissie de mededingingsregels toe bij overnames en is zij alert op mogelijke gevaren van kartelvorming en misbruik van machtsposities. Dit jaar nog is dat duidelijk geworden bij de beoordeling van de overname van de resterende 50% van de Martinair-aandelen van Nedlloyd door de KLM. De Commissie heeft de KLM duidelijk gemaakt niet zonder meer met deze overname in te kunnen stemmen waarna de KLM uiteindelijk afzag van de overname van de resterende aandelen van Martinair", "antwoord 3": "Op dit moment heeft Air Holland uitstel van betaling gekregen. ]"}