{"Bibliografische_omschrijving": "Vragen van de leden Terpstra en Klein Molekamp (beiden VVD) aan de staatssecretaris van Landbouw, Natuurbeheer en Visserij, mw. Faber, over het opheffen van het moratorium van de jacht op de walvissen. (Ingezonden 9 april 2002); Antwoord", "Bestand": "14Kb", "Permalink": "\nhttp://www.geencommentaar.nl/parlando/index.php?action=doc&filename=KVR15553\n", "Inhoud": "Vragen over de (kennelijk) nipte meerderheid voor het handhaven van het moratorium van de jacht op walvissen, die verloren dreigt te gaan indien de International Whaling Commission bij de eerstvolgende vergadering in mei 2002 \u00c3\u00a9\u00c3\u00a9n of meerdere leden toelaat die tegenstander zijn van het moratorium.", "Rubriek": "Natuur (Dierenbescherming) Natuur (Jacht)", "Trefwoorden": "Beschermde diersoorten Jacht", "Vindplaats": "Kamervragen met antwoord 2001-2002, nr. 1050, Tweede Kamer", "Afkomstig van": "2010208990", "Indiener": "Landbouw, Natuurbeheer en Visserij (LNV)", "Partij vertegenwoordiger": "<persoon partij=\"VVD\">Terpstra</persoon>", "Datum_reaktie": "\n", "Datum_indiening": "<persoon partij=\"VVD\">Klein Molekamp</persoon>", "vraag 1": "Bent u op de hoogte van de voortdurende lobby van onder andere Japan om het moratorium van de jacht op de walvissen op te heffen? ", "vraag 2": "Bestaat in de International Whaling Commission (IWC) thans nog een nipte meerderheid om het moratorium te handhaven? ", "vraag 3": "Dreigt in de meivergadering van het IWC in Shimonoseki, Japan, deze nipte meerderheid verloren te gaan indien een of meer nieuwe leden worden toegelaten die verklaard tegenstander van het moratorium zijn, zoals IJsland? ", "vraag 4": "Bent u bereid de Nederlandse vertegenwoordiger in de IWC instructies te geven om samen met de zogenaamde \u00c2\u00abgelijkgezinden\u00c2\u00bb landen te stemmen tegen toelating van nieuwe leden die het moratorium niet onderschrijven? ", "vraag 5": "Bent u bereid deze vragen v\u00c3\u00b3\u00c3\u00b3r 25 april te beantwoorden? ", "antwoord 1": "[Ja", "antwoord 2": "Het is zeker dat het moratorium dit jaar in stand blijft. Om het op te heffen is namelijk een 3/4 meerderheid van het aantal uitgebrachte stemmen vereist", "antwoord 3": "Nee, zoals in het vorige antwoord uiteen is gezet. IJsland is het enige land dat nu tot de IWC wil toetreden met een voorbehoud op het moratorium. Mogelijk treden ook andere landen toe die sympathiek staan tegenover de walvisvaart. Die zullen echter toetreden zonder enig voorbehoud en zich dus aan alle vigerende bepalingen van de IWC houden. Mocht deze uitbreiding van het aantal landen leiden tot een enkelvoudige meerderheid van het walvisvarende kamp dan leidt dit niet tot fundamentele wijzigingen in de positie van de IWC omtrent het hervatten van de walvisvaart. Daarvoor is zoals gesteld een 3/4 meerderheid van het aantal uitgebrachte stemmen vereist", "antwoord 4": "Ja. Nederland heeft er bij IJsland op aangedrongen het voorbehoud op het moratorium te laten varen. Mede door deze druk biedt IJsland aan het voorbehoud vergezeld te laten gaan van een verklaring waarin wordt gesteld dat de commerci\u00c3\u00able walvisvaart in elk geval niet zal worden hervat zolang er voortgang is in de onderhandelingen over het instellen van een Revised Management Scheme (RMS). Dat is thans het geval. Nederland stelt zich uitdrukkelijk op het standpunt dat alleen de IWC het groene licht kan geven voor het hervatten van de walvisvaart", "antwoord 5": "Ja. ]"}