{"Bibliografische_omschrijving": "Vragen van het lid Klein Molenkamp (VVD) aan de staatssecretaris van VROM over opslag zinkconcentraat in de Rotterdamse haven. (Ingezonden 27 augustus 2002); Antwoord", "Bestand": "17Kb", "Permalink": "\nhttp://www.geencommentaar.nl/parlando/index.php?action=doc&filename=KVR16378\n", "Inhoud": "Vragen naar aanleiding van het bericht dat bij European Bulk Services (E.B.S.) B.V. sedert 1991 zinkconcentraat dat uit Duitsland afkomstig is, wordt opgeslagen, in strijd met de Wet chemische afvalstoffen.", "Rubriek": "Milieu (Gevaarlijke stoffen) Milieu (Milieudelicten) Verkeer, vervoer en waterstaat (Havens)", "Trefwoorden": "Duitsland Gevaarlijke afvalstoffen Havens Milieudelicten", "Vindplaats": "Kamervragen met antwoord 2002-2003, nr. 86, Tweede Kamer", "Afkomstig van": "2010214420", "Indiener": "Volkshuisvesting, Ruimtelijke Ordening en Milieubeheer (VROM)", "Partij vertegenwoordiger": "<persoon partij=\"VVD\">Klein Molenkamp</persoon>", "Datum_reaktie": "\n", "Datum_indiening": "2002-10-01", "vraag 1": "Bent u bekend met het feit dat in de Rotterdamsa haven bij European Bulk Services (E.B.S.) B.V. sedert 1991 zinkconcentraat dat uit Duitsland afkomstig is, wordt opgeslagen? ", "vraag 2": "Is het juist dat uw ministerie het betreffende zinkconcentraat in 1991 als gevaarlijk afval (toen nog \u00c2\u00abchemisch afval\u00c2\u00bb) heeft aangemerkt en bent u van mening dat in dat geval de Duitse afzenders, met de overbrenging van het zinkconcentraat naar de Rotterdamse haven met de Wet chemische afvalstoffen, in overtreding zijn geweest? ", "vraag 3": "Is het waar dat de betrokken Duitse autoriteiten hetzelfde materiaal niet als gevaarlijk chemisch afval kwalificeerden, zoals uw ministerie wel deed, doch als \u00c2\u00abWirtschaftsgut\u00c2\u00bb, derhalve als \u00c2\u00abeconomische goederen\u00c2\u00bb? Zo ja, hoe is het mogelijk dat hetzelfde materiaal door twee lidstaten verschillend wordt gekwalificeerd, terwijl het begrip \u00c2\u00abafval\u00c2\u00bb voor de betrokken lidstaten gelijkluidend is gedefinieerd in de Europese Richtlijn van de Raad van 15 juli 1975, nr. 75/442/EEG? ", "vraag 4": "Is het waar dat als gevolg van afwezigheid van een eenduidige kwalificatie van het zinkconcentraat uw ambtsvoorganger geen retourzending naar Duitsland heeft gelast en feitelijk geen retourzending heeft plaats gevonden? Wat was hiervan de reden? ", "vraag 5": "Is het u bekend dat waarschijnlijk rond 1990 een soortgelijke partij \u00c2\u00abzinkconcentraat\u00c2\u00bb in Nederland is ingevoerd en uw ambtsvoorganger toen wel heeft zorggedragen voor retourzending van die partij? ", "vraag 6": "Bent u ermee bekend dat wegens hoge verwerkingskosten het zinkconcentraat op de locatie niet kan worden verwijderd en het betrokken bedrijf \u00e2\u20ac\u201c als onschuldige derde \u00e2\u20ac\u201c schade lijdt nu het \u00c3\u00a9\u00c3\u00a9n van zijn silo\u00e2\u20ac\u2122s wegens de opslag van het zinkconcentraat niet kan gebruiken? Bent u ermee bekend dat het bedrijf waar het materiaal noodgedwongen ruim 11 jaar ligt opgeslagen uw ministerie bij brief van 11 november 1999 officieel heeft verzocht bij te dragen aan de oplossing van dit probleem en tegen het gevolgde negatieve besluit van 21 januari 2000 (met kenmerk 050100011T/EvD) een bezwaarschrift heeft ingediend? Om welke reden blijft uw beslissing op het bezwaarschrift uit? ", "vraag 7": "Bent u bereid wegens de inmiddels in 1994 in werking getreden EVOA (Europese Verordening voor de Overbrenging van Afvalstoffen) de Duitse autoriteiten om retourzending te verzoeken? ", "vraag 8": "Hoe is het mogelijk dat door verschil van regelgeving tusssen Duitsland en Nederland enerzijds en gebrek aan besluitvorming van uw ministerie anderzijds een zodanige impasse is ontstaan dat de partij zinkconcentraat ruim 11 jaar \u00c2\u00abnutteloos\u00c2\u00bb en tegen hoge kosten wordt opgeslagen? ", "vraag 9": "Bent u voornemens deze zaak voor 1 november 2002 tot een oplossing te brengen? ", "antwoord 1": "[Ja", "antwoord 2": "Ja, mijn ministerie heeft in 1991 de betreffende partij aangemerkt als chemisch afval. Ik ben van mening dat de Duitse afzenders met de overbrenging van de als zinkconcentraat aangemerkte partij naar de Rotterdamse haven de Wet chemische afvalstoffen hebben overtreden", "antwoord 3": "Ja. De betrokken Duitse autoriteiten kwalificeerden hetzelfde materiaal als \u00c2\u00abWirtschaftsgut\u00c2\u00bb, derhalve als economische goederen. Naar het oordeel van de Duitse autoriteiten was het volgens de Duitse afvalstoffenwetgeving geen (gevaarlijke) afvalstof; de Europese richtlijn van de Raad van 15 juli 1975, nr. 75/442/EEG was volgens hen niet van toepassing. Volgens de Nederlandse overheid viel de partij op grond van op 18 januari 1991 genomen monsters onder het indertijd van kracht zijnde Besluit aanwijzing chemische afvalstoffen (BACA) en vielen de afvalstoffen derhalve onder het regime van de toenmalige Regeling in-, uit- en doorvoer (RIUD) van de Wet chemische afvalstoffen (Wca). De Nederlandse en Duitse overheid kwalificeerden de partij volgens verschillende regimes", "antwoord 4": "Mijn ambtsvoorganger heeft in 1991 de Duitse overtreders wel degelijk gelast de partij terug te nemen, op straffe van een dwangsom. Omdat de betreffende bedrijven kort hierna failleerden, heeft feitelijke uitvoering van de last nooit plaatsgevonden. Doordat verschillende overheden (de deelstaat Noordrijn-Westfalen en het ministerie van VROM) over de juridische status van het materiaal van mening verschilden is de Duitse overheid niet formeel gelast de stoffen terug te nemen. Uiteindelijk bleek dat op grond van de toenmalige regelgeving juridisch ook niet mogelijk", "antwoord 5": "Nee. Er is geen retourzending gelast door mijn ambtsvoorganger in 1990. Ten aanzien van een soortgelijke partij zinkconcentraat die op 26 mei 1990 werd bemonsterd merk ik het volgende op. Deze partij was per schip onderweg naar Rotterdam en werd aangetroffen en bemonsterd te Lobith. De monsterneming werd uitgevoerd door de Inspectie Milieuhygi\u00c3\u00abne. De analyseresultaten zijn bekend. Het schip is zeer waarschijnlijk vrijwillig teruggekeerd naar Duitsland. Zoiets werd destijds niet in een verslag of afloopbericht vastgelegd", "antwoord 6": "Ja, mij is bekend dat het betrokken bedrijf schade lijdt nu het \u00c3\u00a9\u00c3\u00a9n van zijn silo\u00e2\u20ac\u2122s wegens de opslag van zinkconcentraat of afval niet kan gebruiken. In de vraag wordt gesteld dat het betrokken bedrijf als onschuldige derde schade lijdt. Het betrokken transport vond echter plaats op grond van een contract tussen EBS en Duitse bedrijven, een privaat contract inzake het doorzenden van een partij zinkconcentraat. Na het vaststellen van de overtreding door de Inspectie Milieuhygi\u00c3\u00abne (IMH) had EBS de Duitse bedrijven aansprakelijk kunnen stellen voor het leveren van afval in plaats van economische goederen. Het aansprakelijk stellen van de overheid acht ik dan ook onjuist. Ja, ik ben ermee bekend dat EBS mijn ministerie bij brief van 11 november 1999 officieel heeft verzocht bij te dragen aan de oplossing van dit probleem en tegen het gevolgde negatieve besluit van 21 januari 2000 een bezwaarschrift heeft ingediend. De beslissing op bezwaar is op 6 september 2002 genomen door de minister van VROM (kenmerk VI/BZ/1459) en deze vertraging is mede het gevolg van tijdrovend historisch onderzoek", "antwoord 7": "Nee. De zaak moet behandeld worden op grond van de in 1991 vigerende wetgeving. Vanaf 1991 tot en met 1993 heeft mijn ambtsvoorganger de Duitse bondsminister hierover benaderd, maar naar het oordeel van de Duitse autoriteiten was de afvalstoffenwetgeving op deze stoffen niet van toepassing. Het afwijkende oordeel van buitenlandse autoriteiten ten aanzien van de status van een bepaalde stof is echter voor mij geen reden om mijn oordeel in dezen te herzien. Voor die beoordelingsvraag is volgens de Raad van State (vergelijk de uitspraak van 3 januari 1996, F03.95.0735) bepalend wat hier te lande als geldend recht moet worden beschouwd. Zoals vermeld gaat het bovendien in eerste instantie om een privaatrechtelijk geschil tussen Nederlandse en Duitse bedrijven", "antwoord 8": "Het ministerie van VROM kan geen gebrek aan besluitvorming verweten worden. Op het gebied van handhaving is indertijd correct en tijdig opgetreden", "antwoord 9": "Op grond van het bovenstaande heb ik niet de verantwoordelijkheid en beschik ik niet over de middelen om het gevaarlijke afval definitief te (doen) verwijderen. De definitieve verwijdering van het zinkconcentraat is een zaak tussen het bedrijf en het op grond van de Wet milieubeheer bevoegde gezag. De financi\u00c3\u00able kant van de oplossing komt voor rekening van het bedrijf. Wel zal ik alle betrokken partijen uitnodigen voor een gesprek om te bezien hoe het probleem kan worden opgelost. ]"}