{"Bibliografische_omschrijving": "Vragen van de leden Van de Beeten (CDA), De Wolff(GroenLinks), Kohnstamm (D66) en Jurgens(PvdA) op 11 juni 2002 medegedeeld aan de minister van Justitie inzake indiening wetsvoorstel tot wijziging van de Wet strafrechtelijke opvang verslaafden.; Antwoord", "Bestand": "13Kb", "Permalink": "\nhttp://www.geencommentaar.nl/parlando/index.php?action=doc&filename=KVR15905\n", "Inhoud": "Vraag naar de stand van zaken van de uitvoering van de motie inzake de verbetering van de Wet strafrechtelijke opvang verslaafden (26023, EK nr. 16c).", "Rubriek": "Criminaliteit en openbare orde (Drugsbestrijding) Criminaliteit en openbare orde (Gevangeniswezen en penitentiair recht) Welzijn (Verslavingszorg)", "Trefwoorden": "Drugsbestrijding Strafvervolging Verslaving", "Vindplaats": "Kamervragen met antwoord 2001-2002, nr. 16, Eerste Kamer", "Afkomstig van": "0", "Indiener": "Justitie (JUS)", "Partij vertegenwoordiger": "<persoon partij=\"CDA\">Van de Beeten</persoon>", "Datum_reaktie": "\n", "Datum_indiening": "<persoon partij=\"GroenLinks\">De Wolff</persoon>", "vraag 1": "Kunt u meedelen welke voorbereidingen zijn getroffen voor indiening van het wetsvoorstel tot wijziging van de Wet strafrechtelijke opvang verslaafden conform de motie-Van de Beeten (Kamerstuk 26 023, EK nr. 16c)? ", "vraag 2": "Wanneer is indiening van het wetsvoorstel bij de Tweede Kamer te verwachten? ", "antwoord 1": "[Ter uitvoering van de motie Van de Beeten wordt een wijziging van artikel 38s van het Wetboek van Strafrecht voorbereid. Deze wijziging maakt onderdeel uit van een wetsvoorstel waarin een aantal technische wijzigingen in het straf- en penitentiair recht wordt opgenomen in verband met evaluaties van de Penitentiaire beginselenwet en de Beginselenwet verpleging ter beschikking gestelden. Dit wetsvoorstel zal aan het eind van 2002 bij de Raad van State aanhangig worden gemaakt. De indiening van het wetsvoorstel bij de Tweede Kamer is te verwachten in het voorjaar van 2003. ]"}