{"Bibliografische_omschrijving": "Vragen van het lid M. B. Vos (GroenLinks) aan minister van Onderwijs, Cultuur en Wetenschappen over het Biomedical Primate Research Centre (BPRC) te Rijswijk. (Ingezonden 21 februari 2002); Antwoord", "Bestand": "18Kb", "Permalink": "\nhttp://www.geencommentaar.nl/parlando/index.php?action=doc&filename=KVR15301\n", "Inhoud": "Deze vragen dienen ter aanvulling op eerdere vragen hierover van de leden Augusteijn-Esser en Lambrechts (2010206740) en Kant (2010206750), ingezonden 21 februari 2002.", "Rubriek": "Natuur (Dierenbescherming) Wetenschap en technologie (Onderzoeksinstituten)", "Trefwoorden": "Dierproeven Onderzoeksinstituten", "Vindplaats": "Kamervragen met antwoord 2001-2002, nr. 830, Tweede Kamer", "Afkomstig van": "2010206850", "Indiener": "Onderwijs, Cultuur en Wetenschappen (OCW)", "Partij vertegenwoordiger": "<persoon partij=\"GroenLinks\">M. B. Vos</persoon>", "Datum_reaktie": "\n", "Datum_indiening": "2002-03-15", "vraag 1": "Deelt u de mening dat commerci\u00c3\u00able exploitatie van een proefdierencentrum op gespannen voet staat met het garanderen van dierenwelzijn? Zo neen, waarom niet? ", "vraag 2": "In hoeverre wordt volgens u de kwaliteit van het onderzoek met behulp van proefdieren nadelig be\u00c3\u00afnvloed door stress bij de proefdieren, zoals gemeld door de oud-dierenarts van het BPRC? ", "vraag 3": "Ziet u hierin aanleiding om proefdiergebruik slechts dan nog toe te staan wanneer de huisvesting en levensomstandigheden van de proef zodanig zijn, dat er geen stress optreedt als gevolg van de huisvesting en levensomstandigheden? Zo neen, waarom niet? ", "vraag 4": "Kunt u aangeven welke gevolgen een mogelijke stopzetting van de subsidie door de EU aan het BPRC heeft? ", "vraag 5": "Wat is de stand van zaken met betrekking tot het vinden van een opvang van de \u00c2\u00abgepensioneerde\u00c2\u00bb dieren? Toelichting Deze vragen dienen ter aanvulling op eerdere vragen terzake van de leden Augusteijn-Esser, Lambrechts en Kant, ingezonden 21 februari jl. ", "antwoord 1": "[In beginsel behoeft commerci\u00c3\u00able exploitatie van een proefdiercentrum niet op gespannen voet te staan met het garanderen van dierenwelzijn. Ook commerci\u00c3\u00able bedrijven die beschikken over een proefdiercentrum, dienen immers aan de Wet op de Dierproeven en de Gezondheids- en Welzijnswet voor Dieren te voldoen. De overheid controleert of deze bedrijven de wetten naleven", "antwoord 2": "Een zekere mate van stress is bij experimenten op proefdieren onvermijdelijk. Proefdiergebruikers zullen deze stress en met name chronische stress echter zoveel mogelijk trachten te vermijden. Wanneer de dieren in beperkte mate stress ondervinden, kan dit in bepaalde situaties bijdragen aan de waarde van het proefdiermodel. Immers bij ziekte en bij veel medische handelingen heeft de mens evenzeer met stress te maken. Chronische stress dient echter zoveel mogelijk vermeden te worden. De minister van Volksgezondheid, Welzijn en Sport ziet, tegen deze achtergrond, in datgene dat de oud-dierenarts van het BPRC heeft gemeld geen aanleiding om proefdiergebruik slechts d\u00c3\u00a1n toe te staan indien bij de proefdieren in het geheel geen stress optreedt als gevolg van huisvesting en levensomstandigheden. De nieuwe regelgeving met betrekking tot de huisvesting en verzorging van proefdieren die thans op Europees niveau wordt voorbereid, is gericht op het voorkomen van chronische stress als gevolg van de huisvesting en verzorging. De eisen met betrekking tot de huisvesting en de verzorging van de apen die door de Begeleidingscommissie voor de nieuwbouw van het BPRC zijn opgesteld, eisen waaraan de voorziene nieuwbouw van de apenverblijven van het BPRC voldoet, zullen daaraan ruimschoots voldoen. De beoordeling van specifieke experimenten op proefdieren blijft voorbehouden aan de erkende DEC\u00e2\u20ac\u2122s die bekend zijn met de omstandigheden die in de verschillende proefdiercentra bestaan", "antwoord 3": "Het BPRC ontvangt de laatste jaren tussen de 1,7 mln. en 2,1 mln. per jaar aan EU-subsidies. Indien deze subsidies zouden worden be\u00c3\u00abindigd, zou daar slechts een beperkte vermindering van directe projectkosten tegenover staan. Hierdoor zouden de financi\u00c3\u00able problemen waarin het instituut verkeert buitengewoon groot worden. Ook als een deel van het personeel ontslagen zou worden, zou nog een tekort resteren samenhangend met de huisvesting en verzorging van de apen. Bovendien zou de betrouwbaarheid van het BPRC als partner in projecten sterk geschaad worden, waardoor het aantal opdrachten verder zou dalen en de inkomsten nog sterker zouden teruglopen. Dit antwoord is conform het antwoord dat ik op 7 december 2001 in brief , gegeven heb op dezelfde vraag, die aan mij gesteld werd door mevr. Coenen, griffier van de commissie voor Onderwijs, Cultuur en Wetenschappen", "antwoord 4": "In het kader van mijn voorstel aan de Kamer met betrekking tot het BPRC, dat de Kamer medio maart zal ontvangen, zal ik ook op de uitplaatsing van de chimpansees ingaan. ]"}