{"Bibliografische_omschrijving": "Vragen van de leden Rijpstra en Cornielje (beiden VVD) aan de staatssecretarissen van Volksgezondheid, Welzijn en Sport, en van Binnenlandse Zaken en Koninkrijksrelaties, en aan de ministers van Binnenlandse Zaken en Koninkrijksrelaties en van Justitie over het voetbalgeweld. (Ingezonden 16 augustus 2002); Antwoord", "Bestand": "15Kb", "Permalink": "\nhttp://www.geencommentaar.nl/parlando/index.php?action=doc&filename=KVR16326\n", "Inhoud": "Vragen over de voorgenomen aanpak van voetbalvandalisme, naar aanleiding van een tweetal voorbeelden bij Feyenoord en PSV.", "Rubriek": "Criminaliteit en openbare orde (Criminaliteitsbestrijding en -preventie) Criminaliteit en openbare orde (Handhaving openbare orde) Vrijetijdsbesteding (Sport)", "Trefwoorden": "Criminaliteitsbestrijding Sport Vandalisme", "Vindplaats": "Kamervragen met antwoord 2002-2003, nr. 40, Tweede Kamer", "Afkomstig van": "2010213840", "Indiener": "Volksgezondheid, Welzijn en Sport (VWS)", "Partij vertegenwoordiger": "<persoon partij=\"VVD\">Rijpstra</persoon>", "Datum_reaktie": "\n", "Datum_indiening": "<persoon partij=\"VVD\">Cornielje</persoon>", "vraag 1": "Heeft u kennisgenomen van de spreekkoren tijdens de open dag van Feijenoord, en het blokkeren van het vertrek van de spelersbus van PSV? Zo ja, kunt u in beide gevallen aangeven of en hoe het overleg tussen de burgemeester, politie en club is geweest? ", "vraag 2": "Waarom is er niet ingegrepen en tot aanhouding overgegaan? ", "vraag 3": "Wilt u aangeven welke maatregelen er voor het komende seizoen zijn genomen om het voetbalvandalisme aan te pakken? Wilt u dit uitsplitsen naar de afzonderlijke verantwoordelijkheden, zoals KNVB, club, gemeente, politie, openbaar ministerie, en rijksoverheid? ", "vraag 4": "Welke maaatregelen zouden genomen moeten worden, maar kunnen niet worden genomen omdat bijvoorbeeld wetgeving ontbreekt? ", "vraag 5": "Welke prioriteit wordt er door politie en justitie aan het bestrijden van voetbalvandalisme gegeven? ", "vraag 6": "Bent u voornemens om per speelstad een sluitende ketenaanpak (KNVB, club, gemeente, politie, openbaar ministerie), zoals tijdens het EK 2000 het geval was, voor te stellen? ", "vraag 7": "Bent u bereid om op korte termijn een spoedoverleg met KNVB, burgemeesters, raad van hoofdcommissarissen en het openbaar ministerie te beleggen om daadwerkelijk tot een aanpak van het voetbalvandalisme over te gaan? ", "vraag 8": "Kunt u de Kamer zo spoedig mogelijk een uitvoerige notitie sturen, waarin aangegeven wordt welke maatregelen getroffen zijn en welke nog getroffen kunnen worden om het voetbalvandalisme tegen te gaan? ", "antwoord 1": "[Ja, ik heb kennisgenomen van beide incidenten. Voor wat betreft de spreekkoren tijdens de open dag van Feyenoord verwijs ik naar de antwoorden van de minister van Binnenlandse Zaken en Koninkrijksrelaties op de vragen van de heer Van Heemst van 2 augustus jl. betreffende dit onderwerp. Met betrekking tot het blokkeren van de spelersbus van PSV kan ik u, op basis van een ambtsbericht van de Korpsbeheerder van Brabant Zuid-Oost, het volgende mededelen. De politie van de regio Brabant Zuid-Oost heeft op vrijdag 9 augustus \u00c3\u00a9\u00c3\u00a9n van de medewerkers van PSV ge\u00c3\u00afnformeerd over het voornemen van een beperkt aantal PSV supporters om het vertrek van de spelersbus te verstoren door middel van een ludieke actie. De verwachting was dat hiervan geen onoverkomelijk oponthoud te duchten zou zijn. Op de bewuste zondag 11 augustus bleek echter dat de supporters niet bereid waren de door hun ingezette actie te staken. Hierdoor zou de spelersbus van PSV niet op tijd kunnen vertrekken. Overwogen is de politie in te zetten. Echter, de blokkade leverde als zodanig geen strafbaar feit op en was onder de gegeven omstandigheden niet aan te merken als een grove aantasting van de openbare orde. Daarnaast werd door de aanwezigheid van kinderen en baby\u00e2\u20ac\u2122s bij de actievoerders ingrijpen niet wenselijk geacht. De voorzitter van PSV heeft vervolgens \u00e2\u20ac\u201c na uitdrukkelijk overleg met de aanwezige hulpofficier van Justitie en de aanwezige politieambtenaren \u00e2\u20ac\u201c besloten met de actievoerders in gesprek te gaan. Tijdens dit overleg werd besloten om om 16.00 uur \u00e2\u20ac\u201c tijdig genoeg om op tijd in Amsterdam te arriveren \u00e2\u20ac\u201c de actie te be\u00c3\u00abindigen. Om 16.00 uur heeft inderdaad een gedeelte van de actievoerders de actie be\u00c3\u00abindigd maar bleek de sleutel van het slot waarmee de actievoerders het hek hadden dichtgemaakt, verdwenen. Hierdoor kon de bus niet vertrekken. Het heeft vervolgens nog 45 minuten geduurd voordat het bedrijf dat het slot kon openmaken, arriveerde. Hierdoor arriveerde PSV uiteindelijk om 18.15 uur in Amsterdam", "antwoord 2": "Op 27 augustus jl. heeft het door u in vraag 7 voorgestelde overleg plaatsgevonden. Hierin is geconstateerd dat het huidige beleid met betrekking tot de bestrijding van voetbalvandalisme (zoals bijvoorbeeld beschreven in de brief van de minister van Binnenlandse Zaken en Koninkrijksrelaties van 11 juli jl. en van 21 januari jl. voor een groot deel adequaat is, maar dat aanscherping wenselijk is. De uitkomsten van dit overleg zullen op korte termijn in een separate brief aan uw Kamer worden meegedeeld. Deze brief zal mede ingaan op de door u gestelde vragen 3 tot en met 6, zoals ook in vraag 8 wordt verzocht. ]"}