{"Bibliografische_omschrijving": "Vragen van het lid Arib (PvdA) aan de staatssecretaris van Justitie over kinderen in een jeugdgevangenis. (Ingezonden 7 december 2001); Antwoord", "Bestand": "16Kb", "Permalink": "\nhttp://www.geencommentaar.nl/parlando/index.php?action=doc&filename=KVR14849\n", "Inhoud": "Vragen naar aanleiding van berichtgeving in onder meer Trouw van 5 december 2001 over kinderen van 10 en 11 jaar oud die in een justiti\u00c3\u00able jeugdinrichting zitten. Deze vragen dienen in aanvulling op eerdere vragen terzake van de Tweede-Kamerleden Kant en De Wit, ingezonden 7 december 2001 (Aanhangel van de Handelingen II, 2001-2002, 453).", "Rubriek": "Criminaliteit en openbare orde (Gevangeniswezen en penitentiair recht) Welzijn (Jeugdigen)", "Trefwoorden": "Gevangeniswezen Jeugdwelzijn", "Vindplaats": "Kamervragen met antwoord 2001-2002, nr. 458, Tweede Kamer", "Afkomstig van": "2010203360", "Indiener": "Justitie (JUS)", "Partij vertegenwoordiger": "<persoon partij=\"PvdA\">Arib</persoon>", "Datum_reaktie": "\n", "Datum_indiening": "2001-12-28", "vraag 1": "Waarom zitten kinderen van 10 en 11 jaar in een jeugdinrichting? Welke overwegingen liggen hieraan ten grondslag? ", "vraag 2": "Op grond van welke wettelijke regelgeving kunnen kinderen onder de twaalf geplaatst worden in een justiti\u00c3\u00able jeugdinrichting? Hoeveel kinderen worden jaarlijks \u00e2\u20ac\u201c noodgedwongen \u00e2\u20ac\u201c geplaatst in een justiti\u00c3\u00able jeugdinrichting? ", "vraag 3": "Bent u van mening dat het plaatsen van kinderen, jonger dan 12 jaar, in justiti\u00c3\u00able inrichtingen strijdig kan zijn met het VN-Verdrag inzake de Rechten van het Kind? Zo neen, waarom niet? ", "vraag 4": "Is de reden van het plaatsen van kinderen in een justiti\u00c3\u00able jeugdinrichting het tekort aan plaatsen in de gesloten behandelcentra? Zo ja, welke maatregelen gaat u treffen om op korte termijn het aantal plaatsen uit te breiden? ", "vraag 5": "Op welke wijze wordt voor deze kinderen onderwijs geregeld? Zijn de justiti\u00c3\u00able inrichtingen toegerust om kinderen jonger dan 12 jaar onderwijs en hulpverlening te verschaffen? ", "antwoord 1": "[Incidenteel worden jeugdigen onder de 12 jaar geplaatst in een justiti\u00c3\u00able jeugdinrichting. In een justiti\u00c3\u00able jeugdinrichting worden jeugdigen geplaatst zowel op strafrechtelijke als op civielrechtelijke titel. Deze kinderen hebben met elkaar gemeen, dat ambulante of residenti\u00c3\u00able hulpverlening niet (meer) werkt, waardoor een door de kinderrechter aangestelde gezinsvoogd in het kader van een ondertoezichtstelling een machtiging gesloten plaatsing heeft moeten aanvragen. Het kind krijgt in deze procedure een advocaat toegewezen. In deze gevallen is er steeds sprake van dermate ernstige gedragsproblemen van het kind dat de kinderrechter een machtiging tot een gesloten plaatsing in een justiti\u00c3\u00able jeugdinrichting heeft verleend. Verantwoordelijk voor de plaatsing van het kind in een gesloten inrichting is de aangestelde gezinsvoogd. Zie voorts de beantwoording van vraag 2. \n, Op grond van de bepalingen in het Burgerlijk Wetboek kan een jeugdige onder toezicht worden gesteld of kan de kinderrechter de voogdij opdragen aan een voogdij-instelling (art. 1:254 resp. 1:302 BW). In beide situaties kan, wanneer dit noodzakelijk is in het belang van de verzorging en opvoeding van de minderjarige of tot onderzoek van diens geestelijke of lichamelijke gesteldheid, de kinderrechter de (gezins)voogdij-instelling machtigen de minderjarige uit huis te plaatsen (art. 1:261 resp. 1:305 BW). Voor plaatsing in een gesloten inrichting (een gesloten inrichting is in de praktijk steeds een justiti\u00c3\u00able jeugdinrichting) is een uitdrukkelijk daartoe strekkende machtiging van de kinderrechter nodig (art 1:261, derde lid, resp. 1:305, derde lid, BW). Criterium hierbij is of sprake is van ernstige gedragsproblemen. Deze maatregelen kunnen worden toegepast op de minderjarige dus ook ten aanzien van \u00c2\u00ab12-minners\u00c2\u00bb. De justiti\u00c3\u00able jeugdinrichtingen zijn volgens de Beginselenwet justiti\u00c3\u00able jeugdinrichtingen (artikelen 9 en 10) bestemd voor de opname van zowel jeugdigen die op strafrechtelijke titel moeten worden ingesloten als voor jeugdigen die op civielrechtelijke titel in een inrichting moeten worden geplaatst. Jeugdigen die op strafrechtelijke titel worden ingesloten in een justiti\u00c3\u00able jeugdinrichting zijn steeds 12 jaar of ouder, omdat daar de grens voor de toepassing van het strafrecht ligt. Een nadere grens voor de civielrechtelijk geplaatste jeugdigen is niet gesteld. Daarmee is het juridisch mogelijk dat een minderjarige van 10 jaar in een justiti\u00c3\u00able jeugdinrichting verblijft. In de periode januari tot 11 december 2001 zijn 10 kinderen van 10 en 11 jaar in een justiti\u00c3\u00able jeugdinrichting geplaatst , Het plaatsen van minderjarigen jonger dan 12 jaar in een justiti\u00c3\u00able jeugdinrichting is niet in strijd met het VN-Verdrag voor de Rechten van het Kind. Het verdrag rept niet over een leeftijdsgrens waaronder kinderen opgenomen mogen worden in een gesloten setting, noch over de samenplaatsing van jeugdigen die op strafrechtelijke titel of civielrechtelijke titel worden opgenomen. Nu de plaatsing wettelijk is geregeld en daaraan steeds een nadrukkelijke beslissing van de rechter ten grondslag ligt is voldoende zorgvuldig gehandeld. Voor een uitvoerige behandeling van de relatie tussen verdragsrechtelijke vereisten en de regels uit de Beginselenwet justiti\u00c3\u00able jeugdinrichtingen verwijs ik naar paragraaf 2c van de memorie van toelichting bij het toenmalige wetsvoorstel", "antwoord 2": "Naar het oordeel van de kinderrechter was de problematiek van de kinderen van dien aard dat plaatsing in een justiti\u00c3\u00able jeugdinrichting ge\u00c3\u00afndiceerd was en heeft hij een machtiging gesloten plaatsing verleend. Zoals bekend bestaan de justiti\u00c3\u00able jeugdinrichtingen met normale beveiliging (gesloten) uit opvanginrichtingen en behandelinrichtingen. In de justiti\u00c3\u00able jeugdinrichting krijgen de jeugdigen een behandeling gericht op de persoon van de jeugdige. Ik heb geen aanwijzingen dat het tekort aan plaatsen in de GGZ-sector de reden vormde voor plaatsing in een justiti\u00c3\u00able jeugdinrichting", "antwoord 3": "Artikel 52 van de Beginselenwet justiti\u00c3\u00able jeugdinrichtingen geeft aan dat de jeugdigen die in de inrichting verblijven verplicht zijn om onderwijs te volgen. In de justiti\u00c3\u00able jeugdinrichtingen wordt over het algemeen ZMOK-basisonderwijs gegeven. Kinderen die daarvoor geschikt zijn kunnen in aanmerking komen voor VSO-voortgezet onderwijs. Voor iedere jeugdige, dus ook voor de kinderen die jonger zijn dan 12 jaar, wordt bij binnenkomst in de inrichting een individueel scholingstraject opgesteld. De justiti\u00c3\u00able jeugdinrichtingen kunnen dus aan de onderhavige doelgroep onderwijs verschaffen. De hulpverlening die deze kinderen nodig hebben, verschilt in het algemeen niet van de hulpverlening aan kinderen die iets ouder zijn dan 12 jaar. Er is tijdens een verblijf van deze kinderen regelmatig contact tussen de inrichting en de verantwoordelijke gezinsvoogd over de gewenste hulpverlening. Zonodig wordt ook gespecialiseerde hulpverlening van buiten ingeroepen. ]"}