{"Bibliografische_omschrijving": "Vragen van het lid Cornielje (VVD) aan de ministers van Justitie, van Binnenlandse Zaken en Koninkrijksrelaties en van Verkeer en Waterstaat over het illegale gebruik als woon- en verblijfplaats van een terrein van Rijkswaterstaat door stadsnomaden in de gemeente Utrecht. (Ingezonden 20 augustus 2002); Mededeling", "Bestand": "14Kb", "Permalink": "\nhttp://www.geencommentaar.nl/parlando/index.php?action=doc&filename=KVR16231\n", "Inhoud": "Vragen over voorzieningen om een einde te maken aan de illegale bewoning van een terrein van Rijkswaterstaat in de gemeente Utrecht.", "Rubriek": "Strafrecht en strafprocesrecht (Misdrijven)", "Trefwoorden": "Huisvredebreuk Utrecht", "Vindplaats": "Kamervragen met antwoord 2001-2002, nr. 1637, Tweede Kamer", "Afkomstig van": "2010214230", "Indiener": "Justitie (JUS)", "Partij vertegenwoordiger": "<persoon partij=\"VVD\">Cornielje</persoon>", "Datum_reaktie": "\n", "Datum_indiening": "2002-09-09", "vraag 1": "Hebt u kennisgenomen van de vragen van de heer Albert van den Bosch, fractievoorzitter van de VVD-fractie in de gemeenteraad van Utrecht op 14 augusts jl. aan het College van Burgemeester en Wethouders van deze stad over de kwestie van de stadsnomaden? Zo ja, hebt u ook kennisgenomen van de antwoorden hierop van het College van B en W van 15 augustus jl.? ", "vraag 2": "Is het waar dat Rijkswaterstaat direct aangifte heeft gedaan van deze illegale bewoning bij de politie? Is het tevens waar dat de politie het Openbaar Ministerie heeft verzocht om direkt tot ontruiming over te (mogen) gaan? Zo ja, waarom heeft het OM dit verzoek op voorhand afgewezen en gesteld dat Rijkswaterstaat een procedure bij de rechtbank moest opstarten? Hoe beoordeelt u de handelwijze van het OM in deze? ", "vraag 3": "Is het waar dat de gemeente Utrecht een dwangsom heeft opgelegd aan Rijkswaterstaat in verband met het laten gebruiken (...) van het perceel door stadsnomaden terwijl dat volgens het vigerende bestemmingsplan niet is toegestaan? Zo ja, hoe beoordeelt u de handelwijze van de gemeente Utrecht in deze? ", "vraag 4": "Kunt u aangeven wat naar uw oordeel de beste aanpak is om illegale bewoning, tegen de wens van de eigenaar, zo snel mogelijk te be\u00c3\u00abindigen? ", "vraag 5": "Bent u bereid om een eenvoudige \u00e2\u20ac\u201c voor alle burgers van dit land te begrijpen \u00e2\u20ac\u201c voorziening te treffen zodat snel opgetreden kan worden tegen dit soort illegale praktijken? ", "antwoord 1": "[]"}