{"Bibliografische_omschrijving": "Vragen van de leden Koenders en Apostolou (beiden PvdA) aan de minister van Buitenlandse Zaken en de staatssecretaris van Economische Zaken over internationale leveranties aan Taiwan. (Ingezonden 5 december 2001); Antwoord", "Bestand": "14Kb", "Permalink": "\nhttp://www.geencommentaar.nl/parlando/index.php?action=doc&filename=KVR14835\n", "Inhoud": "Vragen naar aanleiding van mogelijke leveranties vanuit de Verenigde Staten naar Taiwan op het terrein van dieselgestuurde onderzeeboten.", "Rubriek": "Internationale betrekkingen (Overig) Veiligheidsbeleid en defensie (Marine) Veiligheidsbeleid en defensie (Militair materieel)", "Trefwoorden": "Onderzeeboten Taiwan", "Vindplaats": "Kamervragen met antwoord 2001-2002, nr. 444, Tweede Kamer", "Afkomstig van": "2010203230", "Indiener": "Buitenlandse Zaken (BUZA)", "Partij vertegenwoordiger": "<persoon partij=\"PvdA\">Koenders</persoon>", "Datum_reaktie": "\n", "Datum_indiening": "<persoon partij=\"PvdA\">Apostolou</persoon>", "vraag 1": "Welk type van leveranties zijn gedaan of overeengekomen vanuit de Verenigde Staten naar Taiwan op het terrein van dieselgestuurde onderzeeboten? ", "vraag 2": "Is daarbij gebruik gemaakt van (onderdelen van) technologie van de Moray-klasse en, zo ja, hoe is deze technologie verworven? ", "vraag 3": "Heeft in Nederland ontworpen technologie op de \u00c3\u00a9\u00c3\u00a9n of andere wijze een rol gespeeld bij internationale leveranties aan Taiwan en op welke wijze? ", "vraag 4": "Hoe beoordeelt u overigens de politieke omwenteling in Taiwan en de consequenties daarvan? ", "vraag 5": "Kunt u deze vragen beantwoorden v\u00c3\u00b3\u00c3\u00b3r het algemeen overleg over wapenexport van 12 december a.s.? ", "antwoord 1": "[De President van de Verenigde Staten heeft aan Taiwan leverantie van 8 conventionele onderzeeboten toegezegd. Het betreft hier een Amerikaanse aangelegenheid waarbij de Nederlandse regering op geen enkele wijze betrokken is. Voorzover het onderzeeboottechnologie betreft, heeft overdracht van Nederlandse technologie plaatsgehad die samenhing met de leverantie van twee onderzeeboten aan Taiwan in 1987 en 1988. Zoals in antwoord op uw vragen van 26 april jl. is gemeld bij gebruik van de Moray-technologie door derden instemming van de Nederlandse Staat vereist. Deze toestemming zal niet worden verleend voor gebruik ten behoeve van een eventuele Amerikaanse leverantie aan Taiwan", "antwoord 2": "De recente verkiezingen in Taiwan hebben inderdaad een overwinning te zien gegeven van de voorstanders van een staatsrechtelijk onafhankelijk Taiwan, en met name voor de regeringspartij DPP van president Chen Shuibian. Het is echter de vraag of dit in de praktijk zal leiden tot een grote verandering in de politieke verhouding tussen China en Taiwan. Het optreden van de DPP kenmerkte zich de laatste twee jaar door pragmatische pogingen tot toenadering en samenwerking met China, vooral op economisch vlak. De Kuo Min Tang en de People First Party, die beide voorstander zijn van hereniging, zij het op andere voorwaarden dan China, hebben samen bovendien nog steeds een nipte meerderheid in het parlement. Hoewel de besprekingen nog in volle gang zijn lijkt de kans groot dat de te vormen regeringscoalitie onder leiding van de DPP geen tegenstander zal zijn van hereniging met China. De economische verwevenheid van beide gebieden lijkt te ver voortgeschreden om een confrontationeel beleid voor \u00c3\u00a9\u00c3\u00a9n van beide partijen een aantrekkelijke optie te maken. ]"}