{"Bibliografische_omschrijving": "Vragen van het lid Hoekema (D66) aan de minister van Buitenlandse Zaken over de executie van John Calvin Werianggi. (Ingezonden 17 oktober 2001); Antwoord", "Bestand": "14Kb", "Permalink": "\nhttp://www.geencommentaar.nl/parlando/index.php?action=doc&filename=KVR14554\n", "Inhoud": "Vragen over John Calvin Werianggi, die in West Papua is gearresteerd en op dezelfde dag zonder enige vorm van proces ge\u00c3\u00abxecuteerd.", "Rubriek": "Internationale betrekkingen (Overig) Staats- en bestuursrecht (Grondrechten) Strafrecht en strafprocesrecht (Straffen)", "Trefwoorden": "Indonesi\u00c3\u00ab Mensenrechten Straffen", "Vindplaats": "Kamervragen met antwoord 2001-2002, nr. 214, Tweede Kamer", "Afkomstig van": "2010201180", "Indiener": "Buitenlandse Zaken (BUZA)", "Partij vertegenwoordiger": "<persoon partij=\"D66\">Hoekema</persoon>", "Datum_reaktie": "\n", "Datum_indiening": "2001-11-06", "vraag 1": "Bent u bekend met het feit dat John Calvin Werianggi in het district Manokwari in West Papua is gearresteerd en op dezelfde dag zonder enige vorm van proces is ge\u00c3\u00abxecuteerd? ", "vraag 2": "Hoe beoordeelt u het beleid van Indonesi\u00c3\u00ab met betrekking tot de interne veiligheid? ", "vraag 3": "Is over de dood van John Calvin Werianggi contact geweest met de Nederlandse ambassade in Jakarta? ", "vraag 4": "Bent u van mening dat er onderzoek naar de toedracht van de dood van de heer John Calvin Werianggi moet worden gedaan? Zo ja, is de Nederlandse regering bereid een initi\u00c3\u00abrende rol op zich te nemen om een onderzoek plaats te laten vinden? ", "antwoord 1": "[Ik ben bekend met berichten van nationale mensenrechtenorganisaties in Irian Jaya dat John Calvin Werianggi op 4 september 2001 in de haven van Windesi, gelegen in het district Manokwari, werd gearresteerd door de mobiele politie (Brimob). Later is zijn lichaam gevonden in de zee", "antwoord 2": "Nederland volgt het optreden van politie en leger tegenover de burgerbevolking in Irian Jaya nauwgezet en kritisch. Beide diensten lijken nog altijd moeite te hebben op een meer vreedzame wijze conflicten in de provincie aan te pakken. De mensenrechtensituatie in Irian Jaya is zorgwekkend en geweld lijkt een terugkerend fenomeen. Reeds verscheidene keren heeft Nederland de Indonesische overheid hierop aangesproken. Tijdens mijn recente bezoek aan Indonesi\u00c3\u00ab heb ik bij mijn gesprekspartners aangedrongen op beheerst optreden van leger en politie en oplossing van het conflict langs vreedzame weg, in dialoog met de lokale bevolking. Ook heb ik de Indonesische autoriteiten aangemoedigd prioriteit te geven aan de spoedige totstandkoming van een wet inzake speciale autonomie voor Irian Jaya. Deze wet is inmiddels op 22 oktober jl. door het parlement aangenomen en zal vanaf 1 januari 2002 van kracht worden. Bezien moet nu worden of de speciale autonomiestatus ook invloed heeft op het handelen van leger en politie. Nederland heeft met een bijdrage van ruim NLG 7 miljoen aan een UNHCR-programma voor hervorming van het politie-apparaat in o.a. Jayapura reeds een aanzet gegeven voor een beter functionerende politie, juist met het oog op voorkoming van mensenrechtenschendingen", "antwoord 3": "Ja. Een medewerker van de ambassade in Jakarta heeft op 19 oktober jl. gesproken met een delegatie van twee personen van het National Forum of Concern on Human Rights in West Papua. Zij brachten onder meer de verdwijning van Werianggi op en vroegen hiervoor aandacht van de Nederlandse regering. Ook kondigden zij aan verder onderzoek te zullen doen naar de dood van John Werianggi en een aantal moorden in Wasior", "antwoord 4": "Er wordt reeds onderzoek gedaan naar de toedracht van de dood van de heer Werianggi. Een aantal lokale mensenrechtenorganisaties in Irian Jaya is reeds een onderzoek gestart. Voorts zijn deze en andere zaken in Wasior en Manokwari aangekaart bij het nationale parlement, de nationale mensenrechtencommissie Komnas HAM en de politie. De Nederlandse regering dringt er in het algemeen bij voortduring op aan om onderzoek uit te voeren naar vermeende mensenrechtenschendingen teneinde straffeloosheid tegen te gaan. De Nederlandse ambassade onderneemt actie om de informatie van de lokale mensenrechtenorganisaties over de dood van John Werianggi te verifi\u00c3\u00abren. Op initiatief van Nederland zal naar verwachting op relatief korte termijn een missie van EU-ambassadeurs naar Irian Jaya afreizen. De mensenrechtensituatie in Irian Jaya zal bij deze missie hoog op de agenda staan. Nederland zal binnen de EU bepleiten dat ook deze zaak aan de orde wordt gesteld. ]"}