{"Bibliografische_omschrijving": "Vragen van de leden Noorman-den Uyl, Depla en Dijsselbloem (allen PvdA) aan staatssecretaris van Financi\u00c3\u00abn en de minister van Sociale Zaken en Werkgelegenheid over de gesplitste uitbetaling van de AOW- en ANW-uitkering. (Ingezonden 1 oktober 2001); Antwoord", "Bestand": "17Kb", "Permalink": "\nhttp://www.geencommentaar.nl/parlando/index.php?action=doc&filename=KVR14564\n", "Inhoud": "Vragen over de gevolgen voor een aantal mensen van de gesplitste uitbetaling van de AOW- en ANW-uitkering en het aanvullend pensioen van het ABP in september 2001.", "Rubriek": "Sociale zekerheid (Ouderdomsvoorzieningen en pensioenen (AOW)) Sociale zekerheid (Werkloosheidsvoorzieningen (WW, WWV))", "Trefwoorden": "AOW Pensioenen Weduwen- en wezenvoorzieningen", "Vindplaats": "Kamervragen met antwoord 2001-2002, nr. 221, Tweede Kamer", "Afkomstig van": "2010200480", "Indiener": "Financi\u00c3\u00abn (FIN)", "Partij vertegenwoordiger": "<persoon partij=\"PvdA\">Noorman-den Uyl</persoon>", "Datum_reaktie": "\n", "Datum_indiening": "<persoon partij=\"PvdA\">Depla</persoon>", "vraag 1": "Is het u bekend dat door de gesplitste uitbetaling van de AOW- en ANW-uitkering en het aanvullend pensioen van het ABP sommige mensen in september 2001 een lager netto inkomen hebben ontvangen dan bij de gezamenlijke uitbetaling in de maanden ervoor? ", "vraag 2": "Wat is hiervan de reden? Zou de reden kunnen zijn dat deze mensen door een verkeerde indeling in code loonheffing zowel bij de SVB als het ABP niet hun gehele heffingskorting direct kunnen ontvangen? ", "vraag 3": "Moeten al deze mensen nu een voorlopigeteruggaveformulier van de belastingen indienen of volgend jaar via het T-biljet alsnog dit bedrag terugvragen? Hoe worden deze mensen hierover ge\u00c3\u00afnformeerd? ", "vraag 4": "En wat gaat u doen om te voorkomen dat deze mensen allerlei handelingen moeten verrichten om het geld waar ze recht op hebben alsnog te ontvangen? ", "antwoord 1": "[Ja", "antwoord 2": "Dat sommige mensen door de gesplitste uitbetaling van de AOW- of Anw-uitkering en een aanvullend pensioen een lager netto maandinkomen hebben komt, in de mij bekende gevallen, doordat er sprake is van een niet-volledige (een zogeheten gekorte) AOW- of Anw-uitkering. In nagenoeg alle gevallen houdt de Sociale Verzekeringsbank (hierna: SVB) bij de inhouding op de AOW- of Anw-uitkering rekening met de loonheffingskorting. Het is afhankelijk van de hoogte van de uitkering of de Ioonheffingskorting volledig kan worden benut", "antwoord 3": "Als de uitkering niet hoog genoeg is (bijvoorbeeld vanwege een korting) en het aanvullend pensioen wel dan kan men verzoeken om de Ioonheffingskorting bij het pensioenfonds te benutten in plaats van bij de SVB, waarmee de inkomensdaling voorbij zal zijn. Wanneer dit zich voor doet, dan is een oplossing om zowel bij de SVB als bij het pensioenfonds \u00c3\u00a9\u00c3\u00a9nmalig een loonbelastingverklaring in te leveren. De wijziging van de loonheffingskorting kan zowel per de eerstvolgende uitbetaling als per 1 januari 2002 ingaan. Voor betrokkenen staan twee mogelijkheden open: Optie 1 De Ioonheffingskorting wordt met ingang van de eerstvolgende uitbetaling gewijzigd. Het niet benutte deel van de algemene heffingskorting kan na afloop van het jaar via een T-biljet worden teruggevraagd. Hierbij geldt een teruggaafgrens van f 26 ( 12). Optie 2 Tot en met december vindt er geen wijziging plaats. Met ingang van januari 2002 wordt de loonheffingskorting gewijzigd. Het niet benutte deel van de algemene heffingskorting kan na afloop van het jaar via een T-biljet worden teruggevraagd. Hierbij geldt een teruggaafgrens van f 26 ( 12). Het is in deze gevallen niet mogelijk om het niet benutte deel van de heffingskorting al in het lopende jaar via een voorlopige teruggaaf terug te krijgen. Deze mogelijkheid bestaat alleen voor de voorlopige teruggaaf algemene heffingskorting van de weinig of niet-verdienende partner. Betrokkenen zijn over de toepassing van de heffingskorting bij de SVB in september via een mailing van de SVB op de hoogte gesteld. Verder zal aandacht besteed worden aan de mogelijkheid om de toepassing van de heffingskorting te wijzigen en zal gewezen worden op de mogelijkheid een T-biljet over 2001 in te dienen. De communicatie hierover zal door de SVB en de Belastingdienst worden verzorgd. ]"}