{"Bibliografische_omschrijving": "Vragen van het lid Van der Staaij (SGP) aan de minister van Justitie over problemen tussen justitie en providers bij kinderporno-onderzoek. (Ingezonden 12 december 2001); Antwoord", "Bestand": "16Kb", "Permalink": "\nhttp://www.geencommentaar.nl/parlando/index.php?action=doc&filename=KVR14928\n", "Inhoud": "Vragen naar aanleiding van een bericht in Trouw van 7 december 2001 dat bij 2 recente internationale opsporingsoperaties ten aanzien van personen die digitale kinderporno hadden besteld, in Nederland arrestaties achterwege zijn gebleven doordat internetproviders geen medewerking verleenden.", "Rubriek": "Communicatie, media en informatievoorziening (Netwerken) Staats- en bestuursrecht (Privacy) Strafrecht en strafprocesrecht (Misdrijven) Strafrecht en strafprocesrecht (Opsporingsonderzoek) Welzijn (Jeugdigen)", "Trefwoorden": "Computernetwerken Kindermishandeling Opsporingen Pornografie Privacy", "Vindplaats": "Kamervragen met antwoord 2001-2002, nr. 511, Tweede Kamer", "Afkomstig van": "2010203510", "Indiener": "Justitie (JUS)", "Partij vertegenwoordiger": "<persoon partij=\"SGP\">Van der Staaij</persoon>", "Datum_reaktie": "\n", "Datum_indiening": "2002-01-18", "vraag 1": "Hebt u kennisgenomen van het bericht \u00c2\u00abVerdachten komen goed weg\u00c2\u00bb in Trouw van 7 december jl.? ", "vraag 2": "Is de constatering juist dat bij twee recente internationale opsporingsoperaties ten aanzien van personen die digitale kinderporno hadden besteld, in Nederland een aantal arrestaties achterwege zijn gebleven doordat internetproviders geen medewerking verleenden? Zo ja, wat is de omvang van het probleem en welke acties zijn reeds genomen dan wel worden in verband daarmee alsnog ingesteld? ", "vraag 3": "Is er een toereikende juridische grondslag voor het vorderen van gegevens van internetproviders in het kader van een strafrechtelijk onderzoek? Zijn er in dit verband ingrijpende verschillen met de regelgeving in andere landen die medewerking verleenden aan dergelijke opsporingsonderzoeken? ", "vraag 4": "In hoeverre stuit de medewerking van Nederlandse internetproviders op wettelijke regels ter bescherming van de privacy? ", "vraag 5": "Wat is uw oordeel over de stelling van de Nederlandse internetproviders dat een door hen gewenste vrijwaringsregeling nodeloos wordt opgehouden? Wanneer zal een dergelijke regeling tot stand zijn gebracht? ", "vraag 6": "Welke aanhangige en welke voorgenomen wetsvoorstellen hebben direct of indirect betrekking op het verstrekken van gegevens door interproviders aan politie en justitie? Hoe staat het met de voortgang daarvan? ", "antwoord 1": "[Ja", "antwoord 2": "Bij een tweetal recente internationale acties tegen kinderpornografie is het niet mogelijk gebleken tien mogelijke verdachten op te sporen omdat enkele internetproviders weigerden de voor nader onderzoek vereiste persoonsgegevens (zogenaamde NAW-gegevens) te verstrekken. Daar waar, naar analogie van reeds langer bestaande afspraken met telecomaanbieders omtrent het bevragen van identificerende gegevens, in voorkomende gevallen een zelfde verzoek wordt gedaan aan internet service providers, weigert een klein aantal providers hun medewerking bij het verstrekken van deze gegevens. Motivatie voor de weigering is een beroep op de wet Bescherming Persoonsgegevens en een verschil van interpretatie met betrekking tot de bevoegdheden van de officier van justitie ingevolge het wetboek van Strafvordering. Zeer recent heeft het openbaar ministerie aangeboden een overleg met deze providers te organiseren teneinde uit deze impasse te komen", "antwoord 3": "Het opvragen van de gegevens waar het hier om gaat \u00e2\u20ac\u201c zogenaamde NAW \u00e2\u20ac\u201c gegevens (naam, adres, woonplaats en andere identificerende gegevens) geschiedt op basis van vrijwilligheid op grond van artikel 43 van de Wet bescherming Persoonsgegevens (WBP). Artikel 43 biedt de mogelijkheid een uitzondering te maken op het beginsel van het verenigbaar gebruik van artikel 9 WBP. Dit houdt in dat gegevens verwerkt kunnen worden in afwijking van het oorspronkelijke doel waarvoor de gegevens zijn vergaard. Voor zover dit noodzakelijk is ter voorkoming, opsporing en vervolging van strafbare feiten kan een uitzondering worden gemaakt op het beginsel van het verenigbaar gebruik. Artikel 43 WBP sluit aan bij het oude artikel 11, tweede lid van de wet Persoonsregistraties (WPR); niet beoogd is met artikel 43 WBP een inhoudelijke wijziging aan te brengen ten opzichte van het (oude) artikel 11, tweede lid, WPR. Dit betekent dat de verantwoordelijke voor de gegevens een afweging dient te maken of in het concrete geval een uitzondering gemaakt kan worden op het beginsel van verenigbaar gebruik. De verantwoordelijke dient daarbij de belangen van de geregistreerde en de opsporingsbelangen tegen elkaar af te wegen. In deze belangenafweging spelen de beginselen van proportionaliteit en subsidiariteit een centrale rol: de inbreuk op de belangen van de bij de verwerking van persoonsgegevens betrokkene mag niet onevenredig zijn in verhouding tot het met het verwerken te dienen doel en het doel waarvoor de persoonsgegevens worden verwerkt, dient in redelijkheid niet op andere voor de bij de verwerking van persoonsgegevens betrokkene minder nadelige wijze te kunnen worden verwerkelijkt. In de praktijk betekent dit dat de internet service provider een afweging dient te maken of in het kader van een strafrechtelijk onderzoek NAW gegevens verstrekt kunnen worden. Deze afweging is niet altijd eenvoudig te maken. De internet service provider kan niet altijd inschatten hoe belangrijk de gegevens voor de opsporing zijn. Indien achteraf blijkt dat de gegevens ten onrechte zijn verstrekt is hij bovendien aansprakelijk, indien de persoon over wie gegevens zijn verstrekt daardoor schade heeft geleden. Ook de commissie Strafvorderlijke gegevensvergaring in de informatiemaatschappij (naar haar voorzitter ook wel de commissie Mevis) heeft in haar rapport geconstateerd dat zich bij gegevensvergaring op basis van vrijwilligheid diverse knelpunten voordoen. De commissie is dan ook van oordeel dat voor strafvorderlijk onderzoek niet uitsluitend kan worden vertrouwd op vrijwillige medewerking van derden. De te onderscheiden belangen wordt daarmee onvoldoende recht gedaan en er bestaat onhelderheid over de vraag in welke gevallen welke gegevens gevraagd en verstrekt moeten worden. Dat de grondslag in de WBP voor de opsporingspraktijk tot problemen kan leiden, toont ook de onderhavige casus aan. De meerderheid van de internetproviders verschaft in een geval als het onderhavige (kinderpornografie) de gevraagde identificerende gegevens. Er is echter een zeer klein aantal providers dat weigert met een beroep op het recht op bescherming van de persoonlijke levenssfeer om gegevens te verstrekken. Mij is niet gebleken dat zich bij andere betrokken landen, waaronder de Verenigde Staten, Duitsland, Itali\u00c3\u00ab en het Verenigd Koninkrijk, dergelijke problemen hebben voorgedaan. De wetgeving van Duitsland en het Verenigd Koninkrijk kennen plichten tot het verstrekken van gegevens, waaronder NAW- en nummergegevens, ten behoeve van de opsporing van strafbare feiten. Overigens laat de regeling van bevoegdheden door de verschillen in rechtssystemen tussen de diverse landen zich moeilijk vergelijken. De hiervoor beschreven problematiek is reden geweest om te komen tot een wettelijke regeling van een bevoegdheid voor opsporingsambtenaren tot het vorderen van gebruikersgegevens (NAW- en nummergegevens) van de aanbieders van openbare telecommunicatienetwerken en -diensten. Een daartoe strekkend wetsvoorstel (vorderen gegevens telecommunicatie) is op 24 oktober 2001 ingediend bij de Kamer ", "antwoord 4": "Het openbaar ministerie heeft aan de Branchevereniging Nederlandse Internet Providers (NLIP) een voorstel gedaan voor te gebruiken standaardformulieren ten behoeve van het bevragen van identificerende gegevens. In die formulieren was een vrijwaringsregeling voor de internet providers opgenomen. De NLIP heeft haar leden ontraden aan de door het openbaar ministerie voorgestelde procedure mee te werken. De indruk die door de NLIP wordt gewekt dat vanuit justitie een vrijwaringsregeling nodeloos wordt opgehouden, is derhalve onjuist. ]"}