{"Bibliografische_omschrijving": "Vragen van het lid Wilders (VVD) aan de staatssecretaris van Sociale Zaken en Werkgelegenheid, dhr. Hoogervorst, over de doorrekening van een extra WAO-variant door het CPB. (Ingezonden 23 januari 2002); Antwoord", "Bestand": "13Kb", "Permalink": "\nhttp://www.geencommentaar.nl/parlando/index.php?action=doc&filename=KVR15077\n", "Inhoud": "Sociale zekerheid (Arbeidsongeschiktheidsvoorzieningen (Ziektewet, WAO, AAW, IOAW, IOAZ))", "Rubriek": "WAO", "Trefwoorden": "Kamervragen met antwoord 2001-2002, nr. 638, Tweede Kamer", "Vindplaats": "2010204870", "Afkomstig van": "Sociale Zaken en Werkgelegenheid (SZW)", "Indiener": "<persoon partij=\"VVD\">Wilders</persoon>", "Partij vertegenwoordiger": "\n", "Datum_reaktie": "2002-02-13", "Datum_indiening": "2002-01-23", "vraag 1": "Bent u bereid te bevorderen dat het Centraal Planbureau bij zijn berekeningen over het \u00c2\u00abonderhandelingsakkoord\u00c2\u00bb uit een SER-commissie over de WAO van vrijdag 18 januari jl., ook de volume- en financi\u00c3\u00able effecten doorrekent van een variant identiek aan die van dit akkoord maar dan zonder de overeengekomen uitkeringsverhoging voor duurzaam volledig arbeidsongeschikten en zonder de afschaffing van de premiedifferentiatie en marktwerking bij arbeidsongeschiktheidsverzekeringen (Pemba)? ", "antwoord 1": "[Het verzoek van de g.a. met de daarin vermelde variant is aan het CPB overhandigd. Het CPB zal naar vermogen dit verzoek meenemen in de beoordeling van de SER-voorstellen. ]"}