{"Bibliografische_omschrijving": "Vragen van de leden Van Blerck-Woerdman en De Vries (beiden VVD) aan de minister van Volksgezondheid, Welzijn en Sport over vaccinatie tegen pneumokokken. (Ingezonden 28 maart 2002); Antwoord", "Bestand": "19Kb", "Permalink": "\nhttp://www.geencommentaar.nl/parlando/index.php?action=doc&filename=KVR15571\n", "Inhoud": "Vragen over het door minister Borst (VWS) afgewezen advies van de Gezondheidsraad inzake pneumokokkenvaccinatie, de kosten van het huidige vaccinatieprogramma tegen meningitis C en de prijs van een vaccin tegen pneumokokken. Deze vragen dienen ter aanvulling op eerdere vragen terzake van Tweede-Kamerleden Buijs en Jonker, ingezonden 22 maart 2002, 201020828.", "Rubriek": "Gezondheidszorg (Ziekten en ziektepreventie) Welzijn (Jeugdigen)", "Trefwoorden": "Inentingen Jeugdigen Preventieve gezondheidszorg", "Vindplaats": "Kamervragen met antwoord 2001-2002, nr. 1066, Tweede Kamer", "Afkomstig van": "2010208510", "Indiener": "Volksgezondheid, Welzijn en Sport (VWS)", "Partij vertegenwoordiger": "<persoon partij=\"VVD\">Van Blerck-Woerdman</persoon>", "Datum_reaktie": "\n", "Datum_indiening": "<persoon partij=\"VVD\">De Vries</persoon>", "vraag 1": "Kunt u uitleggen hoe realistisch uw logistieke scenario\u00e2\u20ac\u2122s inzake algehele vaccinatie tegen meningokokken en pneumokokken zijn, gezien de grote groepen kinderen in de verschillende leeftijdscategorie\u00c3\u00abn, die alleen al tijdens de zomer(school)vakanties inge\u00c3\u00abnt moeten gaan worden? ", "vraag 2": "Welke medisch-wetenschappelijke redenen heeft u om het uitdrukkelijke advies van de Gezondheidraad inzake de pneumokokkenvaccinatie niet op te volgen, waardoor jonge kinderen verstoken blijven van bescherming tegen een gevaarlijke vorm van meningitis? ", "vraag 3": "Beseft u dat u met het afwijzen van het advies van de Gezondheidsraad ervoor zorgt dat slechts beperkte bescherming aan kinderen via het Rijks Vaccinatie Programma (RVP) in de komende jaren wordt geboden, gelet op het feit dat pneumokokken 30% van de meningitisgevallen veroorzaakt, met ernstiger restverschijnselen voor de kinderen die het overleven? ", "vraag 4": "Heeft u in de aanloop van uw besluit gelegenheid gehad of genomen te kiezen voor de volledige uitvoering van het advies van de Gezondheidsraad, dus vaccinatie tegen meningitis C en pneumokokken, tegen een redelijke prijs, althans de prijs die nu het programma tegen meningitis C gaat kosten? Heeft u de gelegenheid te baat genomen? Zo nee, waarom niet? ", "vraag 5": "Kunt u aangeven op basis van welke prijs van een dergelijk vaccin tegen pneumokokken het niet kosteneffectief lijkt te zijn, en op basis van welke prijs een dergelijk vaccin wel kosteneffectief is? ", "vraag 6": "Deelt u de mening van de Gezondheidsraad dat kinderen tegen de pneumokokken(infecties) breedschalig en landelijk beschermd moeten worden, in aanmerking genomen dat pneumokokken de belangrijkste veroorzaker is van meningitis in de afgelopen maanden (pneumokokken-meningitis: 31,8%, meningitis B: 27,2%, meningitis C: 25,4%, alle leeftijden, januari en februari 2002, cijfers van het Ned. Referentie Laboratorium voor (bacteri\u00c3\u00able) Meningitis)? ", "vraag 7": "Wat adviseert u ouders die toch hun kind(eren) nu al willen beschermen tegen pneumokokkeninfecties te doen? Gaat u parallel aan de landelijke campagne tegen meningitis C het publiek ook correct voorlichten over de pneumokokkeninfecties? ", "antwoord 1": "[GGD Nederland (GGDNL) heeft op mijn verzoek een voorstel gemaakt ten behoeve van de uitvoering van de landelijke vaccinatiecampagne tegen de meningokokken C-bacterie. Volgens GGD Nederland is het mogelijk om de kinderen in de leeftijdsgroepen 14 maanden tot en met 5 jaar en 15 tot en met 18 jaar nog voor de zomervakantie te vaccineren, startend in juni en rekening houdend met de vakantiespreiding. De kinderen in de leeftijd van 6 tot en met 14 jaar zullen vanaf september (dus na de zomervakantie) zo snel mogelijk gevaccineerd worden. Dit scenario is gebaseerd op de mogelijkheden van GGDNL en de beschikbaarheid van vaccins. De keuze van leeftijdsgroepen en de volgorde van vaccineren zijn bepaald door de epidemiologische gegevens waaruit blijkt welke groepen kinderen het grootste risico lopen ziek te worden door de meningokokbacterie type C. De landelijke campagne betreft dus alleen meningokokken C en geen pneumokokken", "antwoord 2": "Ik neem in mijn standpunt het advies van de Gezondheidsraad over. Ik ben van mening dat de pneumokokkenvaccinatie moet worden ingevoerd in het RVP. Echter, de Gezondheidsraad geeft in haar advies aan dat de kosten van de pneumokokkenvaccinatie hoog zijn in vergelijking met andere preventieprogramma\u00e2\u20ac\u2122s. Dat ben ik met de Gezondheidsraad eens. Zodra de pneumokokkenvaccinatie kosteneffectief kan worden ingevoerd, zal deze vaccinatie in het RVP worden opgenomen. Ook in andere Europese landen is besloten om de pneumokokkenvaccinatie nog niet in te voeren gezien de extreem hoge kosten die hieraan zijn verbonden. Vooralsnog moeten de gevolgen dus bestreden worden met tijdige herkenning en behandeling", "antwoord 3": "Ik ben mij bewust van het feit dat de pneumokokbacterie ernstige ziekten kan veroorzaken. Ik wijs daarom het advies van de Gezondheidsraad niet af. Zie ook de beantwoording van vraag 2", "antwoord 4": "Ik ben niet in de mogelijkheid geweest beide vaccinaties in te voeren, onder de randvoorwaarde dat het pneumokokken-vaccin tegen een kosteneffectieve prijs beschikbaar wordt gesteld", "antwoord 5": "Kosteneffectiviteit hangt niet alleen maar af van de prijs van het vaccin, maar ook van de werking er van. Het huidige pneumokokkenvaccin biedt bescherming tegen 7 verschillende varianten (serotypes) van deze bacterie. In de toekomst zullen, naar verwachting, vaccins beschikbaar komen die tegen meer varianten bescherming bieden. Mogelijk verbetert hierdoor de kosteneffectiviteit van het vaccin. Dat betekent dus ook dat door te vaccineren tegen de pneumokokken er geen volledige bescherming geboden kan worden tegen alle varianten. De kosteneffectiviteit wordt uitgedrukt in Qaly\u00e2\u20ac\u2122s (Quality Adjusted Life Years). De kosteneffectiviteit van de pneumokokkenvaccinatie per Qaly bedraagt volgens de Gezondheidsraad, bij een vaccinprijs van 40, ongeveer 88 500,-. Ter vergelijking; de Gezondheidsraad berekende voor de landelijke meningokokken C vaccinatiecampagne circa 11 800,- per Qaly en de vaccinatie in het RVP op 14 maanden ongeveer 2132,- per Qaly. Algemeen wordt per Qaly een maat aangehouden van ongeveer 18 000,- voor een primair preventie programma zoals een vaccinatie in het RVP. Dit is echter geen vaststaande waarde. De kosten per Qaly van de pneumokokken vaccinatie ligt echter ruim vier keer hoger dan wat nu als kosteneffectief wordt beschouwd. Ook als de vaccinprijs in een mathematisch model gelijkgesteld wordt aan die van de meningokokken C-vaccinatie (in dit model 15,88) bedraagt de kosten effectiviteit ongeveer 30 800 per Qaly", "antwoord 6": "Ja, zie hiervoor vraag 2", "antwoord 7": "Indien ouders op eigen initiatief hun kinderen vaccineren tegen de pneumokokken bacterie is dat hun eigen verantwoordelijkheid en bestaat daar geen bezwaar tegen. De voorlichting over de pneumokokkenbacterie wil ik niet koppelen aan de voorlichting over de landelijke vaccinatiecampagne meningokokken C. Wel wil ik huisartsen beter van informatie voorzien over de veroorzakers en symptomen van meningitis en sepsis. Ik heb begrepen dat bij deze beroepsgroep behoefte bestaat aan meer informatie over meningitis en sepsis. ]"}