{"Bibliografische_omschrijving": "Vragen van het lid Koenders (PvdA) aan de staatssecretaris van Economische Zaken over het Global Reporting Initiative (GRI). (Ingezonden 14 november 2001); Antwoord", "Bestand": "14Kb", "Permalink": "\nhttp://www.geencommentaar.nl/parlando/index.php?action=doc&filename=KVR14741\n", "Inhoud": "Vragen over de mogelijkheid van Nederland als vestigingsplaats voor het GRI, een initiatief van onder andere de United Nations Environment Programme (UNEP) dat de ontwikkeling van rapportage over maatschappelijk verantwoord ondernemen moet bevorderen.", "Rubriek": "Bedrijfsleven en industrie (Ondernemingen) Handel en economie (Internationale handel) Internationale betrekkingen (Verenigde Naties)", "Trefwoorden": "Ethiek Internationale handel Ondernemers Ondernemingen VN", "Vindplaats": "Kamervragen met antwoord 2001-2002, nr. 368, Tweede Kamer", "Afkomstig van": "2010202330", "Indiener": "Economische Zaken (EZ)", "Partij vertegenwoordiger": "<persoon partij=\"PvdA\">Koenders</persoon>", "Datum_reaktie": "\n", "Datum_indiening": "2001-12-10", "vraag 1": "Bent u op de hoogte van het feit dat het Global Reporting Initiative (GRI) \u00e2\u20ac\u201c een initiatief van onder andere de United Nations Environment Programme dat de ontwikkeling van rapportage over maatschappelijk verantwoord ondernemen moet bevorderen \u00e2\u20ac\u201c een gastland zoekt voor een permanent secretariaat? ", "vraag 2": "Acht u het van belang dat het rapporteren over aspecten van maatschappelijk verantwoord ondernemen ook op mondiaal niveau wordt gestimuleerd? Zo ja, kunt u dan toelichten hoe u daar invulling aan geeft of wilt geven? Zo nee, waarom niet? ", "vraag 3": "Acht u het GRI een belangrijk initiatief ter bevordering van de transparantie rond maatschappelijk verantwoord ondernemen? Zo ja, wilt u dit initiatief concreet steunen en op welke wijze? Zo nee, waarom niet? ", "vraag 4": "Deelt u de mening dat Nederland een uitstekende vestigingsplaats voor het permanent secretariaat van het GRI is? Zo ja, waarom? Zo nee, waarom niet? ", "vraag 5": "Deelt u de mening dat Nederland zich stevig moet inspannen om de vestiging van het secretariaat in ons land te bewerkstelligen? Zo ja, wat onderneemt u daarvoor? Zo nee, waarom niet? ", "antwoord 1": "[Ik ontving in juli van dit jaar een brief van de directeur van het United Nations Environment Programme (UNEP) waarin mij werd gevraagd om financi\u00c3\u00able ondersteuning van een mogelijke vestiging van het permanente secretariaat van het Global Reporting Initiative in Nederland", "antwoord 2": "Zoals bekend heb ik aan de Raad voor de Jaarverslaggeving advies gevraagd omtrent verslaglegging door bedrijven over de maatschappelijke aspecten van hun activiteiten. Ik heb in deze aanvraag nadrukkelijk aandacht gevraagd voor bestaande initiatieven, en in het bijzonder voor het GRI. Ook in de dialoog met de Europese Commissie over het Groenboek inzake Maatschappelijk Verantwoord Ondernemen is aandacht gevraagd voor het GRI", "antwoord 3": "Uit het bovenstaande moge blijken dat de Nederlandse overheid het GRI een waardevol initiatief acht. Het is ook bedoeld als een signaal naar het Nederlandse bedrijfsleven om kennis te nemen van de aanbevelingen van het GRI", "antwoord 4": "Nederland is voor het GRI om een aantal redenen een aantrekkelijke vestigingsplaats. Ten eerste heeft het thema maatschappelijk verantwoord ondernemen in Nederland veel belangstelling, zowel bij het bedrijfsleven als bij de overheid en bij maatschappelijke groeperingen. Ten tweede is het Nederlandse bedrijfsleven, mede dankzij de aanwezigheid van grote buitenlandse firma\u00e2\u20ac\u2122s, bij uitstek internationaal geori\u00c3\u00abnteerd. Ten derde is ook bij Nederlandse universiteiten en wetenschappelijke instellingen veel onderzoek gaande naar het verduidelijken van criteria om het maatschappelijk presteren van bedrijven te meten", "antwoord 5": "Momenteel wordt gewerkt aan een aanbod aan het GRI om vestiging in Nederland aantrekkelijk te maken. Hierbij zijn een aantal ministeries betrokken, alsmede een aantal gemeenten. Ik ben overigens van mening dat het GRI op termijn niet van overheidsfinanciering afhankelijk mag zijn. Het GRI ontleent zijn bestaansrecht aan het ontwikkelen van breed gedragen en praktisch toepasbare richtlijnen voor verslaglegging door bedrijven. Vanuit die optiek moet de financiering van het GRI dan ook primair vanuit het bedrijfsleven worden verzekerd. ]"}