{"Bibliografische_omschrijving": "Vragen van de leden M. B. Vos en Van Gent (beiden GroenLinks) aan de ministers van Volkshuisvesting, Ruimtelijke Ordening en Milieubeheer en van Landbouw, Natuurbeheer en Visserij over uitbreiding van veehouderijen in Reconstructiegebieden. (Ingezonden 11 april 2002); Antwoord", "Bestand": "16Kb", "Permalink": "\nhttp://www.geencommentaar.nl/parlando/index.php?action=doc&filename=KVR16019\n", "Inhoud": "Vragen over (ongewenste) gevallen van uitbreiding van intensieve veehouderijen in gebieden die zijn aangewezen als reconstructiegebied.", "Rubriek": "Ruimtelijke ordening en infrastructuur (Bestemmingsplannen) Veeteelt (Intensieve veehouderij)", "Trefwoorden": "Bestemmingsplannen Intensieve veehouderij", "Vindplaats": "Kamervragen met antwoord 2001-2002, nr. 1455, Tweede Kamer", "Afkomstig van": "2010209110", "Indiener": "Volkshuisvesting, Ruimtelijke Ordening en Milieubeheer (VROM)", "Partij vertegenwoordiger": "<persoon partij=\"GroenLinks\">M. B. Vos</persoon>", "Datum_reaktie": "\n", "Datum_indiening": "<persoon partij=\"GroenLinks\">Van Gent</persoon>", "vraag 1": "Is het u bekend, dat in meerdere gemeentes in Noord-Brabant nog steeds uitbreiding van intensieve veehouderijen plaatsvindt, terwijl deze bedrijven hoogstwaarschijnlijk in het kader van de reconstructie zullen worden verplaatst (o.a. in de gemeente Mill)? ", "vraag 2": "Doet deze situatie zich ook in andere reconstructieprovincies voor? Zo ja, waar en in welke gevallen? ", "vraag 3": "Heeft u zicht op de ruimte die gemeentelijke bestemmingsplannen bieden voor uitbreiding en nieuwvestiging in gebieden die waarschijnlijk tot verwevings- of extensiveringsgebied worden aangewezen? In hoeveel gemeentes komt deze situatie voor? ", "vraag 4": "Deelt u de mening dat uitbreiding en nieuwvestiging in gebieden, waar de intensieve landbouw juist zal moeten verdwijnen of verminderen, in strijd zijn met de intentie van de Reconstructiewet? Zo nee, waarom niet? ", "vraag 5": "Wat zal er volgens u, op het moment dat de daadwerkelijke uitvoering van de Reconstructieplannen start, gebeuren met bedrijven die heden uitbreiden of zich nieuw vestigen in een reconstructiegebied? Vindt u het te verdedigen dat, bij inwerkingtreding van de Reconstructiewet, opstallen van \u00c3\u00a9\u00c3\u00a9n \u00c3\u00a0 twee jaar oud mogelijk gesloopt zullen moeten worden? ", "vraag 6": "Welke mogelijkheden ziet u om de nieuwvestiging en uitbreiding van bedrijven in bedoelde gebieden een halt toe te roepen? Ziet u bijvoorbeeld kans om via het aanwijzingsinstrument gemeentes te verplichten een voorbereidingsbesluit te nemen waarmee de bebouwingsruimte in de bestemmingsplannen wordt gedicht? ", "vraag 7": "Welke juridische en financi\u00c3\u00able gevolgen zijn er mogelijk verbonden aan een door de minister opgelegde wijziging van bestemmingsplannen, zoals bedoeld bij de vorige vraag? Hoe verhouden deze kosten, die mogelijk heden gemaakt moeten worden, zich tot de verwachte kosten van de uitkoop van \u00e2\u20ac\u201c tegen de intentie van de Reconstructiewet gerealiseerde \u00e2\u20ac\u201c opstallen in de reconstructiegebieden in volgende jaren? ", "antwoord 1": "[Het is mij bekend dat er nog steeds uitbreiding van intensieve veehouderijbedrijven plaatsvindt. Vigerende bestemmingsplannen bieden hier helaas nog ruimte voor. De noodzaak tot eventuele verplaatsing van deze bedrijven zal blijken wanneer de reconstructieplannen gereed zijn", "antwoord 2": "Deze situatie kan zich ook voordoen in andere reconstructieprovincies. Het is voor mij nog niet mogelijk aan te geven waar en welke gevallen het betreft, omdat nu nog niet exact bekend is waar de varkensvrije zones en extensiveringsgebieden ingevolge de reconstructiewet komen te liggen", "antwoord 3": "Neen. Naarmate het provinciaal beleid van recentere datum is, in overeenstemming met het nationaal beleid terzake, is er minder ruimte voor uitbreiding en nieuwvestiging van intensieve veehouderij in kwetsbare gebieden. Zo heeft het provinciaal bestuur van Noord-Brabant reeds in 2000 een parti\u00c3\u00able streekplanherziening vastgesteld, waardoor uitbreiding en nieuwvestiging van intensieve veehouderij niet is toegestaan wanneer niet zeker is dat deze niet op gespannen voet staat met de toekomstige integrale zonering inzake de reconstructie. Deze beleidslijn is van toepassing wanneer een gemeente in afwijking van haar bestemmingsplan en anticiperend op een nieuw bestemmingsplan een bouwaanvraag wil honoreren en is van toepassing wanneer een ontwerp bestemmingsplan ter goedkeuring aan de provincie wordt voorgelegd. Ook in brieven aan de gemeenten heeft deze provincie gewezen op de noodzaak te anticiperen op het reconstructieproces", "antwoord 4": "Ja", "antwoord 5": "Wat er moet gebeuren met deze bedrijven is afhankelijk van de uiteindelijke situering (binnen een landbouwontwikkelingsgebied, verwevingsgebied, extensiveringsgebied of varkensvrije zone) van het betreffende bedrijf in het reconstructiegebied. Wanneer de varkensvrije zones eenmaal zijn vastgesteld moeten de hierin gelegen bedrijven worden verplaatst en/of be\u00c3\u00abindigd. Uitbreiding van intensieve veehouderijen is niet toegestaan binnen de extensiveringsgebieden. Het moment van be\u00c3\u00abindiging of uitplaatsing zal mede afhangen van aspecten als afschrijvingen, investeringsritme en opvolgingssituatie binnen het betreffende bedrijf. Gezien de kosteneffectiviteit van maatregelen ligt het niet voor de hand om bedrijven waar recent uitbreiding of nieuwvestiging heeft plaatsgevonden met prioriteit uit te plaatsen", "antwoord 6": "Voor zover het gaat om ontwikkelingen die strijdig zijn met het nationaal ruimtelijk beleid heb ik de mogelijkheid het aanwijzingsinstrument te gebruiken. Dit kan bijvoorbeeld aan de orde zijn bij ontwikkelingen die strijdig zijn met planologisch beleid inzake de Ecologische Hoofdstructuur. Het rijk bepaalt niet waar de varkensvrije zones, extensiveringsgebieden verwevingsgebieden en landbouwontwikkelingsgebieden komen te liggen. Binnen het reconstructieproces is afgesproken dat de provincies de regierol terzake vervullen. Zij stellen in de reconstructieplannen vast waar dergelijke gebieden liggen. Het rijk toetst of dit in lijn is met het rijksbeleid. Wanneer gemeenten al vrijwel zeker zijn van de ligging van de varkensvrije zones en de extensiveringsgebieden kunnen zij voor die gebieden een voorbereidingsbesluit nemen, zodat ongewenste uitbreiding en nieuwvestiging van intensieve veehouderijen kan worden tegengegaan. Mede namens de minister van LNV zal ik bij de reconstructiegemeenten aandringen op het nemen van voorbereidingsbesluiten. Ik zal tevens duidelijk maken dat bij de inzet van financi\u00c3\u00able middelen geen prioriteit zal worden gegeven aan ongewenste ontwikkelingen die recent hebben plaatsgevonden. Verder zal ik de problematiek nadrukkelijk aan de orde stellen tijdens het reguliere overleg dat met provincies en gemeenten in het kader van de reconstructie plaatsvindt", "antwoord 7": "De eventuele juridische en financi\u00c3\u00able gevolgen van een aanwijzing zijn niet in te schatten, omdat thans nog onbekend is om hoeveel bedrijven het gaat. Ik kan dus ook niet aangeven in welke verhouding die staan tot de verwachte kosten van eventuele uitkoop van opstallen. ]"}