{"Bibliografische_omschrijving": "Vragen van de leden Atsma en Rietkerk (beiden CDA) aan de staatssecretaris van Volksgezondheid, Welzijn en Sport en de minister van Binnenlandse Zaken en Koninkrijksrelaties over de toekomst van de Elfstedentocht. (Ingezonden 12 december 2001); Antwoord", "Bestand": "15Kb", "Permalink": "\nhttp://www.geencommentaar.nl/parlando/index.php?action=doc&filename=KVR14803\n", "Inhoud": "Gevraagd wordt onder meer of het waar is dat de minister van Binnenlandse Zaken en Koninkrijksrelaties van mening is dat tijdens de Eurowisselweken geen Elfstedentocht georganiseerd kan worden. Deze vragen dienen ter aanvulling op eerdere vragen hierover van de leden Terpstra, Rijpstra en Nicola\u00c3\u0192\u00c2\u00af, ingezonden 12 december 2001 (Aanhangsel van de Handelingen II, 2001-2002, 418).", "Rubriek": "Criminaliteit en openbare orde (Politie) Vrijetijdsbesteding (Sport)", "Trefwoorden": "Politie Sport", "Vindplaats": "Kamervragen met antwoord 2001-2002, nr. 419, Tweede Kamer", "Afkomstig van": "2010203540", "Indiener": "Volksgezondheid, Welzijn en Sport (VWS) Binnenlandse Zaken en Koninkrijksrelaties (BZK)", "Partij vertegenwoordiger": "<persoon partij=\"CDA\">Atsma</persoon>", "Datum_reaktie": "\n", "Datum_indiening": "<persoon partij=\"CDA\">Rietkerk</persoon>", "vraag 1": "Is het waar dat de minister van Binnenlandse Zaken en Koninkrijksrelaties van mening is dat gedurende de Eurowisselweken geen evenementen zoals de Elfstedentocht in Frysl\u00c3\u00a2n kunnen worden georganiseerd? ", "vraag 2": "Wat zijn de argumenten om evenementen als de Elfstedentocht niet te organiseren tijdens de Eurowisselweken? ", "vraag 3": "Welke evenementen heeft u nog meer voor ogen? ", "vraag 4": "Deelt u de mening dat een mogelijke Elfstedentocht door moet gaan, zo nodig met een overwerkbonus voor de politie, zoals die ook werd gegeven tijdens het EK 2000? ", "vraag 5": "Is in samenspraak met de minister van Defensie gezocht naar alternatieve ondersteuning om de organisatie van bovengenoemde evenementen mogelijk te maken? ", "vraag 6": "Op welke wijze is overleg gevoerd met de commissaris(sen) van de Koningin en de korpsbeheerder(s) over de problematiek tijdens de Eurowisselweken? ", "vraag 7": "Deelt u de mening dat de Elfstedentocht, wegens de grote sportieve, cultuurhistorische en pr-waarde door moet gaan als het bestuur van de vereniging De Friesche Elfsteden zulks ijs en weder dienende verantwoord en haalbaar acht? Bent u bereid daaraan mee te werken? ", "antwoord 1": "[Nee", "antwoord 2": "De invoering van de Euro leidt tot een grote extra inspanning voor de politiekorpsen. Daarnaast vragen ook het Koninklijk huwelijk en de dreiging van terreur, zeker in geval van een toename van de dreiging, de nodige politie-inzet. Dit betekent het stellen van prioriteiten waarbij de handhaving van de openbare orde en veiligheid van doorslaggevend belang is", "antwoord 3": "Er zijn mij thans geen evenementen bekend waarbij een dergelijke overweging een rol zou kunnen spelen", "antwoord 4": "Zoals bij vraag 2 is aangegeven is beschikbaarheid van voldoende personeel ten behoeve van de openbare orde en veiligheid van doorslaggevend belang bij de afweging of een evenement als de Elfstedentocht doorgang kan vinden. Deze is \u00e2\u20ac\u201c zoals bij vraag 2 aangegeven \u00e2\u20ac\u201c afhankelijk van de verschillende situaties. Het geven van een overwerkbonus speelt hierbij in beginsel geen rol", "antwoord 5": "Het handhaven van de openbare orde en veiligheid is een taak van de Nederlandse politie; politiefunctionarissen zijn hiervoor toegerust en opgeleid. Dit geldt niet op voorhand voor militairen. Op dit moment staat echter niet vast dat er voor alle mogelijke evenementen in januari en de eerste dagen van februari voldoende politiecapaciteit beschikbaar zal zijn. Mocht dit niet het geval zijn dan zal uiteraard bekeken worden in hoeverre en op welke wijze op basis van de Politiewet bijstand van Defensie aan de orde is", "antwoord 6": "Op regelmatige basis heeft gedurende de voorbereidingsperiode van de Euro-invoering overleg plaatsgehad tussen de vertegenwoordigers van mijn ministerie en vertegenwoordigers van de Commissarissen der Koningin. Daarnaast heb ik per brief van 24 augustus jl. aandacht gevraagd bij de Commissarissen der Koningin voor gepleegde en te plegen extra inspanningen door politiekorpsen als gevolg van de invoering van de Euro", "antwoord 7": "Vanzelfsprekend zal iedereen alles in het werk stellen om de Elfstedentocht te laten doorgaan. Naast het bestuur van de vereniging De Friesche Elfsteden moeten uiteraard ook de provinciale en lokale overheden beoordelen of dit verantwoord is. Ik heb begrepen dat iedereen \u00e2\u20ac\u201c ijs en weder dienende \u00e2\u20ac\u201c daar het mogelijke voor wil doen. ]"}