{"Bibliografische_omschrijving": "Vragen van de leden Van Baalen en Cherribi (beiden VVD) aan de minister voor Ontwikkelingssamenwerking over de benoeming van de Directeur-Generaal van UNESCO. (Ingezonden 8 november 1999); Antwoord", "Bestand": "15Kb", "Permalink": "\nhttp://www.geencommentaar.nl/parlando/index.php?action=doc&filename=KVR10656\n", "Inhoud": "Vragen over de benoeming van de heer Kolchiro Matsuura tot Directeur-Generaal van UNESCO en over het hervormingsproces bij de UNESCO. Deze vragen dienen ter aanvulling op eerdere vragen terzake van het lid Van Ardenne-van der Hoeven, ingezonden 28 oktober 1999 (2990001880).", "Rubriek": "Internationale betrekkingen (Verenigde Naties)", "Trefwoorden": "UNESCO", "Vindplaats": "Kamervragen met antwoord 1999-2000, nr. 355, Tweede Kamer", "Afkomstig van": "2990002420", "Indiener": "Ontwikkelingssamenwerking", "Partij vertegenwoordiger": "<persoon partij=\"VVD\">Van Baalen</persoon>", "Datum_reaktie": "\n", "Datum_indiening": "<persoon partij=\"VVD\">Cherribi</persoon>", "vraag 1": "Deelt u de mening dat op korte termijn een onafhankelijk extern onderzoek naar de interne organisatie en het functioneren van de UNESCO dient te worden uitgevoerd en dat de heer Kolchiro Matsuura, de nieuwe Directeur-Generaal van UNESCO, op basis van de conclusies en aanbevelingen van dit onderzoek, zo spoedig mogelijk, in ieder geval v\u00c3\u00b3\u00c3\u00b3r 1 juli 2000, een concreet hervormingsvoorstel aan de Uitvoerende Raad en aan de Algemene Conferentie van UNESCO dient aan te bieden, die hierover v\u00c3\u00b3\u00c3\u00b3r 1 januari 2001 moeten hebben besloten en dat periodieke voortgangsmonitoring een onderdeel van dit voorstel dient te zijn? ", "vraag 2": "Welke stappen zult u zetten om een onafhankelijk extern onderzoek als onderdeel van een hervormingsproces bij UNESCO tot stand te brengen? Hoe verhoudt zich dit tot de Nederlandse kandidatuur voor lidmaatschap van de Uitvoerende Raad van UNESCO in de periode 2000-2003? Is Nederland bereid kandidaat te zijn indien op korte termijn geen concrete stappen tot hervorming van UNESCO worden genomen? ", "vraag 3": "Deelt u het oordeel dat de vrijwillige bijdrage van Nederland aan UNESCO afhankelijk moet worden gesteld van de hervormingsbereidheid bij deze organisatie, zoals vast te stellen op uiterlijk 1 januari 2001. ", "vraag 4": "Deelt u de mening dat bij onvoldoende concrete resultaten bij de uitvoering van het hervormingsprogramma aan het einde van een eventueel Nederlands lidmaatschap van de Uitvoerende Raad in 2003, het lidmaatschap van UNESCO moet worden heroverwogen? ", "antwoord 1": "[Nederland is inmiddels verkozen tot lid van de Uitvoerende Raad van UNESCO. Door zitting te nemen in dit orgaan wil Nederland invloed uitoefenen op het beleid van de Directeur-Generaal. Nederland zal de Directeur-Generaal uiteraard vragen naar zijn voornemens inzake hervorming van UNESCO en aandringen op concrete actie. Ten aanzien van de suggestie een onafhankelijk extern onderzoek naar de interne organisatie en het functioneren van UNESCO, ben ik van mening dat de problemen bij UNESCO bekend zijn (bijvoorbeeld uit rapporten van de \u00c2\u00abExternal Auditor\u00c2\u00bb), en dat het nu gaat om implementatie van de noodzakelijke hervormingen", "antwoord 2": "Hervormingsbereidheid, maar ook concrete resultaten zullen een rol spelen bij toekenning van de Nederlandse vrijwillige bijdrage. Ik zal kritisch blijven kijken naar de aanwending van deze bijdrage. Opzegging van het lidmaatschap van UNESCO is op dit moment niet aan de orde. Het is meer dan duidelijk geworden dat er een noodzaak is voor hervormingen binnen UNESCO. Ik ga ervan uit dat de nieuwe DG deze taak met verve ter hand neemt. ]"}