{"Bibliografische_omschrijving": "Vragen van het lid Kant (SP) aan de minister-president over de versnelling van de lastenverlichting. (Ingezonden 6 augustus 2002); Antwoord", "Bestand": "13Kb", "Permalink": "\nhttp://www.geencommentaar.nl/parlando/index.php?action=doc&filename=KVR16137\n", "Inhoud": "Aanvullende vragen op eerder gestelde vragen van het lid Vendrik, ingezonden 6 augustus 2002, over de suggestie van de minister van Economische Zaken over de noodzaak tot lastenverlichting, gezien de economische ontwikkelingen.", "Rubriek": "Belastingen (Overig) Handel en economie (Economische ontwikkeling)", "Trefwoorden": "Economische ontwikkeling Lastenverlichting Overheidsbeleid", "Vindplaats": "Kamervragen met antwoord 2001-2002, nr. 1553, Tweede Kamer", "Afkomstig van": "2010213480", "Indiener": "Algemene Zaken (AZ)", "Partij vertegenwoordiger": "<persoon partij=\"SP\">Kant</persoon>", "Datum_reaktie": "\n", "Datum_indiening": "2002-08-23", "vraag 1": "Wat is de mening van de minister-president over de brief van de minister van Economische Zaken aan de leden van het kabinet met zijn suggesties voor lastenverlichting? 1, 2 ", "vraag 2": "Hoe verhouden zich deze suggesties tot de kritiek van de huidige minister-president op de \u00c2\u00abalgemene lastenverlichting\u00c2\u00bb van het Paarse kabinet de afgelopen jaren? ", "vraag 3": "Moet de eerste prioriteit van dit kabinet liggen bij 2,5 miljard euro lastenverlichting of 2,5 miljard euro voor de zorg, het onderwijs, en de rest van de publieke sector? ", "vraag 4": "Deelt u de mening van de minister van Economische Zaken dat \u00c2\u00abde economie achteruit holt\u00c2\u00bb? Zo ja, vindt u het dan verstandig om de economie verder in het slop te brengen met de voorgestelde bezuinigingen? Zo neen, waarom niet? ", "vraag 5": "Deelt u de mening van de minister van Economische Zaken dat er veel meer kinderopvang moet komen? Hoe gaat het kabinet daarvoor zorgen? ", "vraag 6": "Kunt u voornoemde brief van de minister van Economische Zaken openbaar maken aangezien de minister hier een publieke discussie over wil voeren? ", "antwoord 1": "[Het financieel en economisch beleid voor 2003 zal in de Miljoenennota en begrotingen 2003 worden uiteengezet en op Prinsjesdag aan de Tweede Kamer worden aangeboden", "antwoord 2": "Zie het antwoord op vraag 1", "antwoord 3": "Zie het antwoord op vraag 1", "antwoord 4": "Zie het antwoord op vraag 1", "antwoord 5": "Zie het antwoord op vraag 1", "antwoord 6": "Zie het antwoord op vraag 1. ]"}