{"Bibliografische_omschrijving": "Vragen van het lid Lambrechts (D66) aan de minister van Onderwijs, Cultuur en Wetenschappen over het bedrijfsleven en (b\u00c3\u00a8ta)onderwijs. (Ingezonden 7 juni 2002); Antwoord", "Bestand": "14Kb", "Permalink": "\nhttp://www.geencommentaar.nl/parlando/index.php?action=doc&filename=KVR15859\n", "Inhoud": "Vragen over de plannen van Philips en enkele andere grote bedrijven om vijfig Nederlandse scholen te adopteren (Vragen in aanvulling op vragen van het lid Dijksma, en van het lid Vergeer, ingezonden 4 juni 2002)", "Rubriek": "Bedrijfsleven en industrie (Relatie onderwijs - bedrijfsleven) Communicatie, media en informatievoorziening (Reclame) Voortgezet onderwijs (Bekostiging voortgezet onderwijs)", "Trefwoorden": "Bekostiging voortgezet onderwijs Relatie onderwijs - bedrijfsleven Sponsoring", "Vindplaats": "Kamervragen met antwoord 2001-2002, nr. 1314, Tweede Kamer", "Afkomstig van": "2010211210", "Indiener": "Onderwijs, Cultuur en Wetenschappen (OCW)", "Partij vertegenwoordiger": "<persoon partij=\"D66\">Lambrechts</persoon>", "Datum_reaktie": "\n", "Datum_indiening": "2002-06-24", "vraag 1": "Hoe ver reiken de plannen van Philips, Shell en zeven andere grote bedrijven om 50 Nederlandse scholen te adopteren en kan de Kamer daarover volledig ge\u00c3\u00afnformeerd worden? ", "vraag 2": "Is over deze kwestie overleg geweest met de minister van Onderwijs, Cultuur en Wetenschappen? Wat was de aard van het overleg? Aan wie is hiervoor toestemming gevraagd? ", "vraag 3": "Om welke andere bedrijven dan Philips en Shell gaat het hier? Is het waar dat de zeven andere bedrijven zich niet bekend willen maken? Wat is daarvan de reden? ", "vraag 4": "Gaat het hier om sponsoring met een tegenprestatie van de zijde van de scholen? Zo ja om welke tegenprestaties? ", "vraag 5": "Wie bewaakt dat te allen tijde de onafhankelijkheid van het onderwijs gewaarborgd blijft? ", "vraag 6": "Is het b\u00c3\u00a8ta-onderwijs inderdaad zo slecht dat deze drastische ingrepen noodzakelijk zijn? ", "antwoord 1": "[Aanvullend op de antwoorden op de vragen van het lid Dijksma , alsmede de vragen van het lid Vergeer-Mudde kan thans nog niet worden ingegaan op de plannen van het bedrijfsleven om vijftig Nederlandse scholen te adopteren", "antwoord 2": "Het departement is betrokken geweest bij verkennend overleg. Ook is AXIS door het bedrijfsleven betrokken gelet op de aldaar aanwezige kennis over keuzeprocessen bij jongeren", "antwoord 3": "Zie eerdere antwoorden", "antwoord 4": "Het initiatief van het bedrijfsleven onderstreept dat de aantrekkingskracht van b\u00c3\u00a9ta/techniek opleidingen en beroepen verbeterd kan worden. Een innovatieve impuls door scholen zelf in samenwerking met het bedrijfsleven kan hier wellicht een kwalitatieve verbetering in brengen. Planvorming vanuit de scholen, zo dit daadwerkelijk gerealiseerd wordt, in samenwerking met het bedrijfsleven zal hier over enkele maanden meer inzicht in geven. In deze planvorming kan dan ook het beleid van meer \u00c2\u00abbedrijfsleven voor de klas\u00c2\u00bb worden verdisconteerd. Enerzijds kan dit meehelpen het leraren tekort op te lossen, anderzijds zullen met boeiende leraren voor de klas wellicht meer leerlingen kiezen voor b\u00c3\u00a8ta/techniek. ]"}