{"Bibliografische_omschrijving": "Vragen van het lid Hoekema (D66) aan de minister van Buitenlandse Zaken over het VN-Huurlingenverdrag.(Ingezonden 28 december 2001); Antwoord", "Bestand": "13Kb", "Permalink": "\nhttp://www.geencommentaar.nl/parlando/index.php?action=doc&filename=KVR14939\n", "Inhoud": "Vragen over de bereidheid van Nederland om partij te worden bij het Huurlingenverdrag van VN.", "Rubriek": "Veiligheidsbeleid en defensie (Militairen)", "Trefwoorden": "Militairen", "Vindplaats": "Kamervragen met antwoord 2001-2002, nr. 522, Tweede Kamer", "Afkomstig van": "2010204030", "Indiener": "Buitenlandse Zaken (BUZA)", "Partij vertegenwoordiger": "<persoon partij=\"D66\">Hoekema</persoon>", "Datum_reaktie": "\n", "Datum_indiening": "2002-01-22", "vraag 1": "Is Nederland voornemens partij te worden bij het VN-Huurlingenverdrag? Zo ja, op welke termijn? Zo nee, waarom niet? ", "vraag 2": "Is er in de EU discussie geweest over dit Verdrag tegen de achtergrond van het feit dat kennelijk sommige lidstaten (Duitsland en Itali\u00c3\u00ab) al partij zijn geworden en andere dit niet voornemens zijn? Zo nee, waarom niet? Zo ja, in welke zin? ", "vraag 3": "Speelt bij dit Verdrag de problematiek van particuliere strijdkrachten zoals Sandlines? Heeft Nederland cq. de Europese Unie hierover een positie? ", "antwoord 1": "[Nee. Het op 4 december 1989 tot standgekomen Verdrag tot bestrijding van de inzet van huurlingen bevat het beginsel van universele jurisdictie. De Nederlandse regering had indertijd grote twijfel over de opportuniteit van het opnemen van dit beginsel in het verdrag, in combinatie met het zeer ruime bereik van de in het verdrag opgenomen delictsomschrijvingen. Daarom is toen afgezien van ondertekening van het verdrag en het voorleggen ter parlementaire goedkeuring zoals ook aan de Staten-Generaal meegedeeld . De regering meent dat deze bezwaren nog steeds bestaan. Zij is van mening dat waar het gaat om de problematiek van huurlingen, het humanitair oorlogsrecht en de verdragen ter bestrijding van terrorisme een afdoend antwoord mogelijk maken. Het verdrag trad op 20 oktober 2001 in werking. Onder de partijen bij het verdrag bevindt zich slechts \u00c3\u00a9\u00c3\u00a9n West-Europese staat, te weten Itali\u00c3\u00ab. (Duitsland heeft wel ondertekend, maar nooit bekrachtigd; het is dus geen partij)", "antwoord 2": "Nee, zie antwoord op vraag 1", "antwoord 3": "Voor de strafbaarstelling van het recruteren van huurlingen krachtens dit verdrag zou het niet relevant zijn of dit recruteren door een offici\u00c3\u00able overheidsinstantie gebeurt dan wel door een particuliere organisatie. Zoals uit het antwoord op de vragen 1 en 2 blijkt meent de regering evenwel dat de verdragen op het gebied van het humanitaire oorlogsrecht en terrorisme bestrijding voldoende aanknopingspunten bieden voor deze problematiek. ]"}