{"Bibliografische_omschrijving": "Vragen van de leden Atsma en Rietkerk (CDA) aan de staatssecretaris van Onderwijs, Cultuur en Wetenschappen, dhr. van der Ploeg, over televisiereclames specifiek gericht op kinderen. (Ingezonden 25 november 1999); Antwoord", "Bestand": "14Kb", "Permalink": "\nhttp://www.geencommentaar.nl/parlando/index.php?action=doc&filename=KVR10768\n", "Inhoud": "Vragen naar aanleiding van de uitzending van het televisieprogramma Nova van 22 november 1999 waarin wetenschappers wijzen op het feit dat er steeds meer specifiek op (zeer jonge) kinderen gerichte reclame tussen en in kinderprogramma's wordt gestopt.", "Rubriek": "Communicatie, media en informatievoorziening (Radio en televisie) Communicatie, media en informatievoorziening (Reclame) Welzijn (Jeugdigen)", "Trefwoorden": "Jeugdigen Reclame Televisie", "Vindplaats": "Kamervragen met antwoord 1999-2000, nr. 454, Tweede Kamer", "Afkomstig van": "2990003350", "Indiener": "Onderwijs, Cultuur en Wetenschappen", "Partij vertegenwoordiger": "<persoon partij=\"CDA\">Atsma</persoon>", "Datum_reaktie": "\n", "Datum_indiening": "<persoon partij=\"CDA\">Rietkerk</persoon>", "vraag 1": "Heeft u kennis genomen van de uitzending van Nova van 22 november jl. waarin wetenschappers wijzen op het feit dat er steeds meer specifiek op (zeer jonge) kinderen gerichte reclame tussen en in kinderprogramma\u00e2\u20ac\u2122s wordt gestopt? ", "vraag 2": "Bent u bereid, in overleg met het Commissariaat voor de Media, onderzoek te doen naar de hoeveelheid en soort reclame in en tussen kinderprogramma\u00e2\u20ac\u2122s van zenders die op de Nederlandse televisie uitzenden (zowel publieke omroep, commercieel/binnenlands en commercieel/via andere landen)? ", "vraag 3": "Wat heeft het overleg met de speelgoed- en reclamebranche in dezen opgeleverd? Acht u zelfregulering voldoende om deze ontwikkeling te keren? ", "vraag 4": "Bent u bekend met het feit dat er in diverse landen in Europa een verbod is cq. beperkingen op reclame gericht op zeer jonge kinderen zijn? ", "antwoord 1": "[De regering heeft kennisgenomen van bedoelde uitzending", "antwoord 2": "Ik ben bereid om het gevraagde onderzoek te laten doen, eventueel uit te voeren door het Commissariaat voor de Media", "antwoord 3": "Artikel 13 van de Nederlandse Reclame Code stelt regels ten aanzien van reclame gericht op kinderen. In maart 1999 is dit artikel in overleg met de Consumentenbond aangepast. Er is duidelijker dan voorheen vastgelegd dat reclame rekening dient te houden met het bevattingsvermogen van kinderen onder de twaalf jaar, en hen niet mag misleiden over te verwachten prestaties en speelplezier van een product. Zelfregulering van de inhoud van reclame gericht op kinderen biedt in de visie van de regering voldoende waarborgen voor bescherming van kinderen en hun ouders", "antwoord 4": "Voorzover bekend hebben alleen Zweden en Noorwegen een algeheel verbod van reclame gericht op kinderen onder de 12 jaar. Daarnaast hebben Vlaanderen en Griekenland wettelijke beperkingen over uitzendtijd en/of inhoud kinderreclame. Voor meer informatie over regelgeving in andere Europese landen verwijs ik naar mijn antwoord op vragen over dit onderwerp van de leden Van Bommel en Kant. ]"}