{"Bibliografische_omschrijving": "Vragen van de leden Van den Doel en Te Veldhuis (beiden VVD) aan de ministers van Defensie en van Binnenlandse Zaken en Koninkrijksrelaties over stemmen van militairen in buitenland. (Ingezonden 2 april 2002); Antwoord", "Bestand": "15Kb", "Permalink": "\nhttp://www.geencommentaar.nl/parlando/index.php?action=doc&filename=KVR15485\n", "Inhoud": "Vragen over de voorlichting aan militairen verblijvend in het buitenland, over het ter plaatse kunnen stemmen, respectievelijk de daarvoor geldende inzendtermijnen voor kiezersregistratie.", "Rubriek": "Staats- en bestuursrecht (Kiesrecht) Veiligheidsbeleid en defensie (Militairen)", "Trefwoorden": "Kiesrecht Militairen", "Vindplaats": "Kamervragen met antwoord 2001-2002, nr. 991, Tweede Kamer", "Afkomstig van": "2010208630", "Indiener": "Defensie (DEF)", "Partij vertegenwoordiger": "<persoon partij=\"VVD\">Van den Doel</persoon>", "Datum_reaktie": "\n", "Datum_indiening": "<persoon partij=\"VVD\">Te Veldhuis</persoon>", "vraag 1": "Op welke wijze zijn de Nederlandse militairen, die tijdens de komende verkiezingen voor de Tweede Kamer in het buitenland verblijven, ge\u00c3\u00afnformeerd over de mogelijkheid tot het uitbrengen van een stem in het buitenland? ", "vraag 2": "Is er speciale regelgeving met betrekking tot het uitbrengen van stemmen door militairen in het buitenland? Zo ja, wat houdt deze in? Zo nee, waarom niet? ", "vraag 3": "Is er in het kader van de komende verkiezingen een speciale voorlichtingscampagne onder uitgezonden militairen gestart? Zo nee, op welke wijze zijn de uitgezonden militairen persoonlijk op de hoogte gebracht hoe zij tijdens deelname aan vredesoperaties of indien zij door andere omstandigheden (buitenlandse oefeningen e.d.) in het buitenland verblijven hun stem kunnen uitbrengen? ", "vraag 4": "Zijn er in verband met de komende verkiezingen speciale voorzieningen getroffen om te kunnen stemmen op plaatsen waar veel Nederlandse militairen naar toe zijn uitgezonden, of bijvoorbeeld op uitgezonden schepen? Zo nee, waarom niet? ", "vraag 5": "Kan de minister van Defensie garanderen dat militairen die deelnemen aan vredesoperaties (bijvoorbeeld op schepen in de Perzische Golf en Nederlandse troepen in Afghanistan, Bosni\u00c3\u00ab enz.) geen belemmeringen ondervinden om hun stemrecht daadwerkelijk ook te kunnen uitoefenen? ", "vraag 6": "Hoe verklaart de minister van Defensie dat onderdeelscommandanten eigenhandig de inzendtermijnen voor de kiezersregistratie om in het buitenland te mogen stemmen met drie weken vervroegen? ", "vraag 7": "Zijn er door het Ministerie van Defensie en het Centraal Stembureau logistieke maatregelen getroffen zodat alle handelingen binnen de vereiste termijnen afgehandeld kunnen worden? ", "vraag 8": "Bent u bereid nadere voorzieningen in de Kieswet of ter uitvoering van de Kieswet te treffen zodat uitgezonden militairen te allen tijde gebruik kunnen maken van hun stemrecht? Zo nee, waarom niet? ", "vraag 9": "Bent u gezien het spoedeisende karakter van dit onderwerp bereid om de vragen in de eerste week van april te beantwoorden? ", "antwoord 1": "[Aan Nederlandse militairen die tijdens de verkiezingen in het buitenland verblijven, zijn, zoals gebruikelijk bij verkiezingen, door het Ministerie van Defensie de door hen benodigde formulieren voor deelname aan de verkiezingen in persoon toegestuurd. Deze formulieren zijn vergezeld gegaan van een informatienota. In deze informatienota zijn alle verschillende aspecten van deelname aan de gemeenteraadsverkiezingen en de Tweede Kamerverkiezingen toegelicht. In de Defensiekrant van 14 februari jongstleden is ruimschoots aandacht besteed aan bedoelde informatienota. Binnenkort zal door opname in de Defensiekrant de informatievoorziening op dit punt worden herhaald. De militairen die in het buitenland verblijven zijn voorts gewezen op de mogelijkheid tot het stellen van aanvullende vragen aan hun afdeling personeelszorg. Hiermee zijn tijdig adequate maatregelen genomen om militairen in het buitenland in de gelegenheid te stellen hun stemrecht uit te oefenen", "antwoord 2": "Er is geen speciale regelgeving met betrekking tot het uitbrengen van stemmen door militairen in het buitenland. De Kieswet bevat een algemene regeling voor Nederlanders in het buitenland, die onverkort van toepassing is op Nederlandse militairen in het buitenland. De nu bestaande mogelijkheden, stemmen bij volmacht door overdracht van de oproepingskaart, stemmen bij volmacht na voorafgaand schriftelijk verzoek, en stemmen per brief, zijn voldoende divers om door militairen en niet-militairen op gelijke voet benut te worden. De Kieswet staat andere methoden van stemming, naast stemmen in persoon, niet toe. Stemmen in persoon dient te allen tijde plaats te vinden in een stemlokaal in Nederland. Het inrichten van stemlokalen buiten Nederland is niet toegestaan, en er zijn derhalve geen speciale voorzieningen getroffen. Gebruik dient gemaakt te worden van een van de bestaande mogelijkheden, waarbij Defensie haar personeel heeft geadviseerd om te stemmen bij volmacht. Deze methode is, ook op bijvoorbeeld schepen, bij uitstek geschikt om zeker te stellen dat men gebruik kan maken van het stemrecht", "antwoord 3": "Door enkele ondersteunende eenheden is uit het oogpunt van serviceverlening de mogelijkheid gegeven om het verzenden van de kiezersregistratieformulieren centraal te laten verzorgen. Om tijdige bezorging van de registratieformulieren te kunnen bewerkstelligen is daarbij een bepaalde inleverdatum vastgesteld die lag voor de datum waarop de formulieren bij de juiste autoriteit bezorgd dienden te worden. Kiezers zijn niet verplicht geweest om gebruik te maken van deze service", "antwoord 4": "In het antwoord op vraag 1 is aangegeven welke logistieke maatregelen binnen Defensie zijn getroffen om militairen tijdig te voorzien van de benodigde formulieren, en om aan te geven welke termijnen in acht genomen moeten worden. Het centraal stembureau voor de verkiezing van de leden van de Tweede Kamer (de Kiesraad) heeft op grond van de Kieswet hierin geen taak", "antwoord 5": "De Kieswet geeft een aantal mogelijkheden om het stemrecht uit te oefenen terwijl men in het buitenland verblijft. Deze mogelijkheden zijn van dusdanige aard, dat het voor iedereen mogelijk is een stem uit te brengen. Militairen worden door Defensie voorzien van de benodigde formulieren en informatie, en kunnen aan de hand daarvan hun stem uitbrengen op de door hen gewenste wijze. De Kieswet voorziet derhalve in de adequate mogelijkheden om te allen tijde gebruik te kunnen maken van het stemrecht. ]"}