{"Bibliografische_omschrijving": "Vragen van de leden Van Heemst (PvdA), De Koning(D66) en O P G Vos (VVD) over het reparatie reglement van de Stichting ter Exploitatie van Naburige rechten (Ingezonden 8 mei 1995); Antwoord", "Bestand": "14Kb", "Permalink": "\nhttp://www.geencommentaar.nl/parlando/index.php?action=doc&filename=KVR1492\n", "Inhoud": "Burgerlijk recht en burgerlijk procesrecht (Intellectueel en industrieel eigendom)", "Rubriek": "Auteursrecht", "Trefwoorden": "Kamervragen met antwoord 1994-1995, nr. 848, Tweede Kamer", "Vindplaats": "Justitie (JUS)", "Afkomstig van": "<persoon partij=\"PvdA\">Van Heemst</persoon>", "Indiener": "\n", "Partij vertegenwoordiger": "<persoon partij=\"D66\">De Koning</persoon>", "Datum_reaktie": "\n", "Datum_indiening": "<persoon partij=\"VVD\">O. P. G. Vos</persoon>", "vraag 1": "Is u een concept van het zogeheten repartitiereglement van de SENA (Stichting ter Exploitatie van Naburige rechten) ter goedkeuring voorgelegd? ", "vraag 2": "Bent u op de hoogte van de activiteiten van GONG (Genootschap van Onafhankelijke Nederlandse Geluidsproducers, die ondermeer wil bereiken dat de producers worden aangemerkt als een zelfstandige beroepsgroep en dus rechthebbende in de zin van de Wet op de Naburige Rechten (W.N.R.) van 18 maart 1993? ", "vraag 3": "Bent u bereid aan de onlangs door u bij besluit ingestelde adviescommissie auteursrecht advies te vragen over de vraag of: a. \u00c2\u00abproducers\u00c2\u00bb zijn aan te merken als een zelfstandige beroepsgroeps dan wel onder de noemer kunnen vallen van \u00c2\u00abproducent\u00c2\u00bb of \u00c2\u00abuitvoerende kunstenaar\u00c2\u00bb: b. in de W.N.R. een verzuim is opgetreden doordat indertijd onvoldoende inzicht bestond in de aard van het werk van de \u00c2\u00abproducers\u00c2\u00bb; c. de goedkeuringsprocedure van het repartitiereglement zich leent om zonodig alsnog een nadere voorziening t.b.v. de producers te treffen? ", "vraag 4": "Kunt u bevorderen dat de eerdergenoemde adviescommissie zich daadwerkelijk op de hoogte stelt van de inhoud van de werkzaamheden van de producers en/of dat vertegenwoordigers van GONG in de gelegenheid worden gesteld daar een toelichting op te geven? ", "vraag 5": "Kunt u bevorderen dat de eerdergenoemde adviescommissie zich ook op de hoogte stelt van hetgeen ten aanzien van producers in de ons omringende landen aan naburige rechten is geregeld? ", "antwoord 1": "[Ja. Overeenkomstig artikel 15 lid 3 van de Wet op de naburige rechten heb ik het reglement voorgelegd aan het College van Toezicht en het college aldus in de gelegenheid gesteld mij zijn mening kenbaar te maken", "antwoord 2": "Ja. Het genootschap heeft zich enige keren tot mij gewend en zijn standpunt uiteengezet", "antwoord 3": "De commissie auteursrecht is op 20 maart 1995 door mij ingesteld. Ik stel mij voor aan de commissie advies te vragen over in voorbereiding zijnde wetsvoorstellen op het gebied van het auteursrecht en de naburige rechten en over (mogelijke) internationale initiatieven op dit gebied. Ik heb inmiddels advies gevraagd over wetsvoorstel 22 600 inzake het reprorecht. Aan de commissie zal voorts advies worden gevraagd over de structuur van het toezicht dat thans op grond van de verschillende wettelijke regelingen op dit gebied wordt uitgeoefend en over de betekenis van het auteursrecht voor de nieuwe media. Ik acht het in beginsel minder juist om de commissie advies te vragen over de uitleg van het geldende recht. Dat oordeel is uiteindelijk aan de rechter", "antwoord 4": "Het College van Toezicht zal thans zijn standpunt over het reglement moeten bepalen. Het genootschap heeft de wens te kennen gegeven door het college over het reglement te worden gehoord en een toelichting te mogen geven op de werkzaamheden van de producers. Het college kan betrokkenen horen, zoals ook geregeld in de algemene maatregel van bestuur van 28 april 1993, Stb. 243, bevattende de nadere regels omtrent het door het college uit te oefenen toezicht. Ik acht het minder juist en zinvol dat ook de commissie auteursrecht betrokkenen gaat horen. ]"}