{"Bibliografische_omschrijving": "Vragen van de leden Verburg en Rietkerk (beiden CDA) aan de ministers voor Grote Steden- en Integratiebeleid en van Binnenlandse Zaken en Koninkrijksrelaties over zwembadterreur in Veenendaal. (Ingezonden 1 maart 2002); Antwoord", "Bestand": "18Kb", "Permalink": "\nhttp://www.geencommentaar.nl/parlando/index.php?action=doc&filename=KVR15511\n", "Inhoud": "Vragen over bedreigende overlast van bepaalde groepen jongeren in zwembad van Veenendaal (aanvulling op vragen van leden Nicola\u00c3\u00af, Aanhangsel Handelingen nr. 1012, Vergaderjaar 2001-2002, en Van Heemst, Aanhangsel Handelingen nr. 1013, Vergaderjaar 2001-2002).", "Rubriek": "Criminaliteit en openbare orde (Handhaving openbare orde) Vrijetijdsbesteding (Recreatie) Welzijn (Jeugdigen)", "Trefwoorden": "Jeugdigen Openbare orde en veiligheid Recreatie", "Vindplaats": "Kamervragen met antwoord 2001-2002, nr. 1014, Tweede Kamer", "Afkomstig van": "2010207380", "Indiener": "Grote Steden- en Integratiebeleid (GSI) Binnenlandse Zaken en Koninkrijksrelaties (BZK)", "Partij vertegenwoordiger": "<persoon partij=\"CDA\">Verburg</persoon>", "Datum_reaktie": "\n", "Datum_indiening": "<persoon partij=\"CDA\">Rietkerk</persoon>", "vraag 1": "Indien geen strafbare feiten zijn gepleegd in het zwembad in Veenendaal, hoe verklaart u dan dat de toestand in het zwembad zo bedreigend was dat personeel zich moest verschuilen en er permanente politiesurveillance plaatsvindt? ", "vraag 2": "Deelt u de mening dat het hier inmiddels niet meer om een incidenteel, maar structureel overlastverschijnsel gaat door met name allochtone bezoekers (zie bijvoorbeeld Sportfondsenbad in Nijmegen en Sloterparkbad in Amsterdam) en dat hiertegen hard moet worden opgetreden? ", "vraag 3": "Deelt u de mening dat het niet zo kan zijn dat, zoals nu vaak het geval is, het goedwillende publiek ten onrechte slachtoffer wordt van deze vormen van zwembadterreur, door sluiting of door ontzegging van toegang voor bepaalde groepen (bijvoorbeeld alle jongeren)? ", "vraag 4": "Zo ja, welke maatregelen gaat u nemen om onhoudbare overlast en terreur in zwembaden aan te pakken, zodat iedere zwembadbezoeker weer kan rekenen op veilige publieke voorzieningen? ", "vraag 5": "Op welke wijze zullen de betrokken jongeren \u00c3\u00a9n hun ouders aansprakelijk worden gesteld voor hun wangedrag en gemaakte kosten? ", "antwoord 1": "[Onder verwijzing naar de antwoorden op de eerste twee vragen van het Kamerlid Van Heemst over dezelfde kwestie (ingezonden op 28 februari 2002) meld ik u het volgende. De toestand was zo bedreigend aangezien de overlast werd gepleegd door een relatief grote groep van ongeveer 20 jongeren. Deze jongeren maakten zich schuldig aan het treiteren en uitdagen van zwembadpersoneel. Een broer van \u00c3\u00a9\u00c3\u00a9n van de betrokken jongeren kwam verhaal halen in het zwembad en ging vervolgens op zoek naar een badmeester waarvan hij meende dat deze zijn broer had geslagen. Het gedrag van die broer was dusdanig dat de betreffende badmeester vervolgens genoodzaakt was te vluchten en zich te verschuilen. Er is overigens geen sprake van permanente politiesurveillance, wel van extra toezicht", "antwoord 2": "Reeds bij mijn beantwoording van de vragen van het Kamerlid Nicola\u00c3\u00af over het sluiten van het Sloterparkbad (ingezonden op 11 september 2001) heb ik aangegeven dat de overlast door groepen jongeren in de afgelopen tijd lijkt toe te nemen en plaatselijk een meer structurele vorm lijkt aan te nemen. Over het algemeen is de overlast echter incidenteel van karakter. Daar waar maatregelen genomen zijn, keert de overlast niet snel terug waardoor er op desbetreffende locaties vaak niet langer sprake is van structurele overlast. Deze indruk baseer ik met name op een quick scan die het LC, Nederlands Instituut voor lokale Sport en Recreatie, medio 2001 heeft laten verrichten bij 50 zwembaden in Nederland. In de bekende, door de media aangehaalde incidenten, is regelmatig sprake van groepen jongeren, veelal uit etnische minderheidsgroepen, die overlast veroorzaken in zwembaden. Uit de quick scan komt vooralsnog een gemengd beeld naar voren. Afhankelijk van de streek van het land, gemeente of soms zelfs stadsdeel, gaat het nu eens om autochtone, dan weer om jongeren uit etnische minderheidsgroepen en weer een andere keer om groepen met zowel autochtone jongeren als jongeren uit etnische minderheidsgroepen. Ik deel dus niet bij voorbaat de mening dat het hier gaat om een structureel overlastverschijnsel door met name bezoekers uit etnische minderheidsgroepen, maar kijk hier wat genuanceerder tegenaan. Wel kan ik u melden dat een promovendus aan het Willem Pompe Instituut te Utrecht, die tevens docent is aan de Nederlandse Politie Academie, is gestart met een onderzoek naar \u00c2\u00abCulturele opvattingen achter (seksuele) delicten\u00c2\u00bb. Het onderzoek zal zich onder meer richten op de bestaande zwembadproblematiek. In het kader van dit onderzoek zal onder meer een enqu\u00c3\u00aate onder alle, voor publiek toegankelijke, zwembaden in Nederland worden gehouden. De enqu\u00c3\u00aate is in kwantitatief en kwalitatief opzicht een goed vervolg op de quickscan onder 50 zwembaden, uitgevoerd door LC in juni 2001. Doel van dit onderzoek is om de problematiek in kaart te brengen op landelijke en regionale schaal, alsmede het belang van eventuele etnische achtergrond van delictplegers en de rol van slachtoffer en de media. Dit onderzoek zal naar verwachting meer duidelijkheid brengen over de gestelde vragen, onder meer het al dan niet structurele karakter en de al dan niet specifieke etnische component van de zwembadoverlast. In algemene zin wil ik stellen dat intimidatie, belediging en (seksuele) geweldpleging in zwembaden op geen enkele wijze kan worden getolereerd. Een gerichte preventieve en zo nodig harde, repressieve aanpak zijn hier volgens mij vereist. Het in de antwoorden op de vragen van de Kamerleden Nicola\u00c3\u00af en Van Heemst over deze zelfde kwestie genoemde protocol Gedragsregels Zwembaden, dat nu in de politieregio Hollands-Midden wordt voorbereid, zal naar mijn verwachting aan deze aanpak een goede bijdrage leveren", "antwoord 3": "Ja, die deel ik. Het is onwenselijk wanneer goedwillend publiek last heeft van maatregelen die genomen worden tegen een kleine groep bezoekers die voor overlast zorgt. Toch zal dit niet altijd vermeden kunnen worden. Het management kan besluiten tot een drastische \u00e2\u20ac\u201cgelukkig vaak slechts tijdelijke\u00e2\u20ac\u201c maatregel als het sluiten van het zwembad om de veiligheid van alle bezoekers te kunnen blijven waarborgen, en die veiligheid heeft uiteraard in alle gevallen prioriteit", "antwoord 4": "Zoals reeds aangegeven in het antwoord op vraag 2 van het Kamerlid Nicola\u00c3\u00af (ingezonden op 27 februari jl.) is het primair de verantwoordelijkheid van zwembaden zelf en de gemeenten om overlast in zwembaden aan te pakken, aangezien zij de regie hebben over het lokale veiligheidsbeleid. Ik constateer dat inmiddels op lokaal niveau het initiatief is genomen tot het opstellen van een protocol Gedragsregels Zwembaden. Dit protocol bevordert de uniformiteit in handhaving van de huisregels in zwembaden in samenwerking met o.a. politie en justitie. Het protocol wordt medio mei gepresenteerd en is vervolgens voor alle zwembaden c.q. politieregio\u00e2\u20ac\u2122s in Nederland beschikbaar", "antwoord 5": "Betrokkenen hebben er bewust van afgezien om aangifte te doen. Het Openbaar Ministerie heeft daarom besloten geen nader onderzoek en vervolging in te stellen . Wel is er gekozen voor een civielrechtelijk traject, te weten de ontzegging van de toegang tot het zwembad aan 10 jongeren voor de periode van 6 maanden. Bovendien heeft de burgemeester individuele gesprekken gevoerd met alle betrokken jongeren en hun ouders. Het aansprakelijk stellen van de betrokken jongeren en hun ouders maakt geen deel uit van de gekozen aanpak. Toelichting: Deze vragen dienen ter aanvulling op eerdere vragen ter zake van de leden Nicola\u00c3\u00af, ingezonden 27 februari 2002, en Van Heemst ingezonden, 1 maart 2002. ]"}