{"Bibliografische_omschrijving": "Vragen van de leden Van der Hoeven en Van Wijmen (beiden CDA) aan de ministers van Volkshuisvesting, Ruimtelijke Ordening en Milieubeheer en van Binnenlandse Zaken en Koninkrijksrelaties over mogelijke belangenverstrengeling medewerkers DRZ VROM. (Ingezonden 16 november 1999); Antwoord", "Bestand": "14Kb", "Permalink": "\nhttp://www.geencommentaar.nl/parlando/index.php?action=doc&filename=KVR10652\n", "Inhoud": "Vragen naar aanleiding van de uitzending van het televisieprogramma NOVA van 29 oktober 1999 over mogelijke belangenverstrengeling van medewerkers van de Dienst Recherche Zaken (DRZ) van het ministerie van Volkshuisvesting, Ruimtelijke Ordening en Milieubeheer.", "Rubriek": "Criminaliteit en openbare orde (Fraude) Staats- en bestuursrecht (Ministeries)", "Trefwoorden": "Ambtsmisdrijven Overheidspersoneel Volkshuisvesting Ruimtelijke Ordening Milieubeheer (ministerie)", "Vindplaats": "Kamervragen met antwoord 1999-2000, nr. 351, Tweede Kamer", "Afkomstig van": "2990002800", "Indiener": "Volkshuisvesting, Ruimtelijke Ordening en Milieubeheer", "Partij vertegenwoordiger": "<persoon partij=\"CDA\">Van der Hoeven</persoon>", "Datum_reaktie": "\n", "Datum_indiening": "<persoon partij=\"CDA\">Van Wijmen</persoon>", "vraag 1": "Heeft u kennisgenomen van de uitzending van het programma NOVA van 29 oktober jl. aangaande mogelijke belangenverstrengeling van medewerkers van de Dienst Recherche Zaken (DRZ) van het ministerie van Volkshuisvesting, Ruimtelijke Ordening en Milieubeheer? ", "vraag 2": "Deelt u de mening dat ambtelijke medewerkers in het algemeen en die van DRZ in het bijzonder boven iedere verdenking van belangenverstrengeling behoren te staan? ", "vraag 3": "Welke regelingen gelden er ten aanzien van ambtelijke medewerkers die, al dan niet indirect, door henzelf gerunde bedrijven producten en diensten leveren aan de ambtelijke diensten en afdelingen? ", "vraag 4": "Was de minister van Volkshuisvesting, Ruimtelijke Ordening en Milieubeheer op de hoogte van het feit dat medewerkers van de DRZ via door henzelf gerunde bedrijven, producten en diensten leveren aan de DRZ? Zo ja, welke actie heeft hij hierop ondernomen? ", "vraag 5": "Deelt de minister van Binnenlandse Zaken en Koninkrijksrelaties als hoeder van de ambtelijke integriteit de mening dat het wenselijk is om de integriteitsregels van ambtenaren en met name die van departementale recherche afdelingen nader tegen het licht te houden? ", "antwoord 1": "[Voor het antwoord op de vragen 1 tot en met 4 verwijs ik u naar mijn brief van heden aan de voorzitter van de Tweede Kamer. \n, In 1996 nam de Tweede Kamer de zogenoemde motie Kamp c.s. aan, waarin de regering werd gevraagd om enkele institutionele waarborgen te treffen ter bescherming van de integriteit in de rijksdienst. Het ging daarbij om waarborgen op het terrein van de melding en registratie van nevenfuncties, het aannemen van geschenken en diensten, de handelwijze bij aantasting van integriteit of vermoedens daarvan, functieroulatie bij kwetsbare functies en het aanstellen van een vertrouwenspersoon. In de brief van 7 oktober 1998 (Kamerstukken II, 1998/99, 24 655, nr. 5) is de Tweede Kamer ingelicht over de stand van zaken met betrekking tot de uitvoering van de motie Kamp. Uit deze brief blijkt onder andere, dat de ministeries met betrekking tot alle in de motie genoemde elementen op enigerlei wijze over richtlijnen beschikken dan wel maatregelen hebben getroffen. Zoals in de nota Integriteit van het openbaar bestuur (van 21 september 1999) is uiteengezet, heeft de minister van Binnenlandse Zaken en Koninkrijksrelaties de ministeries een kader geboden voor de implementatie van de motie Kamp. Daarbinnen hebben de ministeries de vrijheid om integriteitsregelingen af te stemmen op hun eigen specifieke situatie. In de genoemde nota wordt tevens aangekondigd dat het integriteitsbeleid in de rijksdienst zal worden ge\u00c3\u00abvalueerd. Daarbij zullen ook de departementale integriteitsregelingen worden meegenomen. ]"}