{"Bibliografische_omschrijving": "Vragen van de leden Van Rey, BM de Vries en De Korte (allen VVD) over de mogelijke invoering van een vermogenswinstbelasting (Ingezonden 24 mei 1995); Antwoord", "Bestand": "14Kb", "Permalink": "\nhttp://www.geencommentaar.nl/parlando/index.php?action=doc&filename=KVR1481\n", "Inhoud": "Belastingen (Vermogensbelasting)", "Rubriek": "Vermogensbelasting", "Trefwoorden": "Kamervragen met antwoord 1994-1995, nr. 837, Tweede Kamer", "Vindplaats": "Financi\u00c3\u00abn", "Afkomstig van": "<persoon partij=\"VVD\">Van Rey</persoon>", "Indiener": "\n", "Partij vertegenwoordiger": "<persoon partij=\"VVD\">B.M. de Vries</persoon>", "Datum_reaktie": "\n", "Datum_indiening": "<persoon partij=\"VVD\">De Korte</persoon>", "vraag 1": "Is er sprake van een \u00e2\u20ac\u201c per 1 juli a.s. ingaande \u00e2\u20ac\u201c wijziging van de vermogensbelasting, waarbij het inkomen van de directeur/ grootaandeelhouder voor de toepassing van de anticumulatie-regeling op minimaal 1 procent van de waarde van het belang in de eigen vennootschap wordt gesteld? ", "vraag 2": "Is er op uw ministerie onderzoek gaande naar de mogelijke invoering in deze kabinetsperiode van een vermogenswinstbelasting? ", "vraag 3": "Deelt u de mening, dat dergelijke berichten verwarring en onzekerheid veroorzaken bij groepen van belastingbetalers? Zo ja, bent u bereid ze op zo kort mogelijke termijn te ontzenuwen? ", "antwoord 1": "[Nee", "antwoord 2": "Nee. Voor de goede orde verwijs ik naar mijn brief van 12 december 1994 aan de Voorzitter van de vaste Commissie voor Financie\u00c2\u00a8n uit de Tweede Kamer, waarin ik melding maak van de instelling van de werkgroep fiscaal-technische herziening van de loon- en inkomstenbelasting. In het bij deze brief gevoegde instellingsbesluit van deze werkgroep is aangegeven dat deze werkgroep onder meer de inkomsten uit vermogen, met inbegrip van de positie van de vermogensbelasting doorlicht. Deze werkgroep heeft tot op heden niet aan mij gerapporteerd", "antwoord 3": "Ja, bij deze. Zie verder de antwoorden op de vragen 1 en 2. ]"}