{"Bibliografische_omschrijving": "Vragen van het lid Rouvoet (ChristenUnie) aan de ministers van Justitie en van Volksgezondheid, Welzijn en Sport over de exploitatie van kraslotenautomaten. (Ingezonden 25 september 2001); Antwoord", "Bestand": "15Kb", "Permalink": "\nhttp://www.geencommentaar.nl/parlando/index.php?action=doc&filename=KVR14539\n", "Inhoud": "Vragen over het toezicht op verkoop van krasloten aan jongeren onder de 18 jaar en gokverslaafden bij de kraslotenautomaten van de Stichting Nationale Sporttotalisator (zie ook Aanhangsel Handelingen nr. 167, vergaderjaar 2000-2001).", "Rubriek": "Overheidsfinanci\u00c3\u00abn (Kansspelen) Welzijn (Jeugdigen) Welzijn (Verslavingszorg)", "Trefwoorden": "Jeugdigen Kansspelen Verslaving", "Vindplaats": "Kamervragen met antwoord 2001-2002, nr. 200, Tweede Kamer", "Afkomstig van": "2010200220", "Indiener": "Justitie (JUS)", "Partij vertegenwoordiger": "<persoon partij=\"ChristenUnie\">Rouvoet</persoon>", "Datum_reaktie": "\n", "Datum_indiening": "2001-11-02", "vraag 1": "Bent u ervan op de hoogte dat de Stichting Nationale Sporttotalisator kraslotenautomaten exploiteert? Hoeveel van deze automaten zijn er landelijk? Zijn deze over het hele land verspreid dan wel geconcentreerd in bepaalde gemeenten? ", "vraag 2": "Hoe wordt het voorschrift van artikel 14d lid 1 van de Wet op de Kansspelen (namelijk dat personen onder de achttien jaar niet als deelnemer aan een instantloterij mogen worden toegelaten) bij het gebruik van de kraslotenautomaten gehandhaafd? ", "vraag 3": "Deelt u de vrees dat deze wijze van verkoop, meer nog dan de reguliere verkoop van krasloten, het risico in zich bergt dat mensen krasloten blijven kopen en dat gokverslaving aldus in de hand wordt gewerkt? Welke mogelijkheden zijn er om dat tegen te gaan? ", "vraag 4": "Bent u bereid, indien blijkt dat het toezicht op het gebruik van deze automaten door personen jonger dan achttien jaar en gokverslaafden tekortschiet, de exploitatie van deze automaten te verbieden? ", "antwoord 1": "[Ja, het is mij bekend dat de Nationale Sporttotalisator kraslotenautomaten exploiteert. Landelijk zullen er eind oktober 2001 110 van dit soort automaten geplaatst zijn bij verkooppunten verspreid over het land met een relatieve meerderheid (waarbij meer automaten) in de Randstad (zijn geplaatst). De automaten zijn geplaatst bij benzinestations (circa 45) en supermarkten (circa 45). De overige automaten (circa 20) staan bij videotheken, boeken- en tabakswinkels", "antwoord 2": "De kraslotenautomaat wordt geplaatst in het zicht van de balie, zodat het verkopend personeel toezicht kan houden op degenen, die een kraslot aanschaffen. Voorts is door middel van bestickering op het apparaat aangegeven dat deelname door minderjarigen niet is toegestaan. Ieder verkooppunt, waar een kraslotenautomaat staat, is in het bezit van een afstandbediening, waarmee het apparaat kan worden uitgeschakeld. Zodra een minderjarige een kraslot probeert aan te schaffen, wordt de machine uitgeschakeld. Een onafhankelijk toezichthoudend orgaan, houdt steekproefsgewijs toezicht op de verkoop van krasloten aan minderjarigen. Controleurs bezoeken onaangekondigd verkooppunten, waar krasloten worden verkocht en kijken of geen sprake is van verkoop aan minderjarigen. Van de gehouden controles wordt ieder kwartaal een rapportage opgemaakt ten behoeve van de ministeries van Justitie en van Volksgezondheid, Welzijn en Sport en ten behoeve van het College van toezicht op de kansspelen. Indien een verkooppunt in strijd heeft gehandeld met de voorschriften, dan wordt de overeenkomst door de Stichting Nationale Sporttotalisator met het verkooppunt met onmiddellijke ingang voor een periode van ten minste \u00c3\u00a9\u00c3\u00a9n jaar be\u00c3\u00abindigd", "antwoord 3": "Ik deel die vrees niet omdat, zoals bij vraag 2 al is uiteengezet, de Stichting Nationale Sporttotalisator, conform de beschikking instantloterij, voorzorgsmaatregelen heeft genomen. Op dit moment wordt een longitudinaal onderzoek verricht naar de mate van gokverslaving bij deelnemers aan krasloten. Uit het eerste gedeelte van het onderzoek, het prevalentie-onderzoek \u00c2\u00abKraslotverslaving onder kraslotkopers in Nederland\u00c2\u00bb is komen vast te staan dat kraslotverslaving een zeldzaam fenomeen is dat in verhouding met gokverslaving in het algemeen in Nederland, nauwelijks een probleem vertegenwoordigt", "antwoord 4": "Als blijkt dat het toezicht tekort schiet, zal ik maatregelen treffen. ]"}