{"Bibliografische_omschrijving": "Vragen van de leden Mosterd en Van Haersma Buma (beiden CDA) aan de minister van Justitie over de evaluatie van de Puttense moordzaak. (Ingezonden 9 juli 2002); Antwoord", "Bestand": "13Kb", "Permalink": "\nhttp://www.geencommentaar.nl/parlando/index.php?action=doc&filename=KVR16252\n", "Inhoud": "Is de minister alsnog bereid een evaluatie uit voeren van deze zaak en wordt besloten het onderzoek naar de moordzaak te heropenen?", "Rubriek": "Strafrecht en strafprocesrecht (Opsporingsonderzoek) Strafrecht en strafprocesrecht (Vervolging)", "Trefwoorden": "Opsporingen Strafvervolging", "Vindplaats": "Kamervragen met antwoord 2001-2002, nr. 1655, Tweede Kamer", "Afkomstig van": "2010212410", "Indiener": "Justitie (JUS)", "Partij vertegenwoordiger": "<persoon partij=\"CDA\">Mosterd</persoon>", "Datum_reaktie": "\n", "Datum_indiening": "<persoon partij=\"CDA\">Van Haersma Buma</persoon>", "vraag 1": "Wanneer zal worden besloten of het onderzoek naar de Puttense moordzaak zal worden heropend? ", "vraag 2": "Waarom bent u niet bereid een afzonderlijke volwaardige evaluatie van deze zaak te doen uitvoeren, mede gezien de opschudding die de gang van zaken rond het onderzoek en de strafzaak in de samenleving teweeg heeft gebracht? ", "vraag 3": "Bent u alsnog bereid een evaluatie als bedoeld in de vragen van 2 mei jl. te doen uitvoeren en de Kamer van de uitkomsten van dit onderzoek op de hoogte te stellen? ", "antwoord 1": "[]"}