{"Bibliografische_omschrijving": "Vragen van het lid Teeven (Leefbaar Nederland) aan de minister van Justitie over de niet-ontvankelijkheid van het openbaar ministerie te Groningen in een zaak van hulp bij zelfdoding. (Ingezonden 25 juni 2002); Antwoord", "Bestand": "15Kb", "Permalink": "\nhttp://www.geencommentaar.nl/parlando/index.php?action=doc&filename=KVR16107\n", "Inhoud": "Vragen naar aanleiding van een uitspraak van de arrondissementsrechtbank te Groningen op 18 juni 2002.", "Rubriek": "Gezondheidszorg (Euthanasie) Strafrecht en strafprocesrecht (Vervolging)", "Trefwoorden": "Euthanasie Strafvervolging Zelfdoding", "Vindplaats": "Kamervragen met antwoord 2001-2002, nr. 1525, Tweede Kamer", "Afkomstig van": "2010211930", "Indiener": "Justitie (JUS)", "Partij vertegenwoordiger": "<persoon partij=\"Leefbaar Nederland\">Teeven</persoon>", "Datum_reaktie": "\n", "Datum_indiening": "2002-08-21", "vraag 1": "Hebt u kennisgenomen van een uitspraak van de arrondissementsrechtbank te Groningen, 18 juni 2002 waarbij het openbaar ministerie niet-ontvankelijk werd verklaard in haar vervolging ter zake van hulp bij zelfdoding? Is het openbaar ministerie in hoger beroep gegaan tegen het vonnis van de rechtbank? ", "vraag 2": "Zijn het College van Procureurs-Generaal en u betrokken geweest bij de afweging van het openbaar ministerie te Groningen om de betrokken verdachte wel te vervolgen en vier andere personen niet, alhoewel die personen (gelet op het vonnis van de rechtbank) van nagenoeg dezelfde strafbare feiten werden verdacht? Klopt het dat u door het College van Procureurs-Generaals wordt ge\u00c3\u00afnformeerd over alle individuele zaken met betrekking tot euthanasie en/of hulp bij zelfdoding waarin door het openbaar ministerie al dan niet vervolging wordt ingesteld? ", "vraag 3": "Wat zijn de overwegingen geweest voor het openbaar ministerie om in deze zaak tot vervolging over te gaan, gelet op het feit dat de rechtbank Groningen in een overweging ten overvloede uitspreekt, dat haar niet is gebleken van omstandigheden dat tot een inhoudelijke behandeling van de ten laste gelegde feiten uit het oogpunt van maatschappelijk belang, dient te worden overgegaan? ", "antwoord 1": "[Ja. Het openbaar ministerie is in hoger beroep gegaan tegen het vonnis van de rechtbank", "antwoord 2": "Het voornemen om strafvervolging in te stellen tegen de betrokken verdachte, is ter kennis gebracht van het College van procureurs-generaal. Het College heeft mijn ambtsvoorganger hierover vervolgens ge\u00c3\u00afnformeerd. Het College is niet expliciet in kennis gesteld van de beslissing van het openbaar ministerie te Groningen om de andere vier betrokkenen niet te vervolgen. Het College van procureurs-generaal informeert de minister van Justitie niet over alle individuele zaken met betrekking tot euthanasie en/of hulp bij zelfdoding. Hiervoor bestaat ook geen aanleiding. Het College kan een geval van euthanasie of hulp bij zelfdoding ter informatie of ter instemming aan de minister van Justitie voorleggen. In de navolgende categorie\u00c3\u00abn gevallen legt het College steeds de voorgenomen beslissing schriftelijk aan de minister ter instemming voor: \u00e2\u20ac\u201c alle gevallen van euthanasie en hulp bij zelfdoding, waarin een regionale toetsingscommissie tot het oordeel \u00c2\u00abonzorgvuldig\u00c2\u00bb is gekomen; \u00e2\u20ac\u201c alle gevallen waarin er aanleiding is te betwijfelen of de pati\u00c3\u00abnt zich ten tijde van het verzoek tot levensbe\u00c3\u00abindiging ten volle bewust was van de strekking hiervan en/of zijn lichamelijke situatie. Die twijfel doet zich onder andere voor: a. indien er geheel geen verzoek tot levensbe\u00c3\u00abindiging aanwezig is; b. er wel een eerder verzoek tot levensbe\u00c3\u00abindiging is, maar de pati\u00c3\u00abnt op het moment van het verzoek tot levensbe\u00c3\u00abindiging wilsonbekwaam is; c. er sprake is van een minderjarige (&lt; 18 jaar); d. er sprake is van een pati\u00c3\u00abnt wiens lijden primair van psychische oorsprong is", "antwoord 3": "De betrokken verdachte is reeds jaren als zogeheten zelfdodingsconsulent werkzaam en uit dien hoofde vaker bij zelfdodingen betrokken geweest. Uit het strafrechtelijk onderzoek kon worden opgemaakt dat de betrokken verdachte zich naar alle waarschijnlijkheid in de toekomst met hulp bij zelfdoding zou blijven bezighouden, waarbij rekening moest worden gehouden met recidivegevaar. Naar het oordeel van het openbaar ministerie te Groningen verschillen de rol en de (persoonlijke) omstandigheden van de betrokken verdachte in aanmerkelijk mate van die van de overige betrokken personen, die niet strafrechtelijk zijn vervolgd. Voor het overige meen ik dat het mij, in de rol van minister van Justitie, niet past om in deze individuele zaak diepgaander in te gaan op de al dan niet ten overvloede uitgesproken overwegingen van de rechtbank. Dit geldt te meer nu de strafprocedure nog gaande is en het Gerechtshof zich nog over de zaak zal uitspreken. ]"}