{"Bibliografische_omschrijving": "Vragen van het lid Kant (SP) aan de minister van Volksgezondheid, Welzijn en Sport over een maagzuurremmer.(Ingezonden 19 november 1999); Antwoord", "Bestand": "18Kb", "Permalink": "\nhttp://www.geencommentaar.nl/parlando/index.php?action=doc&filename=KVR10779\n", "Inhoud": "Vragen over de maagzuurremmer Losec (omeprazol) van de fabrikant Astra en de vervanging daarvan door een nieuw soort tablet, een zogenoemde 'mups' (multiple unit pellet system), in relatie tot het octrooi op Losec.", "Rubriek": "Burgerlijk recht en burgerlijk procesrecht (Intellectueel en industrieel eigendom) Gezondheidszorg (Geneesmiddelen)", "Trefwoorden": "Geneesmiddelen Octrooien", "Vindplaats": "Kamervragen met antwoord 1999-2000, nr. 465, Tweede Kamer", "Afkomstig van": "2990003040", "Indiener": "Volksgezondheid, Welzijn en Sport", "Partij vertegenwoordiger": "<persoon partij=\"SP\">Kant</persoon>", "Datum_reaktie": "\n", "Datum_indiening": "1999-12-15", "vraag 1": "Is het u bekend dat maagzuurremmer Losec (omeprazol) van de fabrikant Astra op nummer 1 staat van zowel de lijst van geneesmiddelen waar in ons land het meeste geld aan wordt uitgegeven als van de lijst van stijgers in 1998? 1, 2 ", "vraag 2": "Klopt het dat het Nederlandse octrooi eind 2002 vervalt? Wat is de precieze datum van aanmelding bij het College ter beoordeling van geneesmiddelen voor lijst 1b? ", "vraag 3": "Kloppen de berichten dat Astra de afgelopen tijd in snel tempo de capsules van de markt haalde om ze te vervangen door een nieuw soort tablet, een zogenoemde \u00c2\u00abmups\u00c2\u00bb, multiple unit pellet system? ", "vraag 4": "Is het u bekend dat de fabrikant in Zweden heeft geprobeerd de registratie van de capsules op te heffen bij de introductie van de \u00c2\u00abmups\u00c2\u00bb maar dat een Zweedse rechtbank heeft uitgesproken dat beide soorten omeprazol gelijk zijn? Zo ja, deelt u de mening dat tussen de twee vormen van Losec geen enkel therapeutisch verschil is aangetoond? ", "vraag 5": "Bent u het eens met de voormalig voorzitter van de KNMP dat er medisch-inhoudelijk geen enkele behoefte is aan de \u00c2\u00abmups\u00c2\u00bb, en dat de vervanging alles te maken heeft met het aflopen van het octrooi? ", "vraag 6": "Vindt u de vervanging van capsules door \u00c2\u00abmups\u00c2\u00bb acceptabel? Zo nee, wat kunt en gaat u hiertegen doen? ", "vraag 7": "Is het octrooi in Duitsland in april al verlopen, maar mogen daar op de markt gebrachte generieke middelen ook niet hier worden ge\u00c3\u00afmporteerd tot de dag dat het Nederlandse octrooi afloopt? Zo ja, hoe strookt deze octrooibescherming per land met het vrije verkeer van goederen, diensten en mensen in Europa? ", "vraag 8": "Is het waar dat Astra Zeneca in Turkije wel generieke middelen met de werkzame stof Omeprazol op de markt heeft gebracht met een prijs die ruim 35% lager ligt dan Losec? Zo ja, hoeveel zouden we theoretisch kunnen besparen indien deze Turkse Losec hier ge\u00c3\u00afmporteerd mocht worden? ", "vraag 9": "Onderschrijft u de stelling van de KNMP dat \u00c2\u00abHoe meer de markt bedreigd wordt, hoe meer de industrie slimme trucs probeert uit te halen\u00c2\u00bb? Zo ja, kunt u daar voorbeelden van geven? Wat onderneemt u hiertegen, en in hoeverre schaadt dat de door de industrie gewenste positie als betrouwbare partner in de discussie over kostenbeheersing? ", "antwoord 1": "[Ja", "antwoord 2": "Het Europese octrooi is op 3 april 1999 verlopen. Per 15 november 2002 vervalt de bescherming die het zogenaamde aanvullende beschermingscertificaat op grond van de desbetreffende Europese Verordening biedt. Het aanvullend beschermingscertificaat kan de bescherming van het intellectuele eigendom met maximaal 5 jaar verlengen. Onderscheid dient te worden gemaakt tussen de registratie bij het College ter beoordeling van geneesmiddelen van een geneesmiddel waarmee een vergunning voor het in de handel brengen wordt verkregen en de plaatsing op een lijst van het Geneesmiddelenvergoedingssysteem (GVS) waarmee de vergoeding in het kader van de ziekenfondsverzekering wordt geregeld. Losec is samen met een aantal andere protonpompremmers geplaatst in een cluster op lijst 1A van het GVS. Dat wil zeggen dat voor die geneesmiddelen eenzelfde vergoedingslimiet geldt", "antwoord 3": "Ja", "antwoord 4": "Het is mij bekend dat de fabrikant in Zweden de registratie van de capsules heeft ingetrokken en vervolgens heeft geprobeerd parallelimport van capsules te verhinderen die is gebaseerd op de registratie van de \u00c2\u00abmups\u00c2\u00bb. In eerste aanleg heeft de Zweedse rechter geoordeeld dat parallelimport moet worden toegestaan. In hoger beroep heeft de Zweedse rechter echter anders geoordeeld. De juridische procedure ter zake in Zweden is evenwel nog niet afgerond. Het al of niet op de markt brengen van een geneesmiddel of het aanpassen van de vergunning voor het in de handel brengen is primair een aangelegenheid van de desbetreffende registratiehouder. AstraZeneca heeft Losec Mups in Zweden geregistreerd met gebruikmaking van hetzelfde dossier als voor Losec-capsules. Dit houdt in dat er bio-equivalentie bestaat tussen beide toedieningsvormen. Op grond hiervan kunnen tussen deze toedieningsvormen geen klinisch relevante verschillen bestaan. Het is derhalve naar mijn mening goed mogelijk dat vervanging van de ene variant van Losec (capsules) door de andere variant (mups) is ingegeven door commerci\u00c3\u00able overwegingen van de desbetreffende registratiehouder. Ondernemingen leggen daarbij inderdaad een grote mate van creativiteit aan de dag. Voorzover (multinationale) ondernemingen binnen de grenzen van de desbetreffende (Europese) regelgeving blijven kan ik daar niets aan doen. Indien er sprake zou zijn van een economische machtspositie op een relevante markt zouden sommige handelswijzen wellicht op grond van de Mededingingswet of de Europese mededingingsbepalingen zijn verboden. De Nederlandse mededingingsautoriteit (NMa) voert de Mededingingswet uit. In Europees verband wordt thans in het kader van de herziening van de Europese wetgeving aandacht besteed aan mogelijkheden tot oneigenlijk gebruik van regelgeving voor commerci\u00c3\u00able doeleinden. Daarnaast wordt binnen de bestaande wetgeving bekeken hoe de oorspronkelijke bedoeling van de Europese wetgever zoveel mogelijk tot zijn recht kan komen. Nederland speelt hierbij een zeer actieve rol. Ik zal u hierover te zijner tijd nader informeren", "antwoord 5": "Ja, dat wil zeggen totdat de looptijd van het Aanvullend beschermingscertificaat in Nederland is verstreken. Het ontwikkelen van nieuwe geneesmiddelen is een zeer kostbare en risicovolle aangelegenheid. De bescherming door een (nationaal) octrooi verschaft de houder daarvan exclusiviteit ten aanzien van het op de markt brengen en de exploitatie van het geoctrooieerde geneesmiddel om hem de mogelijkheid te bieden de onderzoeks- en ontwikkelingskosten terug te verdienen. Voorzover de looptijd van het octrooi op het werkzame bestanddeel omeprazol in Duitsland (inclusief de looptijd van het aanvullende beschermingscertificaat) al is verstreken en in Nederland nog niet, is inderdaad de consequentie daarvan dat rechtmatig op de Duitse markt gebrachte generieke omeprazol niet zonder toestemming van de Nederlandse houder van het octrooi voor omeprazol (AstraZeneca) in Nederland op de markt mag worden gebracht. Een en ander strookt volledig met het vrije verkeer van goederen, diensten en mensen in Europa op grond van het EG-verdrag. Door of namens de houder van het Nederlandse octrooi (AstraZeneca) in de Europese Unie in de handel gebrachte Losec kan wel in Nederland rechtmatig op de markt worden gebracht via parallelle import/groothandel", "antwoord 6": "Het is mij niet bekend of AstraZeneca in Turkije een geneesmiddel met de werkzame stof omeprazol tegen een prijs die ruim 35% lager ligt dan Losec op de markt heeft gebracht. Gezien het feit dat Turkije geen deel uitmaakt van de Europese Economische Ruimte zijn geneesmiddelen die in Turkije op de markt zijn niet beschikbaar voor de Nederlandse markt. De theoretisch te behalen besparingen zijn derhalve niet relevant. ]"}