{"Bibliografische_omschrijving": "Vragen van de leden Karimi (GroenLinks), Koenders (PvdA), Van Bommel (SP), Verburg (CDA) en Van 't Riet (D66) aan de ministers van Volkshuisvesting, Ruimtelijke Ordening en Milieubeheer en voor Ontwikkelingssamenwerking en de staatssecretaris van Economische Zaken over de publicatie \u00c2\u00abWater, mensenrecht of handelswaar\u00c2\u00bb en de WTO. (Ingezonden 18 april 2002); Mededeling", "Bestand": "14Kb", "Permalink": "\nhttp://www.geencommentaar.nl/parlando/index.php?action=doc&filename=KVR15727\n", "Inhoud": "Vragen over de publicatie 'Water, mensenrecht of handelswaar'van de Vereniging Milieudefensie, waarin gepleit wordt voor het uitsluiten van water in de tariefonderhandelingen in de General Agreement on Trade in Services (GATS) binnen de Wereldhandelsorganisatie (WTO).", "Rubriek": "Energie, water en grondstoffen (Watervoorziening) Handel en economie (Internationale handel)", "Trefwoorden": "Drinkwater Internationale handel Watervoorziening", "Vindplaats": "Kamervragen met antwoord 2001-2002, nr. 1203, Tweede Kamer", "Afkomstig van": "2010209330", "Indiener": "Volkshuisvesting, Ruimtelijke Ordening en Milieubeheer (VROM)", "Partij vertegenwoordiger": "<persoon partij=\"GroenLinks\">Karimi</persoon>", "Datum_reaktie": "\n", "Datum_indiening": "<persoon partij=\"PvdA\">Koenders</persoon>", "vraag 1": "Bent u bekend met de publicatie \u00c2\u00abWater, mensenrecht of handelswaar\u00c2\u00bb van de vereniging Milieudefensie? Wat is uw algemene oordeel over deze publicatie? ", "vraag 2": "Bent u van mening dat toegang tot veilig en schoon drinkwater een eerste levensbehoefte van mensen is en derhalve tot de fundamentele verantwoordelijkheden van de overheid behoort? ", "vraag 3": "Bent u van mening dat water uitgesloten zou moeten worden in de GATS (General Agreement on Trade in Services) onderhandelingen binnen de WTO (World Trade Organization)? Zo ja, bent u bereid dit in de EU te bepleiten? Zo neen, waarom niet? Hoe verhoudt zich dit tot het feit dat daar waar vele EU-landen niet privatiseren een privatiseringsvoorwaarde voor ontwikkelingslanden leidt tot een oneerlijk level playing field? ", "vraag 4": "Bent u van mening dat iedere vorm van privatisering van water geschrapt zou moeten worden als voorwaarde voor leningen van het IMF (International Monetary Fund) en de WereldBank? Zo neen, waarom niet? ", "vraag 5": "Op welke wijze zult u het nationaal beleid om water niet te privatiseren in overeenstemming brengen met de Nederlandse inzet in internationale onderhandelingen om water wel tot onderwerp van liberaliseringsonderhandelingen te maken? ", "antwoord 1": "[]"}