{"Bibliografische_omschrijving": "Vragen van de leden Hindriks (PvdA), Van Walsem (D66), Blok (VVD), Wijn (CDA), Hamer (PvdA), Udo (VVD), Biesheuvel (CDA) en Geluk (VVD) aan de minister van Economische Zaken over de Midden- en Klein Bedrijf (MKB)-route in het HBO. (Ingezonden 2 november 1999); Antwoord", "Bestand": "14Kb", "Permalink": "\nhttp://www.geencommentaar.nl/parlando/index.php?action=doc&filename=KVR10603\n", "Inhoud": "Vragen naar aanleiding van het feit dat Machinefabriek Van der Klift te Rotterdam een vergunning heeft verkregen voor een Kennisdrager in het Midden- en Kleinbedrijf (KIM) en dat de student die de Midden- en Kleinbedrijf-route (MKB-route) in het HBO volgde bij die fabriek, deze KIM-plaats niet kan vervullen omdat de MKB-route als voorgaand contract wordt gezien.", "Rubriek": "Bedrijfsleven en industrie (Midden- en kleinbedrijf) Hoger onderwijs (Universiteiten en hogescholen)", "Trefwoorden": "Hbo Midden- en kleinbedrijf", "Vindplaats": "Kamervragen met antwoord 1999-2000, nr. 310, Tweede Kamer", "Afkomstig van": "2990002120", "Indiener": "Economische Zaken (EZ)", "Partij vertegenwoordiger": "<persoon partij=\"VVD\">Blok</persoon>", "Datum_reaktie": "\n", "Datum_indiening": "<persoon partij=\"D66\">Van Walsem</persoon>", "vraag 1": "Bent u bekend met de Midden en Klein Bedrijf (MKB)-route in het HBO? ", "vraag 2": "Is het u bekend dat Machinefabriek Van der Klift te Rotterdam een vergunning heeft verkregen voor een Kennisdrager in het Midden en Kleinbedrijf (KIM-regeling)? ", "vraag 3": "Is het u bekend dat de student die de MKB-route volgde bij Machinefabriek Van der Klift te Rotterdam deze KIM-plaats niet kan vervullen omdat de MKB-route als voorgaand contract wordt gezien? ", "vraag 4": "Hoe beoordeelt u het feit dat aldus een KIM-plaats niet ingevuld kan worden terwijl de KIM-regeling een uitstekende vervolgstap op de MKB-route zou kunnen zijn? ", "vraag 5": "Kunt u aangeven op welke wijze de MKB-route in het HBO kan aansluiten op andere kennisversterkende beleidsmaatregelen voor het MKB zoals de KIM-regeling? ", "vraag 6": "Bent u bereid de KIM-regeling zo aan te passen dan wel te interpreteren dat de bedoelde student alsnog de KIM-plaats bij Machinefabriek Van der Klift te Rotterdam, waarvoor vergunning was verkregen, kan innemen? ", "antwoord 1": "[Ja", "antwoord 2": "Ja, machinefabriek Van der Klift heeft een positieve beschikking gekregen voor de KIM-regeling", "antwoord 3": "Het klopt dat de betreffende student de KIM-plaats niet kan vervullen, omdat hier sprake is van een formeel dienstverband met de werkgever", "antwoord 4": "In de MKB-route is een belangrijk doel de \u00c2\u00abkennismaking\u00c2\u00bb en kenniscirculatie tussen hoger opgeleide (in opleiding) en de MKB\u00e2\u20ac\u2122er. De KIM-regeling richt zich in feite op hetzelfde doel, maar dan door middel van afgestudeerden. In die zin sluiten beide goed op elkaar aan. In de voorwaarden voor een KIM-subsidie is opgenomen dat de kennisdrager geen formeel dienstverband met het bedrijf mag hebben gehad. De argumentatie hiervoor is dat het niet zo mag zijn dat een MKB\u00e2\u20ac\u2122er subsidie krijgt voor werknemers die reeds in dienst zijn of zijn geweest. In sommige gevallen zoals bij vakantiewerkers of bij deelnemers van een MKB-route zorgt deze voorwaarde voor uitsluitingen, die niet in lijn zijn met het doel van de regeling. Met formele wijzigingen van de regeling, wil ik wachten totdat de resultaten van de evaluatie van de regeling bekend zijn. Dat zal begin volgend jaar zijn. ]"}