{"Bibliografische_omschrijving": "Vragen van het lid Verhagen (CDA) over wapenleveranties aan Hutu's. (Ingezonden 31 mei 1995); Antwoord", "Bestand": "14Kb", "Permalink": "\nhttp://www.geencommentaar.nl/parlando/index.php?action=doc&filename=KVR1603\n", "Inhoud": "Internationale betrekkingen (Overig) Veiligheidsbeleid en defensie (Militair materieel)", "Rubriek": "Rwanda Wapens", "Trefwoorden": "Kamervragen met antwoord 1994-1995, nr. 955, Tweede Kamer", "Vindplaats": "Buitenlandse Zaken", "Afkomstig van": "<persoon partij=\"CDA\">Verhagen</persoon>", "Indiener": "\n", "Partij vertegenwoordiger": "1995-06-26", "Datum_reaktie": "1995-05-31", "Datum_indiening": "KVR1603", "vraag 1": "Kent het rapport van Human Rights Watch, dat melding maakt van betrokkenheid van Za\u00c4\u00b1\u00c2\u00a8re en Frankrijk bij herbewapening van Hutu\u00e2\u20ac\u2122s? ", "vraag 2": "Levert Frankrijk, in weerwil van het VN-wapenembargo, via Za\u00c4\u00b1\u00c2\u00a8re wapens bestemd voor Hutu-troepen in (vluchtelingen)kampen? ", "vraag 3": "Blijft Frankrijk hoge Hutu-officieren trainen in de Centraal Afrikaanse Republiek? ", "vraag 4": "Hoe verhoudt de Franse handelwijze zich tot de EU-opstelling terzake van het conflict in Ruanda en Burundi? ", "vraag 5": "Hoe beoordeelt de Nederlandse regering de Franse handelwijze? ", "vraag 6": "Zal de Nederlandse regering in EU- en VN-verband er uitdrukkelijk op aandringen dat ook Frankrijk zich houdt aan het VN-wapenembargo? ", "antwoord 1": "[Ja, dit rapport is mij bekend", "antwoord 2": "De Franse regering heeft de beschuldigingen van Human Rights Watch van de hand gewezen. Zij stelt dat Frankrijk het wapenembargo tegen Rwanda volledig naleeft en dat de Franse autoriteiten sinds de inwerkingtreding van het embargo geen export-vergunning hebben verstrekt voor wapenleveranties aan Rwanda. Ook wordt door de Franse regering ten stelligste ontkend dat Frankrijk soldaten van het voormalig Rwandese leger en Hutu-milities traint in de Centraal Afrikaanse Republiek. De Nederlandse regering heeft geen reden aan deze verklaringen te twijfelen en ziet derhalve geen aanleiding om aan te dringen op handhaving van het wapenembargo door Frankrijk. In verband met de wapenleveranties aan het voormalig Rwandese leger heeft de Veiligheidsraad op 9 juni, gelijktijdig met het besluit tot verlenging van het mandaat van UNAMIR, besloten het wapenembargo tegen Rwanda aan te scherpen. Het embargo bevat nu eveneens een verbod op de verkoop of het verstrekken van wapens of materieel zoals gespecificeerd in Veiligheidsraadresolutie 918/94 aan personen in de buurstaten van Rwanda, indien de goederen bedoeld zijn voor gebruik in Rwanda. Op verzoek van de Veiligheidsraad zal de Secretaris-Generaal van de Verenigde Naties de mogelijkheden voor monitoring van vliegvelden in Oost-Za\u00c4\u00b1\u00c2\u00a8re bespreken met de Za\u00c4\u00b1\u00c2\u00a8rese autoriteiten. ]"}