{"Bibliografische_omschrijving": "Vragen van de leden Albayrak en Middel (beiden PvdA) aan de staatssecretaris van Justitie over de erkenning van documenten uit Noord-Irak. (Ingezonden 22 april 2002); Antwoord", "Bestand": "14Kb", "Permalink": "\nhttp://www.geencommentaar.nl/parlando/index.php?action=doc&filename=KVR15815\n", "Inhoud": "Vragen over beoordeling van documenten (met name huwelijksakten) uit Noord-Irak ten behoeve van een aanvraag voor gezinsvorming.", "Rubriek": "Staats- en bestuursrecht (Vreemdelingenrecht) Welzijn (Vreemdelingen en asielzoekers)", "Trefwoorden": "Irak Vreemdelingen", "Vindplaats": "Kamervragen met antwoord 2001-2002, nr. 1275, Tweede Kamer", "Afkomstig van": "2010209440", "Indiener": "Justitie (JUS)", "Partij vertegenwoordiger": "<persoon partij=\"PvdA\">Albayrak</persoon>", "Datum_reaktie": "\n", "Datum_indiening": "<persoon partij=\"PvdA\">Middel</persoon>", "vraag 1": "Bent u bekend met het feit dat over de authenticiteit van documenten (met name huwelijksakten) uit Noord-Irak, die ten behoeve van een aanvraag voor gezinsvorming door statushouders worden overgelegd, door de IND geen uitspraak wordt gedaan? ", "vraag 2": "Bent u ervan op de hoogte dat de consequentie van deze praktijk is dat personen uit Noord-Irak die over een verblijfsvergunning beschikken, hun partners uit Noord-Irak niet kunnen laten overkomen naar Nederland, terwijl ze overigens aan alle voorwaarden voor gezinsvorming voldoen? ", "vraag 3": "Bent u bereid \u00e2\u20ac\u201c gezien ook het door de regering gehuldigde standpunt dat Noord-Irak feitelijk over een regering beschikt \u00e2\u20ac\u201c te bezien hoe documenten uit Noord-Irak in het kader van gezinsvorming op authenticiteit kunnen worden beoordeeld als verder aan alle andere voorwaarden voor gezinsvorming is voldaan? ", "antwoord 1": "[Ja. Er wordt geen uitspraak gedaan over de waarde van de overgelegde akten. Het algemeen ambtsbericht van de minister van Buitenlandse Zaken inzake Noord-Irak van 11 april 2001 meldt namelijk dat in Noord-Irak vrijwel alle mogelijke authentieke en vervalste documenten in omloop zijn en dat ook documenten die authentiek ogen derhalve geen volkomen zekerheid geven over de identiteit van de houder. Aan de andere kant geldt dat, als personen een niet-authentiek document gebruiken, dat niet hoeft te betekenen dat de identiteit van de houders niet zou kloppen met de gegevens in de documenten. Verder is in het ambtsbericht vermeld dat aldus ieder paspoort of document, of het nu \u00c2\u00abecht\u00c2\u00bb of \u00c2\u00abvals\u00c2\u00bb, is, een beperkte waarde heeft", "antwoord 2": "Nee. weliswaar bleek bij onderzoek door het Bureau Documenten van de IND dat vrijwel alle daar onderzochte documenten uit Noord-Irak onregelmatigheden vertoonden, zodat daarmee reeds geen genoegen werd genomen, maar de praktijk is dat op andere wijze wordt geprobeerd enige mate van zekerheid te verkrijgen over de gestelde rechtsfeiten, zoals een huwelijk. In dat laatste geval wordt als regel overgegaan tot het stellen van identificerende vragen, op grond van het feit dat de aanvrager of referent in bewijsnood verkeert (Vreemdelingencirculaire 2000, hoofdstuk B2/12.5)", "antwoord 3": "Nederland beschouwt de republiek Irak als geheel, met Bagdad als het centrale gezag. Hoewel er een Nederlandse vertegenwoordiging in de hoedanigheid van een Tijdelijk Zaakgelastigde voor Bagdad is, kunnen documenten uit Irak op dit moment niet worden gelegaliseerd (noch geverifieerd). De mogelijkheden voor legalisatie (waardoor de authenticiteit van documenten wordt vastgesteld) en verificatie (waarbij in geval van gerede twijfel onderzoek wordt gedaan naar de inhoudelijke juistheid van het document) worden thans in kaart gebracht. De werkwijze, vermeld in het antwoord op vraag 2, wordt gevolgd totdat tenminste duidelijkheid is verkregen over bedoelde mogelijkheden. ]"}