{"Bibliografische_omschrijving": "Vragen van de leden De Pater-van der Meer en Eurlings (beiden CDA) aan de minister van Verkeer en Waterstaat over het ARFF-systeem. (Ingezonden 16 oktober 2001); Antwoord", "Bestand": "16Kb", "Permalink": "\nhttp://www.geencommentaar.nl/parlando/index.php?action=doc&filename=KVR14530\n", "Inhoud": "Vragen naar aanleiding van een beoordelingsrapport dat de Stichting Wetenschappelijk Onderzoek Verkeersveiligheid (SWOV) over het ARFF-systeem (Automatic Rear Fog Flashlight) heeft uitgebracht. Brandt het mistachterlicht en gaat de bestuurder remmen, dan gaat het mistachterlicht knipperen.", "Rubriek": "Verkeer, vervoer en waterstaat (Verkeersveiligheid)", "Trefwoorden": "Verkeersveiligheid", "Vindplaats": "Kamervragen met antwoord 2001-2002, nr. 192, Tweede Kamer", "Afkomstig van": "2010201080", "Indiener": "Verkeer en Waterstaat (VW)", "Partij vertegenwoordiger": "<persoon partij=\"CDA\">De Pater-van der Meer</persoon>", "Datum_reaktie": "\n", "Datum_indiening": "<persoon partij=\"CDA\">Eurlings</persoon>", "vraag 1": "Bent u bekend met het ARFF-systeem (Automatic Rear Fog Flashlight), en het beoordelingsrapport dat de Stichting Wetenschappelijk Onderzoek Verkeersveiligheid (SWOV) over dit systeem heeft uitgebracht? ", "vraag 2": "Deelt u de mening dat, teneinde het aantal kop-staart botsingen tot een minimum te beperken, een goede signalering van de achterzijde gedurende remmanoeuvres gewenst \u00c3\u00a9n noodzakelijk is? ", "vraag 3": "Onderschrijft u de conclusies van de SWOV dat \u00e2\u20ac\u201c als een mogelijk positief effect op de verkeersveiligheid kan worden verwacht \u00e2\u20ac\u201c het voorstel tot nader onderzoek gehonoreerd moet worden? ", "vraag 4": "Zo ja, per wanneer bent u voornemens het voorstel tot nader onderzoek te honoreren? Zo neen, op basis waarvan komt u tot een andere conclusie dan de SWOV? ", "antwoord 1": "[Ik ben bekend met het ARFF-systeem. Het is een door de uitvinder ervan, de heer Gerlo, gepatenteerd systeem dat erin voorziet dat, als mistachterlicht wordt gevoerd, dit gaat knipperen als er geremd wordt. De bedoeling hiervan is het voorkomen van mistongevallen. In aansluiting op de internationaal geharmoniseerde voertuigeisen staat het Voertuigreglement dit gebruik van de mistachterlichten niet toe. De bijdrage van een dergelijk systeem aan slachtofferreductie is overigens beperkt. In Nederland vallen de laatste 6 jaar bij kop-staartbotsingen in de mist gemiddeld 0,8 doden en 18 ziekenhuisgewonden per jaar, waarvan te betwijfelen valt of die met dit systeem niet gevallen zouden zijn. Enerzijds omdat het niet functioneert als een mistbank wordt ingereden; dan brandt het mistachterlicht namelijk niet. Anderzijds omdat de effectiviteit van geen enkel systeem 100% is; Ik ben ook bekend met het SWOV-rapport uit 1996 (D-96\u00e2\u20ac\u201c1). De SWOV zag zowel positieve als negatieve aspecten aan het systeem, beval onderzoek aan en adviseerde de werking van een ARFF-systeem, zo dit voor toepassing in aanmerking zou komen, vooral te richten op situaties die betrekking hebben op hard remmen en stilstaan bij dichte mist", "antwoord 2": "Een groot aantal kop-staartbotsingen, al dan niet in de mist, ontstaat doordat onvoldoende afstand wordt gehouden en door pure onoplettendheid, waardoor zelfs met de best mogelijke signalering een ongeval niet is te voorkomen. Niettemin zou verbetering van de signalering van remmanoeuvres een bijdrage kunnen leveren aan het terugdringen van het aantal en de ernst van kop-staartbotsingen. Hierbij kan met name gedacht worden aan een onderscheid in signalering tussen bijremmen en een noodstop. Voordat de in ontwikkeling zijnde elektronische systemen die zo nodig zelf ingrijpen om een botsing te voorkomen algemeen ingang hebben gevonden zijn we vele jaren verder. Het loont dus zeker de moeite om de bestaande signalering te optimaliseren", "antwoord 3": "Het Verbond van Verzekeraars heeft een onderzoek naar het ARFF-systeem laten doen. Het heeft dit laten uitvoeren door de heer Gerlo zelf. De voornaamste conclusie ervan was dat mistachterlichten vanaf een grotere afstand zichtbaar zijn dan remlichten en (waarschuwings)knipperlichten. Dat was echter al bekend. Inmiddels heeft de heer Gerlo zijn systeem uitgebreid met een noodstopalarmsysteem (ESWS: Emergency Stop Warning System). Hiermee voorziet het in een functie zoals vermeld in mijn antwoord op vraag 2. Op dit gebied is en wordt ook door automobielfabrikanten en buitenlandse onderzoeksinstellingen onderzoek verricht. Tijdens een recente vergadering van de GRE (de verlichtingsexperts van de Economische Commissie voor Europa van de Verenigde Naties) is door de BAST (Bundesanstalt f\u00c3\u00bcr Sta\u00c3\u0178enwesen, Duitsland) een presentatie gegeven over de resultaten van zo\u00e2\u20ac\u2122n onderzoek, waarin voor de meest effectieve geteste configuratie een winst van gemiddeld 0,5 seconde reactietijd werd gevonden. Bij een snelheid van 100 km/u betekent dit een verkorting van de remweg met 14 meter. De Duitse delegatie heeft aangekondigd in de volgende GRE-vergadering met een concreet voorstel te komen voor aanpassing van de voertuigreglementering om de invoering van een dergelijk systeem mogelijk te maken. Nederland zal dit initiatief uiteraard steunen. Als er ten behoeve van de besluitvorming nog nader onderzoek noodzakelijk mocht zijn, dan ben ik bereid hieraan een bijdrage te leveren", "antwoord 4": "Zie het antwoord op vraag 3. ]"}