{"Bibliografische_omschrijving": "Vragen van de leden Koenders en Santi (beiden PvdA) aan de ministers van Buitenlandse Zaken en voor Ontwikkelingssamenwerking over de overeenkomst in Malino. (Ingezonden 19 februari 2002); Antwoord", "Bestand": "15Kb", "Permalink": "\nhttp://www.geencommentaar.nl/parlando/index.php?action=doc&filename=KVR15197\n", "Inhoud": "Vragen over de 'Overeenkomst in Malino' die moslims en christenen uit de Molukken hebben ondertekend. Gevraagd wordt onder meer wat voor rol Nederland en andere landen hierbij hebben gespeeld.", "Rubriek": "Internationale betrekkingen (Overig)", "Trefwoorden": "Indonesi\u00c3\u00ab", "Vindplaats": "Kamervragen met antwoord 2001-2002, nr. 736, Tweede Kamer", "Afkomstig van": "2010206510", "Indiener": "Buitenlandse Zaken (BUZA)", "Partij vertegenwoordiger": "<persoon partij=\"PvdA\">Koenders</persoon>", "Datum_reaktie": "\n", "Datum_indiening": "<persoon partij=\"PvdA\">Santi</persoon>", "vraag 1": "Hoe beoordeelt u de \u00c2\u00abOvereenkomst in Malino\u00c2\u00bb die moslims en christenen uit de Molukken hebben ondertekend? Wat voor rol hebben Nederland en andere landen hierbij gespeeld? ", "vraag 2": "Welke verplichtingen zijn daarbij door de Indonesische regering aangegaan ten aanzien van het onpartijdig verzorgen van de openbare orde en de wederopbouw van vernielde wijken, dorpen en openbare gebouwen? Welke ondersteunende rol kan daarbij gespeeld worden door Nederland en de EU? ", "vraag 3": "Hoe beoordeelt u het rapport van de International Crisis Group ten aanzien van het probleem op de Molukken en welke ondersteunende rol ziet u daarbij voor Nederland of de EU? ", "antwoord 1": "[Ik beoordeel de uitkomst van de onder auspici\u00c3\u00abn van de Indonesische regering gehouden vredesbesprekingen tussen Molukse moslims en christenen als een belangrijke en hoopgevende stap op weg naar duurzame vrede in het gebied. Het is positief dat aan de onderhandelingen werd deelgenomen door representatieve groepen uit de bevolking, een duidelijke indicatie dat de grote meerderheid van de Molukse bevolking een einde wil zien aan het conflict. Dat de Indonesische regering zich nadrukkelijk partij heeft verklaard bij de implementatie van het elf punten akkoord is eveneens van groot belang. Zij is immers verantwoordelijk voor de verbetering van de veiligheidssituatie. Nederland noch enig ander land is bij deze onderhandelingen direct betrokken geweest. Wel heeft Nederland, net als het VK en de VS, morele steun uitgesproken voor het Malino-proces. Ook heeft de Nederlandse ambassade kort na de ondertekening van het vredesakkoord een verklaring afgegeven waarin de Nederlandse regering de uitkomst van het Malino-proces verwelkomt en de hoop uitspreekt dat het akkoord een bijdrage zal leveren aan duurzame vrede in het gebied", "antwoord 2": "De Indonesische regering heeft zich in het akkoord verplicht tot een onpartijdig optreden van leger en politie, het confisqueren van illegale wapens, het instellen van een onafhankelijke commissie van onderzoek naar de gewelddaden en tot het bijdragen aan wederopbouw. Voorts heeft co\u00c3\u00b6rdinerend minister Yudhoyono bij zijn bezoek van 20 en 21 februari aan de Molukken 3 miljard rupiah toegezegd als compensatie voor de families van de slachtoffers van het conflict. Nederland steunt reeds geruime tijd wederopbouwprogramma\u00e2\u20ac\u2122s in de provincies Noord-Molukken en Molukken (Kei-eilanden) en financiert hulp aan slachtoffers in de provincie Molukken. Als de situatie in de provincie Molukken in vervolg op het Malino-akkoord verder verbetert is Nederland ook bereid bij te dragen aan de wederopbouw in dat gebied. Nederland heeft in EU-verband eveneens aangedrongen op spoedige ondersteuning, in woord en daad, van het Malino-proces", "antwoord 3": "Het rapport van de International Crisis Group (ICG), gepubliceerd vlak voor de ondertekening van het vredesakkoord, zet nog eens helder uiteen hoe het conflict op de Molukken heeft kunnen ontstaan en welke factoren hebben bijgedragen aan het steeds weer opnieuw oplaaien van geweld. De nuttige aanbevelingen van de ICG sporen met de inzet die Nederland de afgelopen jaren heeft gekozen in de bilaterale contacten met de Indonesische overheid. De inzet van onpartijdige Indonesische politie- en legereenheden, confiscatie van wapens, neutralisatie van de Laskar Jihad en rechtshandhaving zijn cruciaal voor een vreedzame toekomst, en zijn eerste verantwoordelijkheid van de Indonesische autoriteiten. Het is hoopgevend dat deze elementen nu zijn terug te vinden in het Malino-akkoord. Naast een substanti\u00c3\u00able bijdrage aan wederopbouwactiviteiten heeft Nederland met succes gepleit voor inzet van het conflict preventie instrumentarium van de EU op de Molukken. Een recente factfinding missie van de Europese Commissie zal moeten uitmonden in concrete activiteiten, bijvoorbeeld op het gebied van versterking van het justitieel apparaat. ]"}