{"Bibliografische_omschrijving": "Vragen van het lid Van Gent (GroenLinks) aan de ministers van Volksgezondheid, Welzijn en Sport en van Financi\u00c3\u00abn over BTW kunstvoorwerpen en vrijstelling diensten gezondheidszorg. (Ingezonden 24 mei 2002); Antwoord", "Bestand": "14Kb", "Permalink": "\nhttp://www.geencommentaar.nl/parlando/index.php?action=doc&filename=KVR15852\n", "Inhoud": "Vragen over de gevolgen van het juridisch erkennen van de tatoe\u00c3\u00abrder als kunstenaar, in verband met BTW-heffing en medische aspecten.", "Rubriek": "Belastingen (BTW) Cultuur en taal (Beeldende kunsten) Gezondheidszorg (Maatschappelijke gezondheidszorg)", "Trefwoorden": "Beeldende kunst BTW Gezondheidszorg", "Vindplaats": "Kamervragen met antwoord 2001-2002, nr. 1308, Tweede Kamer", "Afkomstig van": "2010210540", "Indiener": "Volksgezondheid, Welzijn en Sport (VWS)", "Partij vertegenwoordiger": "<persoon partij=\"GroenLinks\">Van Gent</persoon>", "Datum_reaktie": "\n", "Datum_indiening": "2002-06-21", "vraag 1": "Deelt u de mening dat als gevolg van het juridisch erkennen van de tatoe\u00c3\u00aberder als kunstenaar (arrest van het Hof Amsterdam 8 april 1997, nr. 96/1701), zijn of haar producten als kunst zijn te beschouwen? ", "vraag 2": "Deelt u voorts de mening dat de BTW-heffing op tatoeages als gevolg van deze redenering gelijk getrokken zou moeten worden met kunstvoorwerpen; namelijk 6%? ", "vraag 3": "Deelt u tevens de mening dat het tatoe\u00c3\u00abren op medisch advies, bijvoorbeeld bij het wegwerken van wijnvlekken of het aanbrengen van een tepelhof na een borstamputatie, niet tot de kunstzinnige tatoeages gerekend kan worden? ", "vraag 4": "Deelt u derhalve de mening dat de BTW-heffing voor tatoeages op medisch advies verlaagd of helemaal achterwege gelaten zou moeten worden, bijvoorbeeld door opneming in de vrijstellingsmogelijkheid van de Omzetbelasting? ", "antwoord 1": "[In de uitspraak van het Gerechtshof te Amsterdam van 8 april 1997 was het kunstenaarschap van de tatoe\u00c3\u00aberder niet in geding. In beginsel kunnen de door een tatoe\u00c3\u00aberder vervaardigde tatoeages dan ook worden beschouwd als kunst", "antwoord 2": "Het Gerechtshof te Amsterdam heeft in deze procedure geoordeeld dat het aanbrengen van een tatoeage op de menselijke huid niet is aan te merken als de levering van een kunstvoorwerp. Overigens kan, op grond van bijlage l bij de zogenoemde zesde BTW-richtlijn, het verlaagde BTW-tarief slechts worden toegepast op de levering door de maker van een limitatief opgesomd aantal kunstvoorwerpen. Tatoeages vallen daar niet onder", "antwoord 3": "Ja", "antwoord 4": "Opneming in de vrijstellingsregeling is daarbij niet aan de orde. Doorslaggevend is dat de behandeling, de tatoeage of het verwijderen van wijnvlekken, medisch ge\u00c3\u00afndiceerd is en onderdeel uitmaakt van het behandelplan. Die indicatie en het opstellen van het behandelplan gebeurt door de medisch specialist. De medisch specialist kan de behandeling zelf uitvoeren dan wel laten uitvoeren. Dat laten uitvoeren kan zijn door personeel dat in dienst is van de medisch specialist dan wel door iemand die voor die behandeling wordt gecontracteerd. Indien het personeel in dienst is vindt er geen expliciete verrekening plaats. De contractant dient voor de levering een nota in bij de specialist, inclusief de BTW. De medisch specialist, of het ziekenhuis waarin de medisch specialist werkzaam is brengt de behandeling in rekening bij de pati\u00c3\u00abnt of diens verzekeraar. De medisch specialist en het ziekenhuis zelf brengen geen BTW in rekening, zij vallen onder de vrijstellingsregeling. ]"}