{"Bibliografische_omschrijving": "Vragen van het lid Teeven (LN) aan de minister-president over de tegengestelde uitspraken in de media van de ministers van Binnenlandse Zaken en Koninkrijksrelaties en van Volksgezondheid, Welzijn en Sport over het ontslag van directeur-generaal Van Lieshout. (Ingezonden 26 juli 2002); Antwoord", "Bestand": "13Kb", "Permalink": "\nhttp://www.geencommentaar.nl/parlando/index.php?action=doc&filename=KVR16043\n", "Inhoud": "Vragen over uitlatingen van de ministers Bomhoff (VWS) en Remkes (BZK) over het voornemen van Bomhoff om directeur-generaal Van Lieshout van VWS te ontslaan. Vragen in aanvulling op eerdere vragen terzake de leden Halsema en Kant, ingezonden 25 juli 2002.", "Rubriek": "Inkomen en rechtspositie (Algemeen) Inkomen en rechtspositie (Ontslagen) Staats- en bestuursrecht (Ministeries)", "Trefwoorden": "Ontslagen Volksgezondheid Welzijn en Sport (ministerie)", "Vindplaats": "Kamervragen met antwoord 2001-2002, nr. 1474, Tweede Kamer", "Afkomstig van": "2010213090", "Indiener": "Algemene Zaken (AZ)", "Partij vertegenwoordiger": "<persoon partij=\"LN\">Teeven</persoon>", "Datum_reaktie": "\n", "Datum_indiening": "2002-07-30", "vraag 1": "Hebt u kennisgenomen van de uitspraken van de ministers van Volksgezondheid, Welzijn en Sport en van Binnenlandse Zaken en Koninkrijksrelaties over het mogelijk ontslag van directeur-generaal Van Lieshout van het departement van Volksgezondheid, Welzijn en Sport? ", "vraag 2": "Kunt u aangeven of in de periode van de kabinetsformatie is gesproken over het ontslag van directeur-generaal Van Lieshout en zo ja, zijn er door u afspraken gemaakt met de onderhandelaar van de LPF over de positie van directeur-generaal Van Lieshout? ", "vraag 3": "Hebt u de minister van Volksgezondheid, Welzijn en Sport er bij de formatiebesprekingen op gewezen dat er in een rechtsstaat sprake is van de vrijheid van meningsuiting (ook voor topambtenaren van departementen)? ", "vraag 4": "Wilt u deze vragen v\u00c3\u00b3\u00c3\u00b3r het debat over de regeringsverklaring beantwoorden? ", "antwoord 1": "[Er is geen sprake van ontslag van de directeur-generaal Volksgezondheid. Zie ook het antwoord van de minister van Binnenlandse Zaken en Koninkrijksrelaties op kamervragen van het lid mevrouw Kant van 25 juli jl. \n, Er is tijdens de kabinetsformatie niet over een voornemen tot ontslag van betrokkene gesproken", "antwoord 2": "Dit onderwerp is tijdens de formatiebesprekingen niet aan de orde geweest. Daar was ook geen aanleiding toe", "antwoord 3": "Hierbij wordt aan dit verzoek voldaan. ]"}