{"Bibliografische_omschrijving": "Vragen van de leden Barth, Dijksma (beiden PvdA) en Van Splunter (VVD) aan de staatssecretaris van Onderwijs, Cultuur en Wetenschappen, mw. Adelmund, over de dreigende opheffing van de Openbare Basisschool \u00c2\u00abDe Peppel\u00c2\u00bb te Nijverdal. (Ingezonden 2 april 2002); Antwoord", "Bestand": "14Kb", "Permalink": "\nhttp://www.geencommentaar.nl/parlando/index.php?action=doc&filename=KVR15462\n", "Inhoud": "Vragen over mogelijkheden om de dreigende opheffing van openbare basisschool 'De Peppel' in Nijverdal, in verband met schommelingen in het leerlingenaantal, te voorkomen.", "Rubriek": "Basisonderwijs (Algemeen)", "Trefwoorden": "Basisonderwijs", "Vindplaats": "Kamervragen met antwoord 2001-2002, nr. 970, Tweede Kamer", "Afkomstig van": "2010208680", "Indiener": "Onderwijs, Cultuur en Wetenschappen (OCW)", "Partij vertegenwoordiger": "<persoon partij=\"PvdA\">Barth</persoon>", "Datum_reaktie": "\n", "Datum_indiening": "<persoon partij=\"PvdA\">Dijksma</persoon>", "vraag 1": "Bent u bekend met de dreigende opheffing van Openbare Basisschool \u00c2\u00abDe Peppel\u00c2\u00bb te Nijverdal? ", "vraag 2": "Bent u ook bekend met de oorzaak van deze dreigende sluiting? Heeft u kennis genomen van het feit dat het leerlingenaantal van \u00c2\u00abDe Peppel\u00c2\u00bb met ingang van schooljaar 2002\u00e2\u20ac\u201c2003 \u00e2\u20ac\u201c als de school niet wordt opgeheven \u00e2\u20ac\u201c weer boven de opheffingsnorm van de gemeente Hellendoorn zal liggen? ", "vraag 3": "Bent u bereid om te onderzoeken welke mogelijkheden er zijn om sluiting van \u00c2\u00abDe Peppel\u00c2\u00bb te voorkomen, bij voorbeeld in artikel 153 WPO? Bent u bereid de Kamer daarover zo spoedig mogelijk te berichten? Zo neen, waarom niet, zo ja, op welke termijn kan de Kamer de uitkomst van het onderzoek tegemoet zien? ", "antwoord 1": "[Ja", "antwoord 2": "Het is mij bekend dat De Peppel thans de instandhoudingsnorm weer wel haalt, hetgeen op de afgelopen twee wettelijke teldata (1/10/2000 en 1/10/2001) niet het geval was. Het is thans uiteraard niet bekend of daarvan op 1/10/2002 sprake zou zijn", "antwoord 3": "De Peppel is een van de vier openbare scholen in de gemeente Hellendoorn. Binnen de kern Nijverdal bevinden zich drie van deze vier scholen, waaronder De Peppel. De afstand tussen De Peppel en de twee overige scholen in de kern Nijverdal bedraagt 1,5 en 2,3 kilometer. In het kader van de instandhoudingsprocedure zoals vastgelegd in artikel 153 ev van de WPO is \u00e2\u20ac\u201cna zorgvuldig overleg met belanghebbende \u00e2\u20ac\u201c onderzocht of er ten aanzien van De Peppel wettelijke uitzonderingsgronden bestaan waarmee opheffing kan worden voorkomen. Deze uitzonderingsgronden doen zich ten aanzien van De Peppel niet voor. Met mij heeft het bevoegd gezag van de Peppel dan ook geconstateerd dat instandhouding van de school wettelijk gezien niet langer mogelijk is. De wetgever heeft er bij de wet Toerusting en Bereikbaarheid (Stb. 1993, 716) onder meer expliciet voor gekozen om: a) de termijn bij de instandhouding te bekorten van drie naar twee jaar: indien een school twee opeenvolgende jaren onder de norm daalt, vindt opheffing plaats met ingang van 1 augustus daaropvolgend; b) niet langer een discretionaire bevoegdheid toe te kennen aan de overheid en uitsluitend bij wet te beschrijven op welke uitzonderingsgronden een school in stand kan blijven indien de instandhoudingsnorm niet wordt gehaald. Gezien het brede draagvlak voor de wet Toerusting en Bereikbaarheid destijds zou er voor een eventuele wetswijziging waardoor de instandhoudingtermijn opnieuw wordt gebracht naar drie jaar ook nu een groot draagvlak moeten bestaan. Uitsluitend in dat geval bestaat wellicht de mogelijkheid om waar het instandhoudingsbeslissingen betreft op een dergelijk wetsvoorstel te anticiperen. ]"}