{"Bibliografische_omschrijving": "Vragen van de leden Mosterd en Van de Camp (beiden CDA) aan de minister van Justitie over de evaluatie van de Puttense moordzaak. (Ingezonden 2 mei 2002); Antwoord", "Bestand": "16Kb", "Permalink": "\nhttp://www.geencommentaar.nl/parlando/index.php?action=doc&filename=KVR15802\n", "Inhoud": "Vragen over een evaluatie van de gang van zaken op het gebied van strafvordering rond de Puttense moordzaak, en met name ook aandacht te besteden aan de gebruikte opsporingsmethoden.", "Rubriek": "Strafrecht en strafprocesrecht (Opsporingsonderzoek) Strafrecht en strafprocesrecht (Vervolging)", "Trefwoorden": "Opsporingen Strafvervolging", "Vindplaats": "Kamervragen met antwoord 2001-2002, nr. 1262, Tweede Kamer", "Afkomstig van": "2010209900", "Indiener": "Justitie (JUS)", "Partij vertegenwoordiger": "<persoon partij=\"CDA\">Mosterd</persoon>", "Datum_reaktie": "\n", "Datum_indiening": "<persoon partij=\"CDA\">Van de Camp</persoon>", "vraag 1": "Bent u bereid de gang van zaken op het gebied van strafvordering rond de zogenaamde \u00c2\u00abPuttense Moordzaak\u00c2\u00bb te evalueren? ", "vraag 2": "Wilt u daarbij nadrukkelijk aandacht schenken aan de gebruikte opsporingsmethoden, in het bijzonder het optreden van de diverse recherche instanties en de gebruikte DNA methodieken en theorie\u00c3\u00abn (sleeptheorie e.d.)? ", "vraag 3": "Hoeveel tijd zou met een dergelijke evaluatie gemoeid zijn? ", "vraag 4": "Welke wijze lessen voor de toekomst zijn te trekken uit de gang van zaken? ", "vraag 5": "Bent u bereid de evaluatierapporten aan de Tweede Kamer der Staten-Generaal te zenden? ", "antwoord 1": "[Grote opsporingsonderzoeken worden doorgaans intern ge\u00c3\u00abvalueerd. Hiertoe is in 1997 een model ontwikkeld door het WODC. Ik wijs ook op het advies van de Werkgroep \u00c2\u00abAanbevelingen Evaluatie Megazaken\u00c2\u00bb dat ik onlangs aan Uw Kamer aangeboden heb (brief aan de Voorzitter van de Vaste Commissie voor Justitie van 16 april 2002, kenmerk 516077/505/wb). De praktijk van interne evaluatie is gericht op grote onderzoeken en dat was de Puttense moordzaak in beginsel niet. Het is een bijzondere zaak geworden met name door de beslissing van de Hoge Raad tot herziening en de daarop volgende vrijspraken door het Gerechtshof te Leeuwarden. Nu het Openbaar Ministerie heeft besloten geen cassatie in te stellen in deze zaak, bestaat de mogelijkheid om het onderzoek naar de dader(s) te heropenen. Bij het arrondissementsparket in Zutphen wordt momenteel bezien of het dossier aanknopingspunten biedt voor heropening van de zaak. Hierbij komen uiteraard alle aspecten van het onderzoek aan de orde, omdat die mede bepalend zijn voor een eventuele nieuwe onderzoeksrichting. Indien besloten wordt tot heropening van het onderzoek, ligt een afzonderlijke evaluatie op dit moment niet in de rede. Indien besloten wordt niet tot heropening over te gaan, zal in de gronden voor dat besluit een zekere evaluatie van het tot dusver uitgevoerde onderzoek besloten liggen", "antwoord 2": "Gezien het antwoord op de vragen 1 en 2 kan ik deze vraag nu nog niet beantwoorden", "antwoord 3": "Het Hof te Leeuwarden overweegt in zijn arrest onder meer: \u00c2\u00abHoewel er geen reden is te twijfelen aan de integriteit van de opsporingsambtenaren die het onderzoek hebben verricht, is het onderzoek nadat H.d.B. c.s. waren gearresteerd, vrijwel uitsluitend gericht geweest op het onderbouwen van de verdenking die tegen H.d.B. c.s. gerezen was.,\u00c2\u00bb (overweging 81 onder f.); en: \u00c2\u00abDe advocaat-generaal is \u00e2\u20ac\u201c anders dan het Hof uitgegaan van de geloofwaardigheid van de bekentenissen van de H.d.B. c.s. en heeft zich vervolgens kennelijk gericht op die feiten die met de geloofwaardigheid van die bekentenissen in zijn visie overeenstemmen\u00c2\u00bb (overweging 83). Naar aanleiding van deze overwegingen van het Hof merk ik in het algemeen op dat men zich de laatste jaren binnen de opsporing steeds meer bewust is geworden van het feit dat opsporingsteams geneigd zijn op basis van de informatie die men vooral in het begin verzamelt, vanuit een bepaald perspectief verder te handelen en te rechercheren. Daarvanuit wordt vervolgens gericht gezocht naar nieuwe informatie die past binnen dat perspectief en wordt verkregen informatie vanuit dat perspectief gewaardeerd. Dit handelen wordt aangeduid als \u00c2\u00abtunneldenken\u00c2\u00bb. Het gevaar daarvan is dat men zich niet of niet voldoende bewust is van andere mogelijke oplossingsrichtingen en perspectieven. In het kader van het programma ABRIO (\u00c2\u00abAanpak Bedrijfsvoering Recherche Informatie en Opleidingen\u00c2\u00bb, een samenwerkingsverband tussen de politie en het openbaar ministerie ten behoeve van de kwaliteitsverbetering van de opsporing) wordt thans een procesbeschrijving opgesteld voor de aanpak van onderzoeken naar kapitale delicten, ontvoeringen en gijzelingen door de Teams Grootschalige Opsporing (TGO, voorheen Recherche Bijstandsteams). Daarbij wordt ook aandacht gegeven aan de problematiek van het \u00c2\u00abtunneldenken\u00c2\u00bb. Voorgesteld wordt te komen tot een collegiale toetsing die inhoudt dat aan een TGO \u00c3\u00a9\u00c3\u00a9n of meer \u00e2\u20ac\u201c niet bij het onderzoek betrokken \u00e2\u20ac\u201c rechercheurs (eventueel uit een andere regio) worden toegevoegd die het opsporingsproces kritisch volgen en consequent het onderzoeksteam bewust maken dat de informatie ook vanuit andere perspectieven is te waarderen. Ook in de uitwerking van de nota \u00c2\u00abCriminaliteitsbeheersing\u00c2\u00bb van 26 juni 2001 (Kamerstukken 7834, nrs. 1\u00e2\u20ac\u201c2) zal expliciet aandacht worden besteed aan de verhoging van de kwaliteit van de recherche. Hierbij moet worden gedacht aan loopbaanbeleid, opleiding, het bevorderen van ketendenken, het vergroten van specialistische kennis en het gebruik maken van hoogwaardige technologie bij de opsporing. Binnen het Openbaar Ministerie bestaat al enige tijd het streven om te komen tot het organiseren van tegenspraak en het inbouwen van objectivering bij grote of bijzondere onderzoeken. Ik verwijs naar hetgeen ik hierover heb gezegd naar aanleiding van de uitvoering van de aanbevelingen van de enqu\u00c3\u00aatecommissie opsporingsmethoden (Kamerstukken 26 269, nr. 40)", "antwoord 4": "Ik zal Uw Kamer informeren over de beslissing om het onderzoek in deze zaak al dan niet te heropenen. ]"}