{"Bibliografische_omschrijving": "Vragen van de leden Udo en Rijpstra (beiden VVD) aan de minister van Volkshuisvesting, Ruimtelijke Ordening en Milieubeheer en de staatssecretaris van Volksgezondheid, Welzijn en Sport over een verbod op het gebruik van loodhagel en PAK-houdende kleiduiven. (Ingezonden 3 november 1999); Mededeling", "Bestand": "14Kb", "Permalink": "\nhttp://www.geencommentaar.nl/parlando/index.php?action=doc&filename=KVR10736\n", "Inhoud": "Vragen met betrekking tot een mogelijke heroverweging van het verbod op het gebruik van loodhagel en PAK-houdende kleiduiven en de voorstellen van een werkgroep met betrekking tot verwijdering van de verontreiniging.", "Rubriek": "Milieu (Bodemsanering) Milieu (Gevaarlijke stoffen) Vrijetijdsbesteding (Sport)", "Trefwoorden": "Bodemverontreiniging Gevaarlijke stoffen Lood Sport", "Vindplaats": "Kamervragen met antwoord 1999-2000, nr. 426, Tweede Kamer", "Afkomstig van": "2990002240", "Indiener": "Volkshuisvesting, Ruimtelijke Ordening en Milieubeheer", "Partij vertegenwoordiger": "<persoon partij=\"VVD\">Udo</persoon>", "Datum_reaktie": "\n", "Datum_indiening": "<persoon partij=\"VVD\">Rijpstra</persoon>", "vraag 1": "Is de Minister van VROM voornemens op korte termijn het gebruik van loodhagel en PAK-houdende kleiduiven integraal te verbieden? ", "vraag 2": "Is het de Minister bekend dat een eenzijdig verbod voor Nederland op het gebruik van loodhagel en PAK-houdende kleiduiven ook op kleiduivenschietbanen, het einde betekent van de beoefening van de Olympische en Internationale kleiduivenschietsport in ons land? ", "vraag 3": "Heeft een breed samengestelde werkgroep bestaande uit deskundigen van VROM, VWS, Defensie, Interprovinciaal Overleg, Vereniging van Nederlandse Gemeenten, Nederlands Olympisch Comit\u00c3\u00a9 Sport Federatie, Koninklijke Nederlandse Bond van Schietbaanhouders, in opdracht van de vorige minister van VROM, een plan uitgewerkt waarmee op termijn en in internationaal verband wordt gekomen tot een verbod van lood en PAK op kleiduivenschietbanen en waarbij vervolgens de totale verontreiniging wordt verwijderd op kosten van de gebruikers? ", "vraag 4": "Klopt het dat de maatregelen die de Minister van VROM nu voorbereidt mogelijk leiden tot een minder vergaande vorm van sanering, namelijk de IBC-variant, waarbij de verontreiniging niet wordt verwijderd? ", "vraag 5": "Is het de Minister bekend dat verontreiniging met metallisch lood vrijwel immobiel is en daardoor langere tijd goed beheersbaar, maar dat op lange termijn door allerlei milieu invloeden loodzouten kunnen ontstaan die wel in oplossing kunnen gaan en de verontreiniging mobiel maken? ", "vraag 6": "Is de Minister van VROM bereid zijn besluit te heroverwegen en alsnog het plan van de werkgroep uit te voeren? ", "antwoord 1": "[]"}