{"Bibliografische_omschrijving": "Vragen van het lid Kant (SP) aan de minister van Volksgezondheid, Welzijn en Sport over opnamereductie bij gedwongen opnamen van psychiatrisch ziekenhuis Duin en Bosch. (Ingezonden 31 oktober 2000); Antwoord", "Bestand": "15Kb", "Permalink": "\nhttp://www.geencommentaar.nl/parlando/index.php?action=doc&filename=KVR14595\n", "Inhoud": "Vragen over aanwijzingen dat bij de vreemdelingendiensten in de vier grote steden aanvragen voor verblijfsvergunningen worden ingediend door personen die niet in het bezit zijn van een machtiging tot voorlopig verblijf (mvv).", "Rubriek": "Staats- en bestuursrecht (Vreemdelingenrecht)", "Trefwoorden": "Vluchtelingen", "Vindplaats": "Kamervragen met antwoord 2001-2002, nr. 250, Tweede Kamer", "Afkomstig van": "2010201770", "Indiener": "Volksgezondheid, Welzijn en Sport (VWS)", "Partij vertegenwoordiger": "<persoon partij=\"SP\">Kant</persoon>", "Datum_reaktie": "\n", "Datum_indiening": "2001-11-14", "vraag 1": "Wat is uw mening over de berichten dat het psychiatrische ziekenhuis Duin en Bosch niet meer elk verzoek tot gedwongen opname kan honoreren? 1, 2 ", "vraag 2": "Is het u bekend dat de problemen zijn ontstaan doordat Duin en Bosch dit jaar veel meer ernstig psychiatrisch zieke pati\u00c3\u00abnten heeft moeten opnemen dan met zorgverzekeraars was afgesproken, en dat het aantal gedwongen opnamen is gestegen met 33% ten opzichte van vorig jaar? Zo ja, erkent u dat het hier gaat om niet uitstelbare zorg en zeer intensieve zorg, waardoor extra personeel moet worden ingezet? ", "vraag 3": "Wat is uw mening over het feit dat het zorgkantoor zegt geen extra geld te hebben, en dat het CTG geen aanvullende productieafspraken wil toewijzen op grond van de bestaande regels? ", "vraag 4": "Is het u bekend dat collega-instellingen, psychiatrische afdelingen van psychiatrische ziekenhuizen in de regio en omliggende psychiatrische ziekenhuizen nauwelijks kans zien de opnamereductie van Duin en Bosch op te vangen? ", "vraag 5": "Kan Duin en Bosch, tot nu toe geen wachtlijst kennende, rekenen op extra wachtlijstgelden om de komende maanden aan de zorgvraag te voldoen? Zo nee, waarom niet? Bent u bereid dit alsnog te regelen? ", "vraag 6": "Erkent u dat de gevolgen van dit alles zijn dat mensen ofwel langer in politiecellen blijven zitten, ofwel dat er met ernstig zieke mensen geleurd moet worden? Zo ja, vindt u dat een verantwoorde situatie? ", "vraag 7": "Is het u bijvoorbeeld bekend dat recent voor een ernstig psychiatrisch zieke man uit Hoorn geen plek was in de regio, hij vervolgens is plat gespoten en naar Sittard is gebracht waar hij enkele dagen in een separeercel heeft doorgebracht om vervolgens weer terug naar zijn regio te worden gebracht? Hoe beoordeelt u dergelijke situaties? ", "vraag 8": "Indien Duin en Bosch geen extra middelen krijgt, hoe moet dit ziekenhuis en de regio dan volgens u omgaan met gedwongen opnamen waarvoor toch een opnameplicht geldt? ", "vraag 9": "Hoe is de situatie elders in het land in de GGZ? Zijn de marges inmiddels zo smal dat men vaker moet rondleuren met ernstig zieke mensen en/of niet meer in staat is tot fatsoenlijk menselijk handelen? ", "vraag 10": "Geldt voor de gehele GGZ, net als bij de overige AWBZ-zorg, in feite een zorgplicht, en mogen budgettaire tekorten dus niet afgewenteld worden op pati\u00c3\u00abnten? Hoe valt dat te rijmen met de budgetdiscipline? ", "vraag 11": "Kloppen de berichten dat u toch met het ministerie van Financi\u00c3\u00abn moet onderhandelen om in de GGZ afspraken te kunnen maken met een openeindkarakter? Zo ja, heeft u hierover ongeruste brieven gehad van ZN en GGZ Nederland, en heeft u deze organisaties inmiddels kunnen geruststellen? Nader Nader antwoord van minister Borst-Eilers (Volksgezondheid, Welzijn en Sport). (Ontvangen 14 november 2001), zie ook Aanhangsel Handelingen nr. 295, vergaderjaar 2000\u00e2\u20ac\u201c2001 Naar aanleiding van financi\u00c3\u00able problemen van Duin en Bosch zijn door mw. Kant eind 2000 kamervragen gesteld. Toegezegd is de Tweede Kamer te informeren over de situatie bij Duin en Bosch. Bijgaand treft u de stand van zaken aan. De financi\u00c3\u00able problemen zouden zijn ontstaan als gevolg van een sterke toename van het aantal crisisopnamen. Duin en Bosch liet eind oktober van dat jaar weten zich genoodzaakt te zien over te gaan tot een personeelsstop en een opnamestop als gevolg van hierdoor ontstane financi\u00c3\u00able problemen. Het College Sanering heeft onderzoek gedaan naar de situatie van Duin en Bosch. Conclusie van het College Sanering was dat niet alleen extra crisisopnamen een rol speelden bij de problemen waar de instelling zich voor geplaatst zag en dat bovendien onduidelijk was waarom er sprake was van een sterke toename van het aantal crisisplaatsingen. Bij de financi\u00c3\u00able problemen in 2000 speelde de privatisering van Duin en Bosch in de jaren negentig een rol. De Provincie heeft in 2001 eenmalig 10 mln gulden aan Duin en Bosch beschikbaar gesteld waardoor een belangrijk financieel knelpunt is opgelost. Recent heeft ook nader overleg tussen de instelling en het CTG plaatsgevonden. Geconcludeerd is dat de financi\u00c3\u00able problemen van tijdelijke aard waren en dat voor dit jaar geen ", "antwoord 1": "[]"}