{"Bibliografische_omschrijving": "Aanvullende vragen van de leden Atsma en Mosterd(beiden CDA) aan de minister van Landbouw, Natuurbeheer en Visserij over de uitbetaling van EU-slachtpremies aan MKZ-boeren. (Ingezonden 21 december 2001); Mededeling", "Bestand": "13Kb", "Permalink": "\nhttp://www.geencommentaar.nl/parlando/index.php?action=doc&filename=KVR14972\n", "Inhoud": "Aanvullende vragen inzake uitbetaling van EU-slachtpremies aan boeren, voor BSE-ruimingen ten opzichte van mogelijkheden bij MKZ (aanvulling op eerdere vragen van zelfde Kamerleden, Aanhangsel Handelingen 2001-2002, nr. 379).", "Rubriek": "Veeteelt (Intensieve veehouderij) Veeteelt (Runderen) Veeteelt (Subsidies) Veeteelt (Veeziekten)", "Trefwoorden": "Intensieve veehouderij Mond- en klauwzeer Premieregelingen Runderen Slachterijen Veeziekten", "Vindplaats": "Kamervragen met antwoord 2001-2002, nr. 550, Tweede Kamer", "Afkomstig van": "2010203910", "Indiener": "Landbouw, Natuurbeheer en Visserij (LNV)", "Partij vertegenwoordiger": "<persoon partij=\"CDA\">Atsma</persoon>", "Datum_reaktie": "\n", "Datum_indiening": "<persoon partij=\"CDA\">Mosterd</persoon>", "vraag 1": "Is het u bekend dat Brussel toestaat dat voor om veterinaire redenen gedode dieren (bijvoorbeeld door BSE-ruimingen via slachterijen) premie betaald wordt indien aan de overige voorwaarden wordt voldaan? ", "vraag 2": "In welke opzicht verschilt de regeling met betrekking tot slachtpremies voor bij BSE gedode dieren met die van bij MKZ gedode dieren? ", "vraag 3": "Is in de vergoeding van de geruime dieren van een vleesveebedrijf gebaseerd op de vervangingswaarde een component opgenomen voor de gederfde slachtpremie? ", "vraag 4": "Werden in de toezichtgebieden uit welzijnsoverwegingen dieren geruimd? Zo ja, kunt u verklaren en uitleggen dat deze bedrijven geen schade hebben geleden vanwege het niet uitkeren van de slachtpremie? ", "vraag 5": "Werd het verstrekken van de slachtpremie onmogelijk door het standpunt van de Nederlandse regering? ", "vraag 6": "Was de slachtpremietoekenning aan de gedurende veehouders mogelijk geweest wanneer de regering direct of indirect de gedeclareerde slachtpremie in Brussel had ingediend en zich niet had verzet tegen toekenning van deze premie? ", "vraag 7": "Is het niet meewerken aan het verkrijgen van slachtpremie voor geruimde en gedode dieren bewust regeringsbeleid en staat u nog steeds achter dit beleid? ", "antwoord 1": "[]"}