{"Bibliografische_omschrijving": "Vragen van de leden Karimi (GroenLinks), Koenders (PvdA), Van Bommel (SP), Verburg (CDA) en Van 't Riet (D66) aan de ministers van Volkshuisvesting, Ruimtelijke Ordening en Milieubeheer en voor Ontwikkelingssamenwerking en de staatssecretaris van Economische Zaken over de publicatie \u00c2\u00abWater, mensenrecht of handelswaar\u00c2\u00bb en de WTO. (Ingezonden 18 april 2002); Antwoord", "Bestand": "18Kb", "Permalink": "\nhttp://www.geencommentaar.nl/parlando/index.php?action=doc&filename=KVR15758\n", "Inhoud": "Vragen over de publicatie 'Water, mensenrecht of handelswaar'van de Vereniging Milieudefensie, waarin gepleit wordt voor het uitsluiten van water in de tariefonderhandelingen in de General Agreement on Trade in Services (GATS) binnen de Wereldhandelsorganisatie (WTO).", "Rubriek": "Energie, water en grondstoffen (Watervoorziening) Handel en economie (Internationale handel)", "Trefwoorden": "Drinkwater Internationale handel Watervoorziening", "Vindplaats": "Kamervragen met antwoord 2001-2002, nr. 1229, Tweede Kamer", "Afkomstig van": "2010209330", "Indiener": "Volkshuisvesting, Ruimtelijke Ordening en Milieubeheer (VROM)", "Partij vertegenwoordiger": "<persoon partij=\"GroenLinks\">Karimi</persoon>", "Datum_reaktie": "\n", "Datum_indiening": "<persoon partij=\"PvdA\">Koenders</persoon>", "vraag 1": "Bent u bekend met de publicatie \u00c2\u00abWater, mensenrecht of handelswaar\u00c2\u00bb van de vereniging Milieudefensie? Wat is uw algemene oordeel over deze publicatie? ", "vraag 2": "Bent u van mening dat toegang tot veilig en schoon drinkwater een eerste levensbehoefte van mensen is en derhalve tot de fundamentele verantwoordelijkheden van de overheid behoort? ", "vraag 3": "Bent u van mening dat water uitgesloten zou moeten worden in de GATS (General Agreement on Trade in Services) onderhandelingen binnen de WTO (World Trade Organization)? Zo ja, bent u bereid dit in de EU te bepleiten? Zo neen, waarom niet? Hoe verhoudt zich dit tot het feit dat daar waar vele EU-landen niet privatiseren een privatiseringsvoorwaarde voor ontwikkelingslanden leidt tot een oneerlijk level playing field? ", "vraag 4": "Bent u van mening dat iedere vorm van privatisering van water geschrapt zou moeten worden als voorwaarde voor leningen van het IMF (International Monetary Fund) en de WereldBank? Zo neen, waarom niet? ", "vraag 5": "Op welke wijze zult u het nationaal beleid om water niet te privatiseren in overeenstemming brengen met de Nederlandse inzet in internationale onderhandelingen om water wel tot onderwerp van liberaliseringsonderhandelingen te maken? ", "antwoord 1": "[Ja. Toegang tot veilig en schoon water is belangrijk. De publicatie brengt een aantal aspecten van de complexe waterproblematiek onder de aandacht van een breder publiek. Het onderwerp verdient deze aandacht. Wel is de formulering in de brochure soms feitelijk onjuist of suggestief. \u00c3\u2030\u00c3\u00a9n punt wil ik hier met name noemen. Op blz. 16 (Wateroorlog in Bolivia) wordt gesteld dat Aguas del Tunari dankzij het Nederlands-Boliviaanse investeringsverdrag naar de geschillencommissie van de Wereldbank kan. Dit is onjuist. Zoals recent in antwoorden op vragen van het lid Van Bommel is aangegeven, is de regering van mening dat het investeringsverdrag op dit geval niet van toepassing is", "antwoord 2": "Toegang tot veilig en schoon drinkwater is een eerste levensbehoefte van mensen. De overheid heeft een zorgplicht ten aanzien van veilig en schoon drinkwater uit een oogpunt van volksgezondheid. Zij is verantwoordelijk voor het toezicht op de levering van drinkwater en de handhaving van wet- en regelgeving met betrekking tot de kwaliteit van het drinkwater. In ontwikkelingslanden is het van belang dat de overheid er op toeziet dat ook de armen toegang hebben tot voldoende schoon water voor hun eerste levensbehoeften. De verantwoordelijkheid van de overheid voor de levering van drinkwater laat onverlet dat er zich, met name in ontwikkelingslanden, situaties kunnen voordoen waarbij samenwerking met private partijen een bijdrage kan leveren aan de verbetering van de drinkwatervoorziening. In het Nederlandse Ontwikkelingssamenwerkingsbeleid wordt erkend dat betrokkenheid van de particuliere sector bij het beheer van de watervoorziening kan leiden tot een betere dienstverlening. Wel dient de overheid toe te zien op een correcte uitvoering van de openbare aanbesteding en ervoor te zorgen dat de verbeterde dienstverlening tevens ten goede komt aan de armen. Een sterke regulerende overheid is derhalve van groot belang", "antwoord 3": "Nee, niet a-priori. In algemene zin dient in de WTO-dienstenonderhandelingen rekening te worden gehouden met gevoeligheden omtrent sectoren die zich traditioneel in de sfeer van de publieke dienstverlening bevinden zoals energie, watervoorziening, onderwijs en gezondheid. Voor zover echter sectoren voor de markt zijn opengesteld, is de regering van mening dat WTO-leden bereidheid moeten tonen om te onderhandelen over markttoegang en nationale behandeling. Verzoeken tot en mogelijkheden voor het aangaan van verplichtingen inzake markttoegang voor en nationale behandeling van buitenlandse dienstenaanbieders zullen van geval tot geval worden bekeken . Noch het WTO-Dienstenverdrag noch enige partij bij de WTO-dienstenonderhandelingen verplicht enig WTO-lid tot privatisering van publieke diensten. leder WTO-lid bepaalt in vrijheid en zelfstandigheid met welke inzet aan de onderhandelingen wordt deelgenomen. Hierbij wordt opgemerkt dat het in het belang van ontwikkelingslanden kan zijn om water niet van de onderhandelingen uit te sluiten. Indien een land besluit om te privatiseren bieden GATS verplichtingen \u00e2\u20ac\u201c omdat deze juridische zekerheid bieden \u00e2\u20ac\u201c een erkende methode om indien gewenst buitenlandse investeerders aan te trekken. Indien landen besluiten niet te privatiseren zal de sector in deze gevallen geen rol spelen in de onderhandelingen. Een case by case benadering is daarom de aangewezen weg. In delen van de EU is de watervoorziening geprivatiseerd. De EU kan voor deze landen verplichtingen aangaan. De regel bij de onderhandelingen is dat de uitkomst een \u00c2\u00aboverall balance of rights and obligations\u00c2\u00bb dient weer te geven. Een absolute symmetrie wordt niet nagestreefd. Er zou sprake kunnen zijn van ongelijke concurrentie tussen een overheidsbedrijf uit de EU en (lokale) aanbieders uit de particuliere sector. Deze concurrentie kan een overheid echter uitsluiten. De WTO laat aan de leden de mogelijkheid om openbare nutsvoorziening te reguleren en voorwaarden te stellen. Daartoe behoren ook voorwaarden die overheidsbedrijven diskwalificeren als inschrijvers op een aanbesteding", "antwoord 4": "Het IMF behoort het beleid ten aanzien van het privatiseren van watervoorzieningen over te laten aan de landen zelf. Tijdens de voorjaarsvergadering van het IMF in april 2001 heeft een discussie plaatsgevonden over de reikwijdte van conditionaliteit van IMF leningen. Besloten is dat het IMF zijn condities moet beperken tot die condities die cruciaal zijn voor macro-economische en financi\u00c3\u00able stabiliteit en zich minder zou moeten richten op structurele maatregelen die relevant maar niet cruciaal zijn. Het privatiseren van watervoorzieningen past niet binnen dit mandaat van het IMF. De missie van de Wereldbank is armoedebestrijding waarbij aansluiting bij het nationale ontwikkelingsplan van het ontvangende land voorop staat. Toegang tot water van goede kwaliteit is een essentieel onderdeel van armoedebestrijding. Van geval tot geval wordt bezien in welke mate een lening hieraan kan bijdragen. Waar de overheid niet in staat is gebleken deze taak naar behoren uit te voeren, kunnen armen profijt hebben van de inschakeling door de overheid van de private sector voor de levering van water. In deze gevallen spreekt men van publiek/private samenwerking, waarbij de overheid eigenaar blijft van de infrastructuur, maar waarbij het beheer (gedeeltelijk of volledig) voor een vastgestelde periode wordt uitbesteed aan particuliere bedrijven via management contracten en concessies. De overheid dient toe te zien op een correcte uitvoering van de openbare aanbesteding en zorg te dragen dat de verbeterde dienstverlening tevens ten goede komt aan de armen. Indien een overheid opteert voor betrokkenheid van de private sector bij de uitvoering van de watervoorziening, dan zal de Wereldbank het leningbeleid daarop laten aansluiten", "antwoord 5": "Zoals al opgemerkt onder vraag 3, dient in de WTO-dienstenonderhandelingen rekening te worden gehouden met opvattingen omtrent sectoren die zich traditioneel in de sfeer van de publieke dienstverlening bevinden. Voor zover sectoren voor de markt zijn opengesteld, dienen WTO-leden de bereidheid te tonen om te onderhandelen over markttoegang en nationale behandeling. Dit laat onverlet dat WTO-leden de vrijheid moeten hebben om te bepalen op welke wijze ze de drinkwatervoorziening willen organiseren en met welke inzet ze aan de WTO-onderhandelingen deelnemen. Daarbij zij erop gewezen dat het niet gaat om privatisering van water, maar om privatisering van het onderhoud en het beheer van de watervoorziening. ]"}