{"Bibliografische_omschrijving": "Vragen van het lid Koenders (PvdA) aan de minister van Buitenlandse Zaken over een aanslag van Hamas in Isra\u00c3\u00abl (Ingezonden 5 december 2001); Antwoord", "Bestand": "13Kb", "Permalink": "\nhttp://www.geencommentaar.nl/parlando/index.php?action=doc&filename=KVR14861\n", "Inhoud": "Internationale betrekkingen (Overig) Veiligheidsbeleid en defensie (Oorlogen en conflicten)", "Rubriek": "Isra\u00c3\u00abl Oorlogen Palestijnen", "Trefwoorden": "Kamervragen met antwoord 2001-2002, nr. 468, Tweede Kamer", "Vindplaats": "2010203220", "Afkomstig van": "Buitenlandse Zaken (BUZA)", "Indiener": "<persoon partij=\"PvdA\">Koenders</persoon>", "Partij vertegenwoordiger": "\n", "Datum_reaktie": "2002-01-02", "Datum_indiening": "2001-12-05", "vraag 1": "Hoe beoordeelt u de verschrikkelijke aanslag van Hamas in de Isra\u00c3\u00ablische steden Jeruzalem en Haifa? ", "vraag 2": "Welke druk oefent Nederland c.q. de EU op de Palestijnse Autoriteit uit om de schuldigen te straffen en voor het gerecht te brengen? Hoe beoordeelt de Regering daarbij de inzet van Arafat om schuldigen daadwerkelijk voor een langere periode vast te zetten? Welke invloed heeft de Hamas daarbij? ", "vraag 3": "Welke druk oefenen Nederland c.q. de EU uit op Isra\u00c3\u00abl om op een zodanige wijze te reageren dat de kans op een burgeroorlog in de Palestijnse Autoriteit niet wordt vergroot, het beleid van tijdelijke herbezetting wordt verlaten, en het perspectief op onderhandelingen over het Mitchell-Rapport wordt heropend? ", "vraag 4": "Welke initiatieven nemen Nederland c.q. de EU om de destructieve cyclus van geweld te stoppen en gezamenlijk met de VS een nieuw vredesinitiatief te starten? ", "vraag 5": "Kunt u deze vragen gelijktijdig beantwoorden met mijn vragen over de dood van Palestijnse kinderen en de zgn. 7 dagen rustperiode van de Regering Sharon? ", "antwoord 1": "[]"}