{"Bibliografische_omschrijving": "Vragen van de leden Scheltema-de Nie en Lambrechts (beiden D66) aan de minister van Binnenlandse Zaken en Koninkrijksrelaties en de staatssecretaris van Onderwijs Cultuur en Wetenschappen, dhr. Van der Ploeg, over de voortgang van de opschoning van archieven van de Binnenlandse Veiligheidsdienst en de overbrenging van die archieven naar het Algemeen Rijksarchief. (Ingezonden 22 mei 2002); Antwoord", "Bestand": "15Kb", "Permalink": "\nhttp://www.geencommentaar.nl/parlando/index.php?action=doc&filename=KVR15924\n", "Inhoud": "Vragen over vertraging bij de overbrenging van BVD-archieven naar het Algemeen Rijksarchief (ARA), en daardoor belemmering van de toegang van historici tot deze archieven.", "Rubriek": "Criminaliteit en openbare orde (Inlichtingen- en veiligheidsdiensten) Cultuur en taal (Archieven)", "Trefwoorden": "Archieven Inlichtingen- en veiligheidsdiensten Openbaarheid van bestuur", "Vindplaats": "Kamervragen met antwoord 2001-2002, nr. 1370, Tweede Kamer", "Afkomstig van": "2010210490", "Indiener": "Binnenlandse Zaken en Koninkrijksrelaties (BZK) Onderwijs, Cultuur en Wetenschappen (OCW)", "Partij vertegenwoordiger": "<persoon partij=\"D66\">Scheltema-de Nie</persoon>", "Datum_reaktie": "\n", "Datum_indiening": "<persoon partij=\"D66\">Lambrechts</persoon>", "vraag 1": "In welk stadium bevindt zich de opschoning van het archief van de Binnenlandse Veiligheidsdienst op dit moment? Is er een vernietigingslijst vastgesteld en zo niet, waaraan ligt deze vertraging? ", "vraag 2": "Wanneer kunnen de BVD-archieven die hiervoor in aanmerking komen, worden overgebracht naar het Algemeen Rijksarchief? ", "vraag 3": "In hoeverre wordt de toegang van historici tot de BVD-archieven in verband met historisch onderzoek belemmerd door de vertraagde overbrenging van BVD-archieven naar het Algemeen Rijksarchief? ", "vraag 4": "Bent u bereid om de eventueel soepeler toegankelijkheidsregels van het Algemeen Rijksarchief voor BVD-stukken van toepassing te verklaren op die stukken die hadden moeten worden overgedragen aan het ARA, maar waarin vertraging is opgetreden? ", "vraag 5": "Kan nauwgezet inzicht worden verschaft in de verschillen in openbaarheid en toegankelijkheid van BVD-archiefstukken bij de IVD en het ARA? ", "antwoord 1": "[Er worden geen BVD-archiefbescheiden vernietigd totdat er een, mede door de Tweede Kamer goedgekeurde selectielijst, als bedoeld in artikel 5 van de Archiefwet 1995, is vastgesteld. Een in oktober 1997 vastgestelde selectielijst werd op verzoek van de Kamer voorlopig buiten toepassing gelaten. Mede op basis van een advies van de Raad voor Cultuur werd in februari 2000 besloten een zogenaamd institutioneel onderzoek in te stellen. Een dergelijk onderzoek vindt plaats volgens een door de Rijksarchiefdienst ontwikkelde methode. De uitkomsten van dit onderzoek, dat bijna is afgerond, zullen worden gebruikt voor het opstellen van een nieuwe selectielijst. Deze lijst zal meer concreet en minder abstract moeten zijn dan de huidige lijst en bovendien moeten kunnen rekenen op een breed maatschappelijk draagvlak. Het rapport van het institutioneel onderzoek zal binnen enkele maanden worden gepubliceerd", "antwoord 2": "Deze vraag kan niet eenduidig worden beantwoord. Volgens de Wet op de inlichtingen- en veiligheidsdiensten 2002 worden slechts die archiefbescheiden overgebracht die ouder zijn dan twintig jaar en waarvan is vastgesteld dat daaraan geen beperkingen aan de openbaarheid dienen te worden gesteld in het belang van de staat of zijn bondgenoten. Deze beperkingen kunnen geen betrekking hebben op bescheiden die ouder zijn dan vijfenzeventig jaar, tenzij de betrokken minister in overeenstemming met het gevoelen van de Ministerraad anders beslist. In het BVD-archief bevinden zich veel bescheiden die in het belang van de staat of zijn bondgenoten geheim gehouden moeten worden. Met het oog hierop zal in overleg met het Nationaal Archief worden bezien in hoeverre, het mogelijk is het BVD-archief op te splitsen en delen daarvan over te brengen. Zodra de BVD-selectielijst is vastgesteld, kan dit overleg worden opgestart. Voor alle duidelijkheid wordt opgemerkt dat het hierbij ook zal gaan om bescheiden die jonger zijn dan vijfenzeventig jaar", "antwoord 3": "In geval van een vertraagde overbrenging van delen van het BVD-archief naar het Nationaal Archief is er in de praktijk slechts sprake van een belemmering voor historisch onderzoek voor zover het gaat om de inzage van persoonsgegevens. Bij de Algemene Inlichtingen- en Veiligheidsdienst berustende gegevens van overleden personen mogen uitsluitend door bepaalde naaste familieleden worden ingezien, terwijl diezelfde gegevens indien zij bij het Nationaal Archief zouden berusten onder bepaalde voorwaarden breder toegankelijk zijn. Voor niet-persoonsgegevens kent de Wet op de inlichtingen- en veiligheidsdiensten 2002 een inzageregeling die wat betreft de openbaarheidsbeperkingen inhoudelijk gelijk is aan die van de Wet openbaarheid van bestuur. Indien deze niet-persoonsgegevens bij het Nationaal Archief zouden berusten, kan daarvoor ingevolge de Archiefwet 1995 slechts een openbaarheidsbeperking gelden met het oog op het voorkomen van onevenredige bevoor- of benadeling van betrokken natuurlijke personen of rechtspersonen dan wel van derden. De Archiefwet 1995 kent dus een ruimer openbaarheidsregime. In de praktijk echter spelen de extra openbaarheidsbeperkingen voor bij de AIVD berustende niet-persoonsgegevens geen enkele rol. Met betrekking tot gegevens die ouder zijn dan twintig jaar \u00e2\u20ac\u201c dit zijn de gegevens die in beginsel voor overbrenging in aanmerking komen \u00e2\u20ac\u201c heeft de BVD en zijn rechtsopvolger de AIVD deze weigeringsgronden nog nooit toegepast. Nu er gelet op het voorgaande slechts sprake is van een marginaal soepeler inzageregeling voor bij het Nationaal Archief berustende gegevens van overleden personen, zie ik geen aanleiding in geval van een vertraagde overbrenging af te wijken van de in de Wet op de inlichtingen- en veiligheidsdiensten 2002 vastgelegde regeling. Deze wet laat daarvoor ook geen ruimte. ]"}