{"Bibliografische_omschrijving": "Vragen van de leden Hessing, Weisglas en Van den Doel(allen VVD) over het voornemen tot uitbreiding van de NAVO. (Ingezonden 2 juni 1995); Antwoord", "Bestand": "19Kb", "Permalink": "\nhttp://www.geencommentaar.nl/parlando/index.php?action=doc&filename=KVR1635\n", "Inhoud": "Veiligheidsbeleid en defensie (NAVO)", "Rubriek": "NAVO", "Trefwoorden": "Kamervragen met antwoord 1994-1995, nr. 986, Tweede Kamer", "Vindplaats": "Buitenlandse Zaken", "Afkomstig van": "<persoon partij=\"VVD\">Hessing</persoon>", "Indiener": "\n", "Partij vertegenwoordiger": "<persoon partij=\"VVD\">Weisglas</persoon>", "Datum_reaktie": "\n", "Datum_indiening": "<persoon partij=\"VVD\">Van den Doel</persoon>", "vraag 1": "Hoe beoordeelt u de toenemende bezwaren vanuit de Russische Federatie tegen het voornemen van de NAVO tot uitbreiding met Polen, Hongarije, Tsjechie\u00c2\u00a8 en Slowakije? ", "vraag 2": "Onderkent u het risico, dat het voornemen tot uitbreiding van de NAVO reactionaire krachten in Rusland in de kaart speelt, zodoende het proces van democratisering negatief be\u00c4\u00b1\u00c2\u00a8nvloedt en het Russische leger een legitimatie biedt om op versterking aan te dringen? ", "vraag 3": "Acht u die ontwikkeling in het belang van de stabiliteit en de veiligheid in Europa? ", "vraag 4": "Welke voortgang is inmiddels geboekt met het onderzoek dat de Permanente Raad van de NAVO uitvoert naar de wenselijkheid en mogelijkheid van eventuele uitbreiding van de NAVO? Wanneer kan een eerste rapportage worden tegemoet gezien? ", "vraag 5": "Heeft er ooit, expliciet of impliciet, besluitvorming plaatsgevonden inzake eventuele uitbreiding van de NAVO? Zo ja, waar en wanneer? Wat is het standpunt van de Europese Raad in deze? Wanneer is de kwestie parlementair besproken? ", "vraag 6": "Acht u het wenselijk, dat voordat er sprake kan zijn van een eventueel lidmaatschap voor Midden- en Oost-Europese landen, de militaire samenwerking eerst op andere wijze wordt ge\u00c4\u00b1\u00c2\u00a8ntensiveerd? ", "vraag 7": "Hoe wordt thans invulling gegeven aan de strategische dialoog met de Russische Federatie, zowel vanuit de EU als vanuit de NAVO? Welk gemeenschappelijk belang is daarbij het uitgangspunt? ", "antwoord 1": "[Rusland vreest door uitbreiding in een isolement te raken. Dit gevoel wordt versterkt doordat vele Russische politici en ook de Russische bevolking een verwrongen beeld hebben van de NAVO en de doelstellingen waarvoor de NAVO in de huidige veiligheidsituatie staat. Het wantrouwen jegens de NAVO in het algemeen en eventuele uitbreiding in het bijzonder moet tegen deze achtergrond worden gezien. Het politieke debat in Rusland over NAVO-uitbreiding bevindt zich in een politiek gevoelige fase als gevolg van de naderende verkiezingen voor de Duma in december van dit jaar en de presidentsverkiezingen in de zomer van 1996. De Regering is zich bewust van deze achtergrond en het beleid is er dan ook opgericht middels dialoog en samenwerking het wantrouwen weg te nemen en de Russische regering ervan te overtuigen dat uitbreiding van de NAVO geen vijandige daad is en niet tegen Rusland is gericht. Hiertoe zal in zake uitbreiding de grootst mogelijke openheid moeten worden betracht om daarmee onnodige en ongewenste verrassingen te vermijden", "antwoord 2": "In het Slotcommunique\u00c2\u00b4 van de NAVO-Topontmoeting van 10 en 11 januari 1994 is voor het eerst melding gemaakt van de mogelijkheid van uitbreiding. De Ministerie\u00c2\u00a8le Noordatlantische Raad van 1 en 2 december sloot hierbij aan met de stelling dat uitbreiding \u00c2\u00abwenselijk en verwachtbaar\u00c2\u00bb is. Op basis hiervan heeft de Ministerie\u00c2\u00a8le aan de Permanente Raad opdracht gegeven tot het doen uitvoeren van een studie. De studieopdracht luidde dat bezien moet worden op welke wijze en onder welke voorwaarden de uitbreiding gestalte dient te krijgen. Daarom wordt de studie ook \u00c2\u00abwhy and how\u00c2\u00bb-studie genoemd. Eerst na voltooiing van deze studie zullen de lidmaatschapsperspectieven van afzonderlijke landen en tijdpaden nader beschouwd kunnen worden. Naar verwachting zal de \u00c2\u00abwhy and how\u00c2\u00bb-studie gedurende het komende najaar gereed komen. De NAVO zal daarna een presentatie verzorgen aan ge\u00c4\u00b1\u00c2\u00a8nteresseerde staten die deelnemen aan het Partnerschap voor Vrede. Alvorens deze presentatie plaats vindt zal de Tweede Kamer door de Regering ge\u00c4\u00b1\u00c2\u00a8nformeerd worden over de voortgang van de studie. Hoewel de Europese veiligheidsarchitectuur wel binnen de Europese Unie besproken wordt, heeft de EU geen officieel standpunt a` 15 over NAVO-uitbreiding. Tijdens informele bijeenkomsten van de Ministers van Buitenlandse Zaken overheerst de visie dat de uitbreiding van de EU en de NAVO als nauw met elkaar samenhangende processen gezien moeten worden. Het streven van de Regering is er op gericht een zo groot mogelijke parallellie in de beide uitbreidingsprocessen in Midden- en Oost-Europa te bewerkstelligen. De Regering is van mening dat de beide lidmaatschappen complementair zijn. De interne stabiliteit die geboden wordt door de economische en sociale integratie in de EU, dient aangevuld te worden door de externe veiligheid die verzekerd wordt door het NAVO-lidmaatschap. Beide integratieprocessen hebben een versterkende invloed op elkaar. Ook institutioneel bestaat een \u00e2\u20ac\u201c indirect \u00e2\u20ac\u201c verband tussen het NAVO- en EU-lidmaatschap. Wanneer de Midden- en Oosteuropese staten toetreden tot de EU, bestaat voor hen, ingevolge de WEU-verklaring bij het Verdrag van Maastricht, tevens de mogelijkheid toe te treden tot de WEU. Aangezien de veiligheids- garanties vervat in het WEU-verdrag en het NAVO-verdrag nauw met elkaar verband houden, is het noodzakelijk dat WEU- en NAVO-lidmaatschap voor de Midden- en Oosteuropese landen samenvallen. De mogelijkheid van uitbreiding van het Bondgenootschap is door mij reeds aan de orde gesteld in, onder andere, de Memorie van Toelichting bij de Rijksbegroting 1995, Hoofdstuk V, Buitenlandse Zaken. Tijdens de algemene beschouwingen op 30 november 1994 is door mij mondeling ingegaan op de NAVO. Tevens is ander verband, in de notitie over uitbreiding van de Europese Unie die op 14 november 1994 aan de Tweede Kamer is verzonden, ingegaan op de uitbreiding van de NAVO. Deze notitie is op 14 februari jl. in de Tweede Kamer behandeld. Voor wat de Eerste Kamer betreft, is de mogelijkheid van uitbreiding van de NAVO aan de orde geweest in het begrotingsdebat van 2 mei jl. Ook in voorgaande kamervragen over de houding van Rusland jegens het Westen van 4 mei jl., waarop het antwoord op 9 juni jl. door de griffie ontvangen is, mijnerzijds is ingegaan op de uitbreiding van de NAVO", "antwoord 3": "De Regering hecht groot belang aan de intensivering van de samenwerking met Midden- en Oost-Europa op het terrein van veiligheidspolitiek en defensie. Deze intensivering vindt plaats in zowel bilateraal als multilateraal kader. De bilaterale samenwerking op defensieterrein is reeds uiteengezet in een brief van de Minister van Defensie aan de Voorzitter van de Tweede Kamer van 10 mei jl. De door de NAVO ge\u00c4\u00b1\u00c2\u00a8nitieerde Noordatlantische Samenwerkingsraad is reeds sinds 1991 een forum voor politieke en militaire consultaties tussen de staten van het voormalige Warschaupakt en de NAVO. Sinds 1994 is de samenwerking van de NAVO met de NASR-landen (exclusief Tadzjikistan) en Finland, Malta, Oostenrijk, Slovenie\u00c2\u00a8 en Zweden \u00e2\u20ac\u201c verder versterkt in het kader van het Partnerschap voor Vrede (PvV). Het PvV behelst met name praktische militaire samenwerking, zoals het organiseren van oefeningen op het gebied van peacekeeping. Het PvV speelt niet alleen een rol bij de voorbereiding op het eventuele lidmaatschap van de NAVO, maar is tevens van belang voor de ontwikkeling van een inhoudsvolle relatie met partners waarvan niet verwachtbaar is dat zij spoedig tot de NAVO zullen toetreden", "antwoord 4": "Het Individuele Partnerschapsprogramma (IPP) van Rusland dat met de NAVO werd overeengekomen in het kader van het Partnerscap voor Vrede, zal een belangrijke rol spelen bij het totstandbrengen van praktische samenwerking met Rusland. Het IPP en een document inhoudende een \u00c2\u00abBroad Enhanced Dialogue\u00c2\u00bb tussen de NAVO en Rusland, werden op 31 mei jl. \u00e2\u20ac\u201c en marge van de ministerie\u00c2\u00a8le Noordatlantische Samenwerkingsraad te Noordwijk \u00e2\u20ac\u201c door Rusland aanvaard. Naast de bilaterale betrekkingen tussen NAVO-bondgenoten en Rusland, zal de hierboven genoemde dialoog van belang zijn bij het uitbouwen van de relaties met Rusland. Deze dialoog gaat verder dan het Partnerschap voor Vrede en zal recht kunnen doen aan de speciale positie van Rusland als grote Europese mogendheid, zonder daarmee een droit de regard in interne aangelegenheden van de NAVO te geven. De Regering is van mening dat zowel het Bondgenootschap als Rusland belang hebben bij een inhoudsvolle dialoog en praktische samenwerking. Hierbij kan onder meer gedacht worden aan onderwerpen als informatie-uitwisseling over vraagstukken als non-proliferatie, nucleaire veiligheid, milieuverontreiniging door militaire activiteiten en samenwerking op het gebied van vredeshandhaving. De EU streeft in haar relaties met Rusland naar de integratie van Rusland in de Europese veiligheidsarchitectuur, daarbij uitgaande van integratie van de Midden- en Oosteuropese landen in de EU. De mate waarin partnerschap met Rusland momenteel mogelijk is wordt echter beperkt door het Russische optreden in de Tsjetsjeense crisis, waardoor ondertekening van het interim-akkoord vooralsnog niet mogelijk bleek. De Regering blijft van mening dat Rusland voor de EU een essentie\u00c2\u00a8le gesprekspartner is. ]"}