{"Bibliografische_omschrijving": "Vragen van de leden Barth (PvdA) en Rijpstra (VVD) aan de staatssecretaris van Onderwijs, Cultuur en Wetenschappen, mw. Adelmund, over het Motorisch Remedial Teaching in de gemeente Apeldoorn. (Ingezonden 2 mei 2002); Antwoord", "Bestand": "14Kb", "Permalink": "\nhttp://www.geencommentaar.nl/parlando/index.php?action=doc&filename=KVR15710\n", "Inhoud": "Motorisch Remedial Teaching (RMT) kan een zinvolle bijdrage leveren aan de extra ondersteuning in de ontwikkeling van kinderen. Kan er een onderzoek worden ingesteld waardoor een grondige monitoring van de lopende projecten op het gebied van RMT kan worden bereikt.", "Rubriek": "Basisonderwijs (Onderwijsverzorging)", "Trefwoorden": "Onderwijsverzorging", "Vindplaats": "Kamervragen met antwoord 2001-2002, nr. 1187, Tweede Kamer", "Afkomstig van": "2010209880", "Indiener": "Onderwijs, Cultuur en Wetenschappen (OCW)", "Partij vertegenwoordiger": "<persoon partij=\"PvdA\">Barth</persoon>", "Datum_reaktie": "\n", "Datum_indiening": "<persoon partij=\"VVD\">Rijpstra</persoon>", "vraag 1": "Bent u op de hoogte van het project \u00c2\u00abMotorisch Remedial Teaching\u00c2\u00bb(MRT), zoals dat onder meer in de gemeente Apeldoorn wordt uitgevoerd? ", "vraag 2": "Deelt u de mening dat dit soort projecten een zinvolle bijdrage levert aan extra ondersteuning in de ontwikkeling van kinderen, met name kinderen met een motorische achterstand? ", "vraag 3": "Bent u bereid een onderzoek in te stellen waardoor een grondige monitoring van lopende projecten op het gebied van motorische remedial teaching kan worden bereikt? Zo ja, op welke termijn bent u bereid een onderzoeksopdracht te geven en de Kamer daarover te informeren? ", "vraag 4": "Bent u verder bereid om via zo\u00e2\u20ac\u2122n onderzoek de Kamer inzicht te verschaffen in waar MRT wordt aangeboden, wat de resultaten ervan zijn en waar sprake is van knelpunten? ", "antwoord 1": "[Ja", "antwoord 2": "Ja", "antwoord 3": "De lopende projecten op het gebied van Motorische Remedial Teaching (MRT) zijn volledig afhankelijk van lokaal beleid of beleid van een schoolbestuur. Het gaat om zowel binnenschoolse als buitenschoolse projecten. Er zijn vele varianten en modellen van MRT. Ook de hulp door fysiotherapie of andere vormen van therapie op verwijzing van school- of huisarts wordt hieronder verstaan. Door de verplichting van scholen om vakleerkrachten lichamelijke oefening aan te stellen is gewaarborgd dat er binnen een schoolteam voldoende deskundigheid is om motorisch achterblijvende leerlingen op het gewenste niveau te brengen. MRT-projecten bieden een zeer goede mogelijkheid om schoolse en niet-schoolse activiteiten zinvol met elkaar te verbinden. Landelijke ondersteuning van lokale projecten en initiatieven die gericht zijn op hulp aan leerlingen met motorische achterstanden kan het best plaatsvinden via expertise-uitwisseling door bijvoorbeeld netwerkbijeenkomsten en de ontwikkeling van een (opleidings)concept voor MRT dat aansluit bij het bewegingsonderwijs in de school. In het kader van de SLOA-procedure 2002 heb ik daarom aan de SLO gevraagd dergelijke activiteiten te ontplooien. Deze inzet van de beschikbare financi\u00c3\u00able middelen heeft een sterke voorkeur boven de monitoring van lopende projecten op het gebied van MRT", "antwoord 4": "Zie mijn antwoord op vraag 3. ]"}