{"Bibliografische_omschrijving": "Vragen van de leden Van Heemst, Duijkers en Duivesteijn (allen PvdA) aan de ministers van Binnenlandse Zaken en Koninkrijksrelaties en van Justitie over het verslag van de Vereniging Eigen Huis. (Ingezonden 24 oktober 2001); Mededeling", "Bestand": "13Kb", "Permalink": "\nhttp://www.geencommentaar.nl/parlando/index.php?action=doc&filename=KVR14624\n", "Inhoud": "Vragen over vermeende vriendjespolitiek bij toewijzing van nieuwbouwwoningen, naar aanleiding van het rapport dat Vereniging Eigen Huis oktober 2001 heeft uitgebracht.", "Rubriek": "Criminaliteit en openbare orde (Fraude) Volkshuisvesting (Koopwoningen)", "Trefwoorden": "Ambtsmisdrijven Koopwoningen", "Vindplaats": "Kamervragen met antwoord 2001-2002, nr. 275, Tweede Kamer", "Afkomstig van": "2010201510", "Indiener": "Binnenlandse Zaken en Koninkrijksrelaties (BZK) Justitie (JUS)", "Partij vertegenwoordiger": "<persoon partij=\"PvdA\">Van Heemst</persoon>", "Datum_reaktie": "\n", "Datum_indiening": "<persoon partij=\"PvdA\">Duijkers</persoon>", "vraag 1": "Hebt u kennisgenomen van het rapport \u00c2\u00abWie dicht bij het vuur zit, warmt zich het best\u00c2\u00bb van oktober 2001 waarin de Vereniging Eigen Huis verslag doet van de bevindingen van het meldpunt \u00c2\u00abVriendjespolitiek bij toewijzing van nieuwbouwwoningen\u00c2\u00bb? ", "vraag 2": "Wat is uw oordeel over de gehanteerde wijze van melding en registratie? Geeft dit rapport een betrouwbaar beeld van de mogelijke aard en omvang van vriendjespolitiek, met name waar lokale bestuurders en ambtenaren in het geding zijn? ", "vraag 3": "Zijn er vergelijkbare onderzoeken gedaan naar andere vormen van \u00c2\u00abvriendjespolitiek\u00c2\u00bb in het Nederlandse openbare bestuur en, zo ja, wijzen die in eenzelfde richting? ", "vraag 4": "Hoe luidt uw oordeel over het aandeel gemeenteraadsleden (10%) en ambtenaren (8%) in het totaal van de 169 meldingen van al dan niet vermeende vriendjespolitiek die over de periode van april tot september 2001 zijn gedaan? ", "vraag 5": "Tot welke acties leidt dit oordeel? ", "vraag 6": "Bent u bereid de in het rapport gemelde gevallen nader te onderzoeken om vast te stellen waar sprake is van (vermoedelijke) inbreuken op de integriteit van het openbaar bestuur? Zo neen, waarom niet? ", "antwoord 1": "[]"}