{"Bibliografische_omschrijving": "Vragen van het lid Hoekema (D66) aan de staatssecretaris van Justitie over de uitzetting van het gezin Orudsji in AZC Dronten. (Ingezonden 15 januari 2002); Antwoord", "Bestand": "14Kb", "Permalink": "\nhttp://www.geencommentaar.nl/parlando/index.php?action=doc&filename=KVR15071\n", "Inhoud": "Staats- en bestuursrecht (Vreemdelingenrecht)", "Rubriek": "Vreemdelingen", "Trefwoorden": "Kamervragen met antwoord 2001-2002, nr. 630, Tweede Kamer", "Vindplaats": "2010204400", "Afkomstig van": "Justitie (JUS)", "Indiener": "<persoon partij=\"D66\">Hoekema</persoon>", "Partij vertegenwoordiger": "\n", "Datum_reaktie": "2002-02-12", "Datum_indiening": "2002-01-15", "vraag 1": "Waarom was de uitzetting van het gezin Orudsji op verschillende data voorzien en is deze een aantal malen uitgesteld? ", "vraag 2": "Kunt u aangeven waarom is geopteerd voor gescheiden uitzetting (moeder en twee dochters wel, vader met hernia niet) en hoe dit zich verhoudt tot het beginsel van respect voor \u00c2\u00abfamily life\u00c2\u00bb? ", "vraag 3": "Op welke wijze kan ervoor worden gezorgd dat op het AZC Dronten zoveel mogelijk recht wordt gedaan aan handhaving en uitvoering van het respect voor \u00c2\u00abfamily life\u00c2\u00bb met name waar het gaat om regelingen voor bezoek en de voorwaarden waaronder dit kan plaats vinden? ", "antwoord 1": "[De ontruiming ten aanzien van de echtgenote/moeder en de twee dochters van het gezin Orouji uit het AZC Dronten stond aanvankelijk gepland op 19 december 2001. In verband met werkzaamheden in het kader van de invoering van de Euro kon de politie van Dronten op deze datum echter onvoldoende bijstand verlenen aan de deurwaarder bij de feitelijke ontruiming. In overleg met de gemeente is daarop door het COA besloten de ontruiming plaats te doen vinden op 7 januari 2002", "antwoord 2": "In de procedures omtrent de be\u00c3\u00abindiging van de opvangvoorzieningen van het gezin Orouji is in mei 2001 door de rechtbank ten aanzien van de vader/echtgenoot in verband met medische omstandigheden een voorlopige voorziening toegewezen. Ten aanzien van moeder/echtgenote en kinderen werden ontruimingsvonnissen afgegeven. In november 2001 zijn deze vonnissen in beroep bekrachtigd. Het recht op eerbiediging van het gezinsleven is hierbij door de rechter meegewogen. Daarbij is geoordeeld dat in redelijkheid niet valt in te zien dat het COA de voortzetting van het gezinsverband door een voortdurende verstrekking van opvang aan alle gezinsleden moet waarborgen en dat de be\u00c3\u00abindiging van opvang een inbreuk oplevert op het in artikel 8 lid 1 EVRM voorziene respect voor priv\u00c3\u00a9-, familie- of gezinsleven. Op basis van de daartoe strekkende uitspraken van de rechter is het COA overgegaan tot be\u00c3\u00abindiging van de opvangvoorzieningen van de moeder/echtgenote en de dochters", "antwoord 3": "Het gezin Orouji kan elkaar dagelijks ontmoeten op het AZC Dronten. Zij hebben daarbij de gelegenheid tot contact op basis van gezinsleven en onder vier ogen. Daarnaast bestaan er met betrekking tot de medische behandeling van zijn hernia geen aanwijzingen dat de vader/echtgenoot niet in staat is om, al dan niet met hulp van zijn gezinsleden, zijn gezinsverband buiten het AZC voort te zetten. Overigens merk ik hierbij wel op dat vorenstaande niet in de weg staat aan het feit dat op de echtgenote/moeder en de twee dochters van het gezin nog steeds de rechtsplicht rust Nederland te verlaten. ]"}