{"Bibliografische_omschrijving": "Vragen van het lid Rabbae (GroenLinks) aan de minister van Onderwijs, Cultuur en Wetenschappen over allochtone onderwijsinspecteurs. (Ingezonden 13 juli 1999); Antwoord", "Bestand": "14Kb", "Permalink": "\nhttp://www.geencommentaar.nl/parlando/index.php?action=doc&filename=KVR10087\n", "Inhoud": "Vragen naar aanleiding van het onvrijwillige vertrek van de enige twee allochtone onderwijsinspecteurs.", "Rubriek": "Basisonderwijs (Overig) Beroepsonderwijs en volwasseneneducatie (Overig) Speciaal onderwijs (Overig) Voortgezet onderwijs (Overig) Welzijn (Minderheden)", "Trefwoorden": "Minderheden Onderwijsinspectie", "Vindplaats": "Kamervragen met antwoord 1998-1999, nr. 1917, Tweede Kamer", "Afkomstig van": "2989916070", "Indiener": "Onderwijs, Cultuur en Wetenschappen", "Partij vertegenwoordiger": "<persoon partij=\"GroenLinks\">Rabbae</persoon>", "Datum_reaktie": "\n", "Datum_indiening": "1999-08-26", "vraag 1": "Bent u op de hoogte van het feit dat de enige twee inspecteurs van allochtone herkomst die de onderwijsinspectie rijk was recentelijk na conflicten onvrijwillig zijn vertrokken? ", "vraag 2": "Is het vertrek van deze twee allochtone onderwijsinspecteurs naar uw mening te wijten aan persoonlijke omstandigheden of aan problemen van meer structurele aard binnen de onderwijsinspectie? Bent u bereid daar een nadere analyse van te maken? ", "vraag 3": "Hoe is op dit moment de getalsmatige verhouding tussen autochtone en allochtone onderwijsinspecteurs? ", "vraag 4": "Deelt u de mening dat het van groot belang is dat een representatie van de diverse bevolkingsgroepen werkzaam is op deze gezichtsbepalende functies met een groot belang voor de kwaliteit van het onderwijs in een multiculturele samenleving? ", "vraag 5": "Op welke manier wilt u de positie van allochtonen bij de onderwijsinspectie verbeteren en meer allochtone onderwijsinspecteurs aantrekken? ", "antwoord 1": "[Ja. Betrokkenen zijn respectievelijk 1 september 1997 en 1 mei 1998 ontslagen. Ik merk hierbij overigens op dat zij niet de enige inspecteurs van allochtone afkomst zijn. Zie ook het antwoord op vraag 3", "antwoord 2": "De oorzaken van het ontslag waren gelegen in de wijze van functioneren van betrokkenen. Ik zie geen aanleiding tot een nadere analyse", "antwoord 3": "Het aantal inspecteurs van allochtone afkomst is sinds 1997 gestegen van 4 naar 6 op een gemiddeld totaal van 203.5", "antwoord 4": "Ja. Bij de publicatie van vacatures bij de inspectie van het onderwijs worden onder anderen allochtonen nadrukkelijk uitgenodigd te solliciteren", "antwoord 5": "De positie van allochtone medewerkers heeft de permanente aandacht van de inspectieleiding. Omdat de wervingsmarkt voor allochtone inspecteurs bijzonder krap is, worden specifieke activiteiten ontplooid. Bij de meest recente werving van inspecteurs werd dan ook ondersteuning verleend door een in de werving van allochtonen gespecialiseerd bureau. Ook bij de eerstvolgende werving \u00e2\u20ac\u201c vermoedelijk in 2000 \u00e2\u20ac\u201c zal een dergelijk bureau worden ingeschakeld. ]"}