{"Bibliografische_omschrijving": "Vragen van het lid Mulder-van Dam (CDA) over restauratie van de Bonaventurakerk in Woerden (Ingezonden 20 april 1995); Antwoord", "Bestand": "15Kb", "Permalink": "\nhttp://www.geencommentaar.nl/parlando/index.php?action=doc&filename=KVR1453\n", "Inhoud": "Betreft het niet in aanmerking komen voor vervolgsubsidie.", "Rubriek": "Cultuur en taal (Monumenten) Cultuur en taal (Subsidies)", "Trefwoorden": "Cultuursubsidies Monumenten", "Vindplaats": "Kamervragen met antwoord 1994-1995, nr. 809, Tweede Kamer", "Afkomstig van": "Onderwijs, Cultuur en Wetenschappen", "Indiener": "<persoon partij=\"CDA\">Mulder-van Dam</persoon>", "Partij vertegenwoordiger": "\n", "Datum_reaktie": "1995-05-19", "Datum_indiening": "1995-04-20", "vraag 1": "Komt de Bonaventurakerk in Woerden niet in aanmerking voor vervolgsubsidie voor de voltooiing van de 2e fase van de restauratie van bedoelde kerk? ", "vraag 2": "Kan daardoor de met steun van het toenmalige ministerie van WVC ingezette restauratie niet worden voltooid en komt het werk daardoor stil te liggen? ", "vraag 3": "Moet niet uit het feit, dat in 1990 reeds 3,4 miljoen ter beschikking is gesteld en de subsidiabele kosten ook voor de 2e fase reeds zijn vastgesteld, worden afgeleid dat het in de bedoeling heeft gelegen ook voor de vervolgfase subsidie te verstrekken? ", "vraag 4": "Deelt u de opvatting, dat het afbreken van de reeds in gang gezette restauratie in strijd is met de bijzondere zorg die het kabinet zegt aan monumentenbehoud te willen geven? ", "vraag 5": "Ligt die zorg voor het behoud van onze monumenten ook niet ten grondslag aan het door de gehele Kamer gewenste strategisch plan voor monumentenzorg, waarover het kabinet tot op heden nog geen standpunt heeft bepaald? ", "vraag 6": "Is hier sprake van een zodanig knelpunt dat een beroep op de knelpuntenpot hier gerechtvaardigd is? Moet niet uit een oogpunt van efficie\u00c2\u00a8nte inzet van middelen en behoud van werkgelegenheid voorrang worden gegeven aan voltooiing van reeds, door WVC gesubsidieerde, ingezette restauratie boven het verlenen van subsidie aan nieuwe projecten? ", "antwoord 1": "[Nee, de toepasselijke regelgeving, i.c. het Besluit rijkssubsidie\u00c2\u00a8ring restauratie monumenten (Brrm), sluit niet uit dat de Bonaventurakerk (wederom) in aanmerking komt voor subsidie", "antwoord 2": "Nee (zie antwoord onder 1). Overigens is door het parochiebestuur van de Heilige Bonaventura een bezwaarschrift ingediend tegen afwijzing van een verzoek om subsidie ten laste van de zgn. knelpuntenpot. Over dit bezwaarschrift is door de Bezwaarschriftencommissie Cultuur na de zitting van 19 april nog geen advies uitgebracht", "antwoord 3": "Nee, de genoemde 3,4 miljoen kwamen ten laste van de eenmalige extra impuls ten behoeve van bedreigde kerkgebouwen, de Tijdelijke rijkssubsidieregeling instandhouding beschermde kerkgebouwen (Tribk). Vaststelling van subsidiabele restauratiekosten geschiedt altijd vooraf, ongeacht of het subsidie (geheel) wordt verstrekt en los van de beschikbare subsidiemiddelen", "antwoord 4": "Nee. Het betreft een restauratie in fasen. Het is niet ongebruikelijk dat monumenten door deelrestauraties worden hersteld en er per restauratiefase een verzoek om subsidie wordt ingediend, op basis van het door de gemeente opgestelde meerjarenprogramma. In die zin is iedere deelrestauratie een nieuw project. Overigens, bijzondere zorg kan om redenen van zorgvuldigheid juist betekenen dat het verstrekken van een vervolgsubsidie voor een deelrestauratie binnen de bestaande regeling van het Brrm niet met voorrang plaatsvindt, omdat de noden elders groter zijn", "antwoord 5": "Ja", "antwoord 6": "Nee. Er loopt over dit onderwerp nog een bezwarenprocedure (zie antwoord bij 2). Nee (zie antwoord bij 4). ]"}