{"Bibliografische_omschrijving": "Vragen van het lid Koenders (PvdA) aan de minister van Buitenlandse Zaken over Irak. (Ingezonden 12 september 2002); Antwoord", "Bestand": "13Kb", "Permalink": "\nhttp://www.geencommentaar.nl/parlando/index.php?action=doc&filename=KVR16348\n", "Inhoud": "De minister van Buitenlandse Zaken wordt gevraagd of hij een spoedadvies wil vragen aan de Commissie Advies Volkenrechtelijke Vraagstukken (CAVV) in het licht van eventuele militaire acties tegen Irak.", "Rubriek": "Veiligheidsbeleid en defensie (Oorlogen en conflicten)", "Trefwoorden": "Internationale conflicten Irak", "Vindplaats": "Kamervragen met antwoord 2002-2003, nr. 56, Tweede Kamer", "Afkomstig van": "2010215380", "Indiener": "Buitenlandse Zaken (BUZA)", "Partij vertegenwoordiger": "<persoon partij=\"PvdA\">Koenders</persoon>", "Datum_reaktie": "\n", "Datum_indiening": "2002-09-26", "vraag 1": "Wilt u een spoed-advies vragen aan de Commissie Advies Volkenrechtelijke Vraagstukken (CAVV) in het licht van eventuele militaire acties tegen Irak m.b.t.: \u00e2\u20ac\u201c de reikwijdte van de bestaande resoluties ten aanzien van Irak; \u00e2\u20ac\u201c de formulering van eventuele nieuwe resoluties inclusief nieuwe ultimata en het gebruik van geweld; \u00e2\u20ac\u201c reikwijdte van het recht op zelfverdediging (artikel 51 VN Handvest) en het concept van preventieve aanvallen. ", "vraag 2": "Wilt u deze vraag terstond beantwoorden en het eventuele advies aan de Kamer toezenden? ", "antwoord 1": "[In het licht van het door mij reeds ingenomen standpunt inzake met name de volkenrechtelijke aspecten van eventuele militaire actie tegen Irak (zie kamerstuk 23 432 nr. 56) acht ik het vragen van een advies aan de Commissie van advies inzake volkenrechtelijke vraagstukken (CAVV) met betrekking tot de geformuleerde deelvragen niet noodzakelijk. Ik teken hierbij aan dat de tweede deelvraag (het vragen van advies met betrekking tot de formulering van eventuele nieuwe resoluties) geen juridische, maar een politieke vraag is. In elk geval is deze vraag voor Nederland minder relevant, zolang het geen lid van de Veiligheidsraad is. De derde deelvraag is wellicht in zijn algemeenheid een interessante vraag, maar niet toegesneden op de huidige situatie waarbij het spoor van de Veiligheidsraad is gekozen. ]"}