{"Bibliografische_omschrijving": "Vragen van de leden Van der Hoek en Hindriks (beiden PvdA) aan de minister van Economische Zaken over de staatssteun aan de scheepsbouw. (Ingezonden 2 mei 2002); Mededeling", "Bestand": "13Kb", "Permalink": "\nhttp://www.geencommentaar.nl/parlando/index.php?action=doc&filename=KVR16162\n", "Inhoud": "Aanvullende vragen op eerder gestelde vragen door de leden Hindriks en Van der Hoek (Aanhangsel van de Handelingen II, 2001-2002, 955) over de desastreuse gevolgen voor de scheepsbouw als het te lang duurt voordat de steunfondsen gerealiseerd zijn.", "Rubriek": "Bedrijfsleven en industrie (Subsidies) Verkeer, vervoer en waterstaat (Schepen)", "Trefwoorden": "Scheepsbouw Subsidies", "Vindplaats": "Kamervragen met antwoord 2001-2002, nr. 1572, Tweede Kamer", "Afkomstig van": "2010209910", "Indiener": "Economische Zaken (EZ)", "Partij vertegenwoordiger": "<persoon partij=\"PvdA\">Van der Hoek</persoon>", "Datum_reaktie": "\n", "Datum_indiening": "<persoon partij=\"PvdA\">Hindriks</persoon>", "vraag 1": "Bent u, gelet op de antwoorden op met name vraag 3 van de eerder door hen gestelde vragen (Aanhangsel Handelingen nr. 955, Vergaderjaar 2001\u00e2\u20ac\u201c2002 van mening dat zonder \u00c2\u00abnoodverbanden\u00c2\u00bb een groot deel van de orders voor de (noordelijke) scheepsbouw niet doorgaat? Zo neen, waarom niet? ", "vraag 2": "Bent u van mening dat het niet doorgaan van deze orders desastreus zou zijn voor de noordelijke scheepsbouw? ", "vraag 3": "Wilt u de Tweede Kamer informeren over het tijdsbestek dat de realisatie van de fondsen nog vergt? ", "vraag 4": "Bent u bereid \u00c2\u00abnoordverbanden\u00c2\u00bb te realiseren, zodat orders behouden kunnen blijven, in overleg met de Vereniging Nederlandse Scheepsbouw Industrie (VNSI)? Zo ja, op welke wijze? Zo neen, waarom niet? ", "vraag 5": "Bent u bereid te bevorderen, in overeenstemming met het voorstel van de VNSI, dat in Nederland een tax-lease faciliteit voor schepen wordt ingevoerd? Zo ja, op welke wijze wordt dit gerealiseerd en op welke termijn? Zo neen, waarom niet? ", "antwoord 1": "[]"}