{"Bibliografische_omschrijving": "Vragen van de leden Dittrich (D66), Verhagen (CDA) en Koenders (PvdA) aan de minister van Buitenlandse Zaken over de zorg voor Nederlandse gedetineerden in het buitenland. (Ingezonden 3 juni 2002); Antwoord", "Bestand": "16Kb", "Permalink": "\nhttp://www.geencommentaar.nl/parlando/index.php?action=doc&filename=KVR15774\n", "Inhoud": "Vragen over het stoppen van subsidieverstrekking aan de stichting Epafras, die geestelijke verzorging biedt aan Nederlandse gedetineerden in buitenlandse gevangenissen.", "Rubriek": "Criminaliteit en openbare orde (Gevangeniswezen en penitentiair recht) Internationale betrekkingen (Overig)", "Trefwoorden": "Gedetineerden Internationale betrekkingen", "Vindplaats": "Kamervragen met antwoord 2001-2002, nr. 1243, Tweede Kamer", "Afkomstig van": "2010210970", "Indiener": "Buitenlandse Zaken (BUZA)", "Partij vertegenwoordiger": "<persoon partij=\"D66\">Dittrich</persoon>", "Datum_reaktie": "\n", "Datum_indiening": "<persoon partij=\"CDA\">Verhagen</persoon>", "vraag 1": "Hoe staat u tegenover het feit dat de stichting Epafras de bezoeken aan Nederlandse gedetineerden in buitenlandse gevangenissen nagenoeg geheel heeft moeten stopzetten als gevolg van het uitblijven van subsidie? ", "vraag 2": "Onderschrijft u nog steeds het oordeel van de regering en de Tweede Kamer dat de zorg voor Nederlandse gedetineerden in het buitenland behoort tot de kerntaken van het buitenlands beleid en dat de stichting Epafras daarbij een belangrijke taak vervult? ", "vraag 3": "Bent u bereid alsnog op korte termijn aan de stichting Epafras de door de Tweede Kamer beoogde subsidie te verstrekken zonder daarbij voorwaarden te stellen die niet passen bij de aard van het werk van de stichting, te weten het bieden van geestelijke verzorging aan Nederlandse gedetineerden in buitenlandse gevangenissen? ", "antwoord 1": "[In weerwil van de steun die het ministerie bood, heeft de Stichting Epafras pas op een zeer laat moment, te weten 24 mei 2002, een subsidie-aanvraag voor het jaar 2002 ingediend ten bedrage van 327.175,\u00e2\u20ac\u201c. Bij wijze van hoge uitzondering heb ik bij beschikking van 9 april 2002 en 6 mei 2002 aan de Stichting een voorschot toegekend van respectievelijk 60.000,\u00e2\u20ac\u201c en 101.000,\u00e2\u20ac\u201c. Tot deze uitzonderlijke stap heb ik besloten teneinde de voortgang van de werkzaamheden van de Stichting Epafras niet in gevaar te brengen, in afwachting van de indiening van een deugdelijk subsidieaanvraag door de Stichting Epafras. Indien juist is dat de Stichting Epafras zich thans genoodzaakt ziet haar werkzaamheden nagenoeg geheel te moeten stopzetten, in weerwil van de ontvangst van 161. 000,(zijnde ca. 50% van de door de Stichting Epafras gevraagde subsidie voor het jaar 2002), zegt dit voornamelijk iets over de organisatie van werkzaamheden en het beheer van de cash-flow door de Stichting Epafras", "antwoord 2": "Ja", "antwoord 3": "De op 24 mei jl. ontvangen subsidieaanvraag van de Stichting Epafras wordt thans beoordeeld conform de voor alle subsidie-aanvragen geldende subsidieregeling Ministerie van Buitenlandse Zaken zoals gepubliceerd in de Staatscourant 1998, nr. 249/pag. 26. ]"}