{"Bibliografische_omschrijving": "Aanvullende vragen van het lid Kant (SP) aan de staatssecretaris van Onderwijs, Cultuur en Wetenschappen, mw. Adelmund en aan de minister voor Grote Steden- en Integratiebeleid over Islamitische scholen. (Ingezonden 21 februari 2002); Antwoord", "Bestand": "13Kb", "Permalink": "\nhttp://www.geencommentaar.nl/parlando/index.php?action=doc&filename=KVR15371\n", "Inhoud": "Vraag over de onwenselijkheid van be\u00c3\u00afnvloeding van het onderwijs door geldschieters uit Saudi-Arabi\u00c3\u00ab. Deze vraag dient ter aanvulling op eerdere vragen hierover van de leden Cornielje en Rijpstra, ingezonden 21 februari 2002 (2010206660). Herdruk in verband met een tekstuele wijziging.", "Rubriek": "Basisonderwijs (Bekostiging basisonderwijs)", "Trefwoorden": "Bekostiging basisonderwijs Bijzonder onderwijs Godsdiensten", "Vindplaats": "Kamervragen met antwoord 2001-2002, nr. 893H, Tweede Kamer", "Afkomstig van": "2010206680", "Indiener": "Onderwijs, Cultuur en Wetenschappen (OCW)", "Partij vertegenwoordiger": "<persoon partij=\"SP\">Kant</persoon>", "Datum_reaktie": "\n", "Datum_indiening": "2002-03-25", "vraag 1": "Vindt u dat het onwenselijk is als het onderwijs be\u00c3\u00afnvloed wordt door geldschieters uit Saudi-Arabi\u00c3\u00ab of andere geldschieters? Toelichting Deze vragen dienen ter aanvulling op eerdere vragen terzake van de leden Cornielje en Rijpstra. (Ingezonden 21 februari jl.) ", "antwoord 1": "[Indien de betreffende geldschieters ten doel hebben om de integratie van kinderen en hun ouders in de Nederlandse samenleving te belemmeren of tegen te werken, luidt het antwoord ja. In algemene zin is van belang dat scholen openheid betrachten omtrent de middelen die ze verwerven, alsmede over tegenprestaties die hiervoor verwacht worden. Zie hiervoor het antwoord op vraag 3 van de leden Cornielje en Rijpstra over deze kwestie. ]"}