{"Bibliografische_omschrijving": "Vragen van het lid De Cloe (PvdA) aan de staatssecretaris van Onderwijs, Cultuur en Wetenschappen, mw. Adelmund, over speciaal basisonderwijs in Breda, Nieuw Ginneken en Gilze en Rijen. (Ingezonden 7 november 2001); Antwoord", "Bestand": "17Kb", "Permalink": "\nhttp://www.geencommentaar.nl/parlando/index.php?action=doc&filename=KVR14682\n", "Inhoud": "In Breda is besloten om met ingang van 1 november 2001 kinderen die in welzijnsinstellingen verblijven en van buiten de samenwenwerkingsbanden WSNS komen, niet meer in aanmerking te laten komen voor plaatsing in het speciaal basisonderwijs van de samenwerkingsverbanden.", "Rubriek": "Speciaal onderwijs (Leerlingen)", "Trefwoorden": "Speciale scholen voor basisonderwijs", "Vindplaats": "Kamervragen met antwoord 2001-2002, nr. 323, Tweede Kamer", "Afkomstig van": "2010202010", "Indiener": "Onderwijs, Cultuur en Wetenschappen (OCW)", "Partij vertegenwoordiger": "<persoon partij=\"PvdA\">De Cloe</persoon>", "Datum_reaktie": "\n", "Datum_indiening": "2001-11-29", "vraag 1": "Heeft u kennisgenomen van het besluit van de Stichting Samenwerkingsverband WSNS Breda, Nieuw Ginneken en Gilze en Rijen om met ingang van 1 november jl. kinderen die in welzijnsinstellingen verblijven en van buiten de genoemde samenwerkingsverbanden komen, niet meer in aanmerking te laten komen voor plaatsing in het speciaal basisonderwijs van deze samenwerkingsverbanden? Wat is uw reactie op dit besluit? ", "vraag 2": "Acht u een zogenaamde \u00c2\u00abdirecte instroom\u00c2\u00bb van 18% van de leerlingen van het speciaal basisonderwijs in een samenwerkingsverband acceptabel? Zo ja, waarom? Is het waar dat de samenwerkingsverbanden Breda, Nieuw Ginneken en Gilze en Rijen een \u00c2\u00abdirecte instroom\u00c2\u00bb percentage kennen dat boven de 31 ligt? ", "vraag 3": "Op welke wijze wordt er nu voor zorggedragen dat de kinderen die in welzijnsinstellingen verblijven en van buiten de samenwerkingsverbanden Breda, Nieuw Ginneken en Gilze en Rijen komen, onderwijs ontvangen op een speciale school voor basisonderwijs? ", "vraag 4": "Indien hier ook naar uw mening sprake is van een ernstige situatie, bent u dan bereid op zeer korte termijn een oplossing te bevorderen? ", "antwoord 1": "[Ik heb kennisgenomen van dit besluit. Ik betreur het dat de samenwerkingsverbanden een signaal hebben laten uitgaan door middel van een besluit dat de belangen van leerlingen kan schaden", "antwoord 2": "Bij de invoering van de Wet op het primair onderwijs (WPO) is het totaal aan zorgmiddelen dat voordien beschikbaar was voor LOM, MLK en IOBK, vermeerderd met een aanzienlijke impuls, beschikbaar gesteld als zorgformatie Weer Samen Naar School (WSNS). In die formatie zat ook een component voor leerlingen die afkomstig waren van andere dan de huidige WPO-instellingen. In de bekostiging Weer Samen Naar School is derhalve rekening gehouden met de categorie leerlingen \u00c2\u00abdirecte instroom\u00c2\u00bb. Het landelijk gemiddelde van leerlingen die instromen uit voorzieningen niet zijnde speciale scholen voor basisonderwijs en reguliere basisscholen bedraagt over de afgelopen 3 jaar circa 13%. De expertgroep Plaatsingsbeleid is verzocht bovenmatige directe instroom uit bovenregionale voorzieningen te onderzoeken. De conclusie van de expertgroep is dat het probleem van de directe instroom landelijk beperkt van omvang lijkt. De expertgroep stelt voor om de bovenmatige directe instroom in enkele samenwerkingsverbanden te betrekken bij de specifieke aanpak van knelpunten in samenwerkingsverbanden. De specifieke aanpak van knelpunten is uitgewerkt in de Derde Voortgangsrapportage WSNS, die op 15 november 2001 aan de Tweede Kamer is aangeboden. De samenwerkingsverbanden Breda, Nieuw Ginneken en Gilze en Rijen zijn door een lid van de expertgroep Plaatsingsbeleid bezocht. Volgens de offici\u00c3\u00able opgaven van de speciale scholen voor basisonderwijs in de betreffende samenwerkingsverbanden op de telformulieren van CFI bedroeg de \u00c2\u00abdirecte instroom\u00c2\u00bb in de jaren 1998 tot en met 2000 circa 15%. Dit percentage wijkt nauwelijks af van het landelijk gemiddelde. Er is in de betreffende samenwerkingsverbanden dus geen sprake van een bovenmatige instroom. Het percentage van 31% dat de samenwerkingsverbanden vermelden, correspondeert dus niet met de bij mijn ministerie beschikbare telgegevens. Ook het deelnamepercentage van leerlingen aan het speciaal basisonderwijs ontwikkelt zich in de betreffende samenwerkingsverbanden gunstig. Vanaf 1998 is dit percentage gedaald van 4,63% naar 3,84% op 1 oktober 2000", "antwoord 3": "Er is contact gezocht met de betreffende samenwerkingsverbanden. Het besluit van de betreffende samenwerkingsverbanden is inmiddels ingetrokken. De samenwerkingsverbanden hebben dit besloten na bestudering van de publicatie van de \u00c2\u00abVerlengde subsidieregeling aanpak plaatsingsproblematiek Weer Samen Naar School\u00c2\u00bb (Uitleg OCenW-Regelingen 14 november 2001). Deze regeling voorziet in een bedrag per leerling in het samenwerkingsverband van f 22,53 ( 10,22). Met de middelen kunnen de samenwerkingsverbanden de problemen op korte termijn oplossen", "antwoord 4": "Zie het antwoord op vraag 3. ]"}