{"Bibliografische_omschrijving": "Vragen van het lid Versnel-Schmitz (D66) over de publicatie \u00c2\u00abRuimte voor Molens\u00c2\u00bb (Ingezonden 12 mei 1995); Mededeling", "Bestand": "14Kb", "Permalink": "\nhttp://www.geencommentaar.nl/parlando/index.php?action=doc&filename=KVR1542\n", "Inhoud": "Cultuur en taal (Monumenten)", "Rubriek": "Monumenten", "Trefwoorden": "Kamervragen met antwoord 1994-1995, nr. 895, Tweede Kamer", "Vindplaats": "Onderwijs, Cultuur en Wetenschappen", "Afkomstig van": "<persoon partij=\"D66\">Versnel-Schmitz</persoon>", "Indiener": "\n", "Partij vertegenwoordiger": "1995-06-12", "Datum_reaktie": "1995-05-12", "Datum_indiening": "KVR1542", "vraag 1": "Kent u de publicatie \u00c2\u00abRuimte voor Molens\u00c2\u00bb van de vereniging \u00c2\u00abDe Hollandse Molen\u00c2\u00bb? ", "vraag 2": "Onderschrijft u de korte samenvatting \u00c2\u00abMolens horen in het zicht en in de wind\u00c2\u00bb die duidelijk aangeeft dat de restauratie van een molen duurzamer wordt, als feitelijk gebruik mogelijk is en dat daarmee de belevingswaarde groter is? ", "vraag 3": "Bent u bereid vanuit het begrippenkader \u00c2\u00abgebruikswaarde, belevingswaarde (c.q. culturele waarde) en toekomstwaarde\u00c2\u00bb (Vinex, Architectuurnota) in overleg te treden met de ministers van Volkshuisvesting, Ruimtelijke Ordening en Milieu, Landbouw, Natuurbeheer en Visserij en Verkeer en Waterstaat om de molenbiotoop bij landelijke projecten veilig te stellen? ", "vraag 4": "Bent u bereid in samenhang met het ruimtelijk instrumentarium te komen tot regelgeving, bijvoorbeeld in de vorm van een cultuurhistorische effectrapportage bij bestemmingsplannen, om daarmee te doen bewerkstelligen dat de dreigende verslechtering van de molenbiotoop gestopt wordt (nu nog 62% redelijk tot goed, bij voortzetting van de huidige treden 30%)? ", "vraag 5": "Kan een dergelijke cultuurhistorische effectrapportage breder getrokken worden in samenhang met de uitwerking van het Verdrag van Malta voor het archeologisch bodemarchief? ", "antwoord 1": "[]"}