{"Bibliografische_omschrijving": "Vragen van het lid Kamp (VVD) aan de staatssecretaris van Justitie over daling van het aantal asielaanvragen in Duitsland. (Ingezonden 16 november 1999); Antwoord", "Bestand": "14Kb", "Permalink": "\nhttp://www.geencommentaar.nl/parlando/index.php?action=doc&filename=KVR10759\n", "Inhoud": "Vragen naar aanleiding van het artikel 'Zahl der Asylbewerber sinkt' in de Frankfurter Allgemeine Zeitung van 9 november 1999, over de daling van het aantal asielaanvragen in Duitsland.", "Rubriek": "Staats- en bestuursrecht (Vreemdelingenrecht) Welzijn (Vreemdelingen en asielzoekers)", "Trefwoorden": "Duitsland Vluchtelingen", "Vindplaats": "Kamervragen met antwoord 1999-2000, nr. 446, Tweede Kamer", "Afkomstig van": "2990002770", "Indiener": "Justitie", "Partij vertegenwoordiger": "<persoon partij=\"VVD\">Kamp</persoon>", "Datum_reaktie": "\n", "Datum_indiening": "1999-12-13", "vraag 1": "Kent u het artikel \u00c2\u00abZahl der Asylbewerber sinkt\u00c2\u00bb in de Frankfurter Allgemeine Zeitung van 9 november jl? ", "vraag 2": "Is in Duitsland het aantal asielaanvragen in oktober van dit jaar met 29% gedaald ten opzichte van oktober vorig jaar? Is dat aantal tevens lager dan ooit in oktober in de afgelopen twaalf jaar? ", "vraag 3": "Heeft Bundesinnenminister Schilly gesteld dat slechts drie procent van de asielzoekers recht heeft op bescherming en dat de overige asielzoekers economische migranten zijn? ", "vraag 4": "Is het juist dat in Duitsland ongeveer tien procent van de asielzoekers een verblijfsvergunning krijgt dan wel niet uitgezet wordt? ", "vraag 5": "Klopt het dat het percentage, genoemd in vraag vier, in Nederland op dertig ligt? Hoe beoordeelt u het effect van het verschil met Duitsland met betrekking tot de aanzuigende werking voor Nederland? ", "antwoord 1": "[Ja", "antwoord 2": "Bundesinnenminister Schily heeft, aldus het artikel in de Frankfurter Allgemeine Zeitung, gesteld dat drie procent van de asielzoekers als vluchteling wordt erkend op grond van artikel 16a lid 1 Grundgesetz (Anerkennung als Asylberechtigter), het zogenaamde groot asiel, en dat de overige asielzoekers economische vluchtelingen zijn", "antwoord 3": "Nee. Uit cijfermateriaal van het Bundesamt f\u00c3\u00bcr Anerkennung ausl\u00c3\u00a4ndischer Fl\u00c3\u00bcchtlinge over de periode januari tot oktober 1999 blijkt dat in eerste aanleg 3,5% van de asielzoekers erkend wordt op grond van artikel 16a lid 1 Grundgesetz (groot asiel), 5,2% erkend wordt op grond van artikel 51 lid 1 Ausl\u00c3\u00a4ndergesetz (klein asiel) en 1,8% op grond van artikel 53 Ausl\u00c3\u00a4ndergesetz een Duldung krijgt (uitstel van de uitzetting). Het groot asiel is een uit een verblijfsvergunning voor onbepaalde tijd die wordt verleend aan vluchtelingen die niet zijn ingereisd via een veilig derde land. Het klein asiel is een verblijfsvergunning voor bepaalde tijd die wordt verleend aan vluchtelingen die over land naar Duitsland zijn gereisd en niet in het kader van Dublin kunnen worden overgedragen. Bovengenoemde cijfers zien niet op de Duldungen die door de Ausl\u00c3\u00a4nderbeh\u00c3\u00b6rde op grond van artikel 55 Ausl\u00c3\u00a4ndergesetz zijn afgegeven en de Duldungen die door de Ausl\u00c3\u00a4nderbeh\u00c3\u00b6rde zijn afgegeven aan degenen die geen asielverzoek hebben ingediend", "antwoord 4": "Over de periode januari tot oktober 1999 is in 2,9% van het aantal genomen beslissingen in eerste aanleg een A-status verleend, 6,5% heeft een vergunning tot verblijf (VTV) gekregen en 10,6% een voorwaardelijke vergunning tot verblijf (VVTV). Omdat het cijfermateriaal van de BAFl niet alle asielzoekers omvat die niet uitgezet worden, en met inachtneming van de omstandigheid dat de verblijfsstatussen in Nederland en Duitsland niet gelijk zijn, kan het verschil en daarmee het effect van een eventueel verschil van Duitsland met betrekking tot de aanzuigende werking voor Nederland niet beoordeeld worden. ]"}