{"Bibliografische_omschrijving": "Vragen van de leden Mosterd en Meijer (beiden CDA) aan de staatssecretaris van Binnenlandse Zaken en Koninkrijksrelaties over de extra kosten door verplichte verandering van hulpverleningsregio. (Ingezonden 30 mei 2002); Antwoord", "Bestand": "15Kb", "Permalink": "\nhttp://www.geencommentaar.nl/parlando/index.php?action=doc&filename=KVR15903\n", "Inhoud": "Vragen over het ontstaan van extra kosten voor gemeenten door verplichte verandering van hulpverleningsregio's.", "Rubriek": "Criminaliteit en openbare orde (Politie) Criminaliteit en openbare orde (Rampenpreventie en -bestrijding) Gezondheidszorg (Maatschappelijke gezondheidszorg) Overheidsfinanci\u00c3\u00abn (Gemeentelijke financi\u00c3\u00abn)", "Trefwoorden": "Brandweer Eerstelijnsgezondheidszorg Gemeentefinanci\u00c3\u00abn Hulpverlening Politie", "Vindplaats": "Kamervragen met antwoord 2001-2002, nr. 1353, Tweede Kamer", "Afkomstig van": "2010210850", "Indiener": "Binnenlandse Zaken en Koninkrijksrelaties (BZK)", "Partij vertegenwoordiger": "<persoon partij=\"CDA\">Mosterd</persoon>", "Datum_reaktie": "\n", "Datum_indiening": "<persoon partij=\"CDA\">Meijer</persoon>", "vraag 1": "Is het u bekend dat bepaalde gemeenten door verplichte verandering van hulpverleningsregio extra kosten moeten maken? ", "vraag 2": "Op welke wijze komt u de gemeenten voor deze extra kosten tegemoet? Welke criteria worden daarbij gehanteerd? ", "vraag 3": "Wanneer kunnen deze gemeenten kennisnemen van de financi\u00c3\u00able bijdrage terzake? ", "antwoord 1": "[Ja", "antwoord 2": "In de beleidsnota rampenbestrijding 2000\u00e2\u20ac\u201c2004 \u00e2\u20ac\u201c \u00c2\u00abDe veiligheidsketen gesmeed\u00c2\u00bb (Kamerstuk II 1999/2000, 26 956, nr. 1\u00e2\u20ac\u201c2) is een congruente gebiedsindeling van de brandweer, politie en geneeskundige regio\u00e2\u20ac\u2122s, op de schaal van de politieregio\u00e2\u20ac\u2122s genoemd als beleidsvoornemen om de kwaliteit van de (voorbereiding op) rampenbestrijding te verbeteren. Om te komen tot een congruente gebiedsindeling is de provincies gevraagd in overleg te treden met de desbetreffende regiobesturen en gemeentebesturen om te komen tot territoriale congruentie. Onder de huidige wetgeving bepalen namelijk respectievelijk gedeputeerde staten en provinciale staten de indeling van de brandweerregio\u00e2\u20ac\u2122s en de regio\u00e2\u20ac\u2122s voor de geneeskundige hulpverlening bij rampen en ongevallen (artikel 3 Brandweerwet 1985 en artikel 5 Wet Geneeskundige Hulpverlening bij rampen en zware ongevallen). In deze overleggen komen ook de financi\u00c3\u00able aspecten van een verandering in de regio-indeling aan de orde. In 1999 is onderzoek gedaan naar de financi\u00c3\u00able gevolgen van territoriale congruentie door BMC en Cebeon (\u00c2\u00abKwantificering schaaleffecten territoriale harmonisatie hulpverleningsregio\u00e2\u20ac\u2122s\u00c2\u00bb). In dit onderzoek is uitgegaan van congruentie naar de grenzen van de huidige politieregio\u00e2\u20ac\u2122s. Uit dit onderzoek bleek dat een belangrijk neveneffect van een dergelijke congruentie is dat er in een aantal gevallen sprake is van schaalvergroting van brandweerregio\u00e2\u20ac\u2122s. Uit het onderzoek blijkt dat die schaalvergroting voor gemeenten en Rijk gezamenlijk een efficiencywinst van 8 \u00c3\u00a0 9% kan opleveren. In de beleidsnota rampenbestrijding 2000\u00e2\u20ac\u201c2004 is daarom de beleidslijn uitgezet dat waar kosten ontstaan bij de vorming van nieuwe regio\u00e2\u20ac\u2122s mag worden verwacht dat deze in relatie tot de te verwachten efficiencywinst adequaat kunnen worden opgevangen. In deze beleidsnota is echter ook opgenomen dat als regio\u00e2\u20ac\u2122s en/of gemeenten desondanks te maken krijgen met onevenredige frictiekosten het Rijk bereid is een bijdrage te leveren in deze kosten. Regio\u00e2\u20ac\u2122s en gemeenten die extra kosten hebben in verband met het realiseren van territoriale congruentie zullen in beeld moeten brengen wat deze kosten zijn en zullen gemotiveerd moeten aantonen dat hierbij sprake is van onevenredige kosten. De beleidslijn die het ministerie van BZK hanteert bij de beoordeling van de aanvragen is dat een tegemoetkoming wordt gedaan in de kosten van ten hoogste 50%. Daarnaast is de algemene lijn dat alleen incidentele kosten, welke het directe gevolg zijn van het realiseren van territoriale congruentie worden vergoed. De gedachte hierachter is dat structurele kosten worden opgevangen door de efficiencywinst die wordt gehaald met het verwezenlijken van een congruente indeling. Tot slot wordt opgemerkt dat kostenvergoeding geen randvoorwaarde mag zijn voor het realiseren van een congruente gebiedsindeling", "antwoord 3": "Op basis van het Interim Besluit Doeluitkering Rampenbestrijding (IBDUR) kan een incidentele bijdrage aan brandweer- en GHOR-regio\u00e2\u20ac\u2122s worden verstrekt. De IBDUR biedt echter niet de mogelijkheid direct een vergoeding aan gemeenten uit te keren. Gemeenten die menen in aanmerking te komen voor een vergoeding van onevenredige frictiekosten zullen daarom via hun regio een verzoek moeten indienen. Een aantal regio\u00e2\u20ac\u2122s heeft reeds een aanvraag voor tegemoetkoming in frictiekosten ingediend. In al deze gevallen heb ik een bijdrage verleend. ]"}