{"Bibliografische_omschrijving": "Vragen van het lid Van Vroonhoven-Kok (CDA) aan de staatssecretaris van Financi\u00c3\u00abn over BTW-heffing voor directeuren. (Ingezonden 20 juni 2002); Antwoord", "Bestand": "15Kb", "Permalink": "\nhttp://www.geencommentaar.nl/parlando/index.php?action=doc&filename=KVR16030\n", "Inhoud": "Vragen naar aanleiding van een arrest van de Hoge Raad inzake de positie van de directeur-grootaandeelhouder voor de omzetbelasting, waaruit blijkt dat een directeur-grootaandeelhouder in een veel groter aantal gevallen wordt geacht als ondernemer voor de omzetbelasting te handelen.", "Rubriek": "Bedrijfsleven en industrie (Ondernemingen) Belastingen (BTW)", "Trefwoorden": "BTW Management Ondernemers", "Vindplaats": "Kamervragen met antwoord 2001-2002, nr. 1464, Tweede Kamer", "Afkomstig van": "2010211720", "Indiener": "Financi\u00c3\u00abn (FIN)", "Partij vertegenwoordiger": "<persoon partij=\"CDA\">Van Vroonhoven-Kok</persoon>", "Datum_reaktie": "\n", "Datum_indiening": "2002-07-25", "vraag 1": "Kent u het arrest van de Hoge Raad van 26 april jl. inzake de positie van de directeur-grootaandeelhouder (DGA) voor de omzet belasting, waaruit blijkt dat een DGA in een veel groter aantal gevallen wordt geacht als ondernemer voor de omzetbelasting te handelen? ", "vraag 2": "Heeft dit arrest tot gevolg dat de DGA BTW in rekening moet brengen aan zijn eigen BV over zijn salaris en andere vergoedingen die hij van de onderneming ontvangt, als beloning voor zijn arbeid? ", "vraag 3": "Zal deze uitspraak voor de DGA\u00e2\u20ac\u2122s een enorme administratieve rompslomp met zich meebrengen die met name neerkomt bij het MKB, terwijl juist de administratieve lastenverlichting een belangrijk beleidsvoornemen is? Bent u bereid na te denken over een oplossing \u00e2\u20ac\u201c zo ja \u00e2\u20ac\u201c in welke richting? ", "vraag 4": "Komen de ondernemers die in een praktijkvennootschap vrijgestelde prestaties verrichten (bijvoorbeeld tandartsen en fysiotherapeuten), niet eens in aanmerking voor de teruggaaf van BTW, die door de DGA aan deze praktijkvennootschappen in rekening moet worden gebracht? Kan dit consequenties hebben voor het functioneren van bijvoorbeeld de zorgsector? Bent u bereid na te denken over een oplossing \u00e2\u20ac\u201c zo ja, in welke richting? ", "antwoord 1": "[Ja", "antwoord 2": "Uit het arrest van de Hoge Raad van 26 april 2002, nr. 35 775 , blijkt dat de directeur van een vennootschap waarvan hij meer dan de helft van de aandelen bezit voor de jegens de vennootschap verrichte werkzaamheden kwalificeert als ondernemer in de zin van de omzetbelasting. Over zijn salaris en andere vergoedingen die hij in dit kader ontvangt is de directeur-grootaandeelhouder, tenzij een vrijstelling van toepassing is, in beginsel omzetbelasting verschuldigd", "antwoord 3": "Ingevolge artikel 7, lid 4, van de Wet op de omzetbelasting 1968 kunnen natuurlijke personen en lichamen die ondernemer zijn en in financieel, organisatorisch en economisch opzicht zodanig zijn verweven dat zij een eenheid vormen bij beschikking van de inspecteur als \u00c3\u00a9\u00c3\u00a9n ondernemer worden aangemerkt. Deze bepaling ziet ook op de directeur-grootaandeelhouder en zijn vennootschap nu de directeur-grootaandeelhouder voor zijn jegens de vennootschap verrichte werkzaamheden tot ondernemer is bestempeld. Na de vaststelling van een fiscale eenheid tussen de directeur-grootaandeelhouder en zijn vennootschap geldt voortaan alleen de fiscale eenheid als ondernemer voor de omzetbelasting. Dit heeft onder andere tot gevolg dat de prestaties van de directeur-grootaandeelhouder niet langer belastbare prestaties vormen en de directeur-grootaandeelhouder geen eigen administratieve verplichtingen krijgt opgelegd. De administratieve verplichtingen van de fiscale eenheid zelf betreffen feitelijk alleen de activiteiten van de vennootschap, aan welke verplichtingen de vennootschap ook voor het bestaan van de fiscale eenheid al moest voldoen. De vaststelling van een fiscale eenheid tussen de directeur-grootaandeelhouder en zijn vennootschap leidt er naar mijn mening dan ook toe dat op het administratieve vlak nauwelijks een verandering zal optreden ten opzichte van de voor het arrest bestaande situatie. Genoemde wetsbepaling biedt overigens niet de mogelijkheid om een fiscale eenheid aan te nemen tussen de directeur-grootaandeelhouder en zijn vennootschap wanneer de directeur-grootaandeelhouder door middel van zijn vennootschap deelneemt in een maatschap en de rol van de vennootschap zich louter daartoe beperkt. Evenmin kan een fiscale eenheid worden aangenomen in bepaalde gevallen waarin een directeur-grootaandeelhouder meer dan de helft van de aandelen bezit in meer dan \u00c3\u00a9\u00c3\u00a9n vennootschap. Om echter geen ongelijke behandeling te krijgen tussen deze (meer dan incidenteel voorkomende) situaties en de situatie waarin de directeur-grootaandeelhouder met zijn vennootschap wel een fiscale eenheid vormt \u00e2\u20ac\u201c in beide situaties zijn in de werkzaamheden van de directeur-grootaandeelhouder geen wezenlijke verschillen te onderkennen \u00e2\u20ac\u201c heb ik erin bewilligd dat in deze situaties wordt gehandeld als ware sprake van een fiscale eenheid. Voor zijn jegens de vennootschap verrichte werkzaamheden behoeft de directeur-grootaandeelhouder zich dan niet als ondernemer aan te melden. Het voorgaande wordt bij administratief besluit bekendgemaakt en betekent naar mijn oordeel dat er geen grond bestaat voor de vrees dat door het arrest van de Hoge Raad een enorme administratieve rompslomp ontstaat of in de vrijgestelde sfeer extra belastingheffing optreedt. In het besluit zijn voorts aanwijzingen gegeven om de registratie van de fiscale eenheden zo soepel mogelijk te laten verlopen. ]"}