{"Bibliografische_omschrijving": "Vragen van de leden Eurlings en Bruls (beiden CDA) aan de minister van Verkeer en Waterstaat over de uitspraak Raad van State inzake MTC Valburg. (Ingezonden 28 augustus 2002); Antwoord", "Bestand": "13Kb", "Permalink": "\nhttp://www.geencommentaar.nl/parlando/index.php?action=doc&filename=KVR16317\n", "Inhoud": "Vragen over de gevolgen van de lange duur van de beroepsprocedure bij de Raad van State inzake de bouw van het Multimodaal Transportcentrum (MTC) Valburg, zowel voor de regionale ontwikkeling van Gelderland als ook op nationale schaal (Aanvulling op vragen van lid Gerkens over zelfde onderwerp, ingezonden 22 augustus 2002).", "Rubriek": "Handel en economie (Regionale ontwikkeling) Ruimtelijke ordening en infrastructuur (Algemeen) Verkeer, vervoer en waterstaat (Goederenvervoer) Verkeer, vervoer en waterstaat (Spoorwegen)", "Trefwoorden": "Gelderland Goederenvervoer Infrastructuur Regionale ontwikkeling Spoorwegen", "Vindplaats": "Kamervragen met antwoord 2002-2003, nr. 31, Tweede Kamer", "Afkomstig van": "2010214610", "Indiener": "Verkeer en Waterstaat (VW)", "Partij vertegenwoordiger": "<persoon partij=\"CDA\">Eurlings</persoon>", "Datum_reaktie": "\n", "Datum_indiening": "<persoon partij=\"CDA\">Bruls</persoon>", "vraag 1": "Wat is uw oordeel over de lange duur van de beroepsprocedure bij de Raad van State (zaaknr. EO1980527/1) in relatie tot het belang van het project MTC Valburg voor de regionale/nationale infrastructuur en economie? ", "vraag 2": "Bent u bereid de ervaringen met de ruimtelijkeordeningsprocedures ten aanzien van het RSP KAN als voorbeeld mee te nemen in het streven van het kabinet om \u00c2\u00abte veel regels en bureaucratie\u00c2\u00bb tegen te gaan? ", "antwoord 1": "[De Afdeling bestuursrechtspraak van de Raad van State is een onafhankelijk orgaan. De Minister van Verkeer en Waterstaat heeft daarom geen invloed op de lengte van de beroepsprocedures bij de Raad van State. Het MTC Valburg betreft een omvangrijke ruimtelijke ingreep en een bestuurlijk-juridisch complex project, waarvoor een zorgvuldige besluitvorming noodzakelijk is. De uitspraak is overigens een vervolg op een uitspraak van 10 april 2001, waarin de Afdeling bestuursrechtspraak eerst de vraag heeft beantwoord of het besluit inzake MTC Valburg, als neergelegd in het RSP KAN, een voor beroep vatbaar besluit is. Tegen deze achtergrond is de lengte van de beroepsprocedure te verklaren", "antwoord 2": "Ja. De lengte van de procedures inzake ruimtelijk plannen is een onderwerp dat wordt meegenomen in het kader van de fundamentele herziening van de Wet op de Ruimtelijke Ordening. ]"}