{"Bibliografische_omschrijving": "Vragen van het lid Rijpstra (VVD) aan de ministers van Justitie en van Binnenlandse Zaken en Koninkrijksrelaties over het weren van buitenlandse hooligans. (Ingezonden 22 november 1999); Antwoord", "Bestand": "16Kb", "Permalink": "\nhttp://www.geencommentaar.nl/parlando/index.php?action=doc&filename=KVR10771\n", "Inhoud": "Vragen over de mogelijkheden om in Nederland en Belgi\u00c3\u00ab hooligans te weren bij het EK2000.", "Rubriek": "Criminaliteit en openbare orde (Criminaliteitsbestrijding en -preventie) Criminaliteit en openbare orde (Handhaving openbare orde) Vrijetijdsbesteding (Sport)", "Trefwoorden": "Criminaliteitsbestrijding Openbare orde en veiligheid Sport Vandalisme", "Vindplaats": "Kamervragen met antwoord 1999-2000, nr. 457, Tweede Kamer", "Afkomstig van": "2990003090", "Indiener": "Justitie (JUS)", "Partij vertegenwoordiger": "<persoon partij=\"VVD\">Rijpstra</persoon>", "Datum_reaktie": "\n", "Datum_indiening": "1999-12-15", "vraag 1": "Hebt u ook genoten van de voetbalwedstrijd Schotland\u00e2\u20ac\u201cEngeland van 13 november jl. gespeeld in het kader van de kwalificatie voor het EK2000? ", "vraag 2": "Is ook bij u de lol snel vergaan na het zien van de grootschalige rellen die uitbraken na de 2\u00e2\u20ac\u201c0 winst van Engeland afgelopen zaterdag? ", "vraag 3": "Welk overleg voert u met de autoriteiten van de landen die zich hebben geplaatst, met het oog op het opbouwen van een informatiepositie aangaande bekende hooligans? Welke wettelijke belemmeringen bestaan er die verhinderen dat deze informatie uit wordt gewisseld? Hoe zullen deze belemmeringen worden opgeheven? Is het wenselijk dat Europol hierbij wordt ingeschakeld? ", "vraag 4": "Welke mogelijkheden bestaan er in Nederland en Belgi\u00c3\u00ab om deze hooligans te weren bij het EK2000? Hoe gaat u deze mogelijkheden inzetten? Zijn deze mogelijkheden toereikend om in ieder geval de harde kern van hooligans af te houden van een bezoek aan het EK2000? Welke uitbreiding van mogelijkheden acht u noodzakelijk? Welke afstemming vindt er met Belgi\u00c3\u00ab plaats over de inzet van deze middelen? ", "vraag 5": "Welke mogelijkheden bestaan er in de landen die zich hebben geplaatst zelf, om bekende hooligans een uitreis te beletten richting Nederland en Belgi\u00c3\u00ab gedurende het EK2000? Welke afspraken hebt u gemaakt met de autoriteiten van die landen, over de inzet van die mogelijkheden? ", "antwoord 1": "[Ja", "antwoord 2": "Ja", "antwoord 3": "In de brieven aan uw Kamer van 5 oktober, 11 oktober en 8 december 1999 zijn wij uitgebreid ingegaan op de internationale politiesamenwerking gedurende het EK2000. In de brief van 8 december zijn wij daarnaast ook ingegaan op de wijze waarop wij uitvoering geven aan de motie-Ravestein over informatieuitwisseling met de deelnemende landen. In grote lijnen komt ons beleid erop neer dat er op drie niveaus afspraken zijn gemaakt c.q. in de maak zijn tussen Nederland en Belgi\u00c3\u00ab en de andere deelnemende landen. Deze niveaus zijn: \u00e2\u20ac\u201c De operationele samenwerking en informatieuitwisseling tussen de politie van de landen; \u00e2\u20ac\u201c De samenwerking en informatieuitwisseling tussen het Openbaar Ministerie en haar internationale counterparts; \u00e2\u20ac\u201c De afstemming op ministerieel niveau met de deelnemende landen, mede in het kader van de aanstaande bezoeken van de betrokken bewindslieden van Nederland en Belgi\u00c3\u00ab aan de deelnemende landen. Wij menen dat er geen grote wettelijke of praktische belemmeringen bestaan die verhinderen dat er informatie over bekende hooligans wordt uitgewisseld. Wel dient een uitwisseling van informatie uiteraard daar waar het gaat om persoonsgegevens te voldoen aan de nationale en internationale regelgeving op het gebied van privacy in de betrokken lidstaten. Over de rol van Europol is uitgebreid overlegd. Wij hebben de conclusie getrokken dat Europol in dit stadium weliswaar een rol kan vervullen maar dat deze rol niet meer kan zijn dan ondersteunend voor de evaluatie van eventuele bedreigingen", "antwoord 4": "Wij hechten eraan om op te merken dat het zeker niet zo is dat alle deelnemende landen grote veiligheidsrisico\u00e2\u20ac\u2122s met zich brengen. Daar waar er mogelijk grotere groepen hooligans naar Nederland willen afreizen betreft het voornamelijk Engelse en Duitse hooligans. Er zijn in onze beleving in ieder geval twee mogelijkheden om hooligans te weren bij het EK2000. Allereerst door middel van het vreemdelingenbeleid. Zoals bekend overwegen Nederland en Belgi\u00c3\u00ab om vlak voor en tijdens het EK de binnengrenscontroles tijdelijk opnieuw in te stellen. Wij zullen u hierover separaat informeren. Daarnaast bieden internationale verdragen de mogelijkheid om personen die een dreigend gevaar voor de openbare orde vormen bij de buitengrens de toelating tot Nederland (en Belgi\u00c3\u00ab) te weigeren. In de binnenkort af te vaardigen vreemdelingencirculaire zal dit punt nader worden uitgewerkt. Daarnaast kent de Engelse wetgeving de mogelijkheid om supporters die in het buitenland zijn veroordeeld vanwege voetbalgerelateerde delicten bij rechterlijke uitspraak een uitreisverbod op te leggen. De in Nederland beschikbare strafdossiers van in het verleden hier veroordeelde Engelsen zullen naar verwachting op korte termijn aan de Engelse overheid ter beschikking worden gesteld. Dit zal overigens niet om grote getallen gaan. In deze gevallen zal mogelijk alsnog een uitreisverbod opgelegd kunnen worden. Met de Engelsen vindt momenteel nader overleg plaats over de vraag of Nederlandse snelrechtveroordelingen van Engelsen tijdens bijvoorbeeld de eerste Engelse wedstrijd van het toernooi alsnog kunnen leiden tot Engelse uitreisverboden voor het vervolg van het toernooi. Dit zal met name bruikbaar kunnen zijn in die gevallen waarin de veroordeling in Nederland niet leidt tot een opgelegde vrijheidsstraf maar wel tot een uitzetting uit Nederland. Daarnaast heeft Engeland zelf in een groot aantal gevallen op grond van in Engeland begane misdragingen uitreisverboden opgelegd aan in Engeland veroordeelde hooligans. Deze uitreisverboden zijn gebaseerd op wetgeving die al sinds 1994 in werking was maar zeer recent verder is aangescherpt. Volledigheidshalve merk ik op dat ook Belgi\u00c3\u00ab op dit punt met Engeland in gesprek is. Met Duitsland zijn ook gesprekken gaande. Het doel van deze gesprekken is dat daarheen te leiden dat Duitsland er naar toewerkt om bekende hooligans te beletten het land uit te reizen tijdens het EK. De met Duitsland te maken afspraken over een eventuele tijdelijke herinvoering van de binnengrenscontroles zullen de effectiviteit van deze maatregelen naar verwachting verder versterken. Tenslotte verwijzen wij u naar het gestelde in de brief van 8 december jl. waarin is medegedeeld dat wij bezien in hoeverre de aanbeveling van de Raad van Europa (nr. 3/99, T-RV(99) Rev. 1), bijdraagt aan de identificatie van en informatieuitwisseling over probleemsupporters. Zo zullen de lidstaten worden gevraagd op welke wijze zij er aan kunnen bijdragen dat bekende gewelddadige supporters worden belemmerd tijdens de spelen hun land te verlaten en de beide landen te bezoeken en in welke zin zij belangrijke persoonsinformatie kunnen verstrekken op basis van de nationale wetgeving in de betrokken landen. ]"}