{"Bibliografische_omschrijving": "Vragen van de leden Snijder-Hazelhoff (VVD), Bolhuis (PvdA) en Verburg (CDA) aan de staatssecretaris van Landbouw, Natuurbeheer en Visserij over knelpunten bij de uitvoering van het Programma Beheer. (Ingezonden 7 februari 2002); Antwoord", "Bestand": "17Kb", "Permalink": "\nhttp://www.geencommentaar.nl/parlando/index.php?action=doc&filename=KVR15266\n", "Inhoud": "Vragen over uitvoeringsproblemen bij het Programma Beheer, zoals trage administratieve en financi\u00c3\u00able afhandelingen.", "Rubriek": "Landbouw (Landbouwgronden) Landbouw (Subsidies) Natuur (Landelijke gebieden)", "Trefwoorden": "Landbouwsubsidies Landelijke gebieden", "Vindplaats": "Kamervragen met antwoord 2001-2002, nr. 803, Tweede Kamer", "Afkomstig van": "2010205670", "Indiener": "Landbouw, Natuurbeheer en Visserij (LNV)", "Partij vertegenwoordiger": "<persoon partij=\"VVD\">Snijder-Hazelhoff</persoon>", "Datum_reaktie": "\n", "Datum_indiening": "<persoon partij=\"PvdA\">Bolhuis</persoon>", "vraag 1": "Bent u bekend met het grote aantal uitvoeringsproblemen bij het Programma Beheer? Indien neen, hoe komt het dan dat deze feiten u niet hebben bereikt? ", "vraag 2": "Zullen de problemen die bij het ministerie worden aangemeld bij de evaluatie van Programma Beheer volledig worden meegenomen? ", "vraag 3": "Wilt u de Kamer een inventariserende lijst doen toekomen, waarin al deze uitvoeringsproblemen, zoals trage administratieve en financi\u00c3\u00able afhandelingen, vermeld staan? Wat is uw oordeel over behandelingstermijnen van aanvragen van 10 tot 12 maanden? ", "vraag 4": "Is het mogelijk om daarbij specifiek in te gaan op de problemen in het gebied Alblasserwaard en Vijfheerenlanden? ", "vraag 5": "Welke oplossingen heeft u hierbij voor ogen? ", "vraag 6": "Hoe beoordeelt u het effect van al deze hindernissen op het enthousiasme van de betrokken ondernemers en verenigingen? ", "vraag 7": "Hoe is het mogelijk dat door de nieuwe Subsidieregeling voor Agrarisch Natuurbeheer (SAN) aan individuele boeren een hogere subsidie wordt toegekend dan aan verenigingen? ", "vraag 8": "Bent u het er mee eens, dat om versnippering van beleid te voorkomen, het van groot belang is zoveel mogelijk grond voor projecten in verenigingsverband in te brengen? ", "vraag 9": "Hoe beoordeelt u in het licht van bovenstaande de ongewenste effecten die de SAN heeft op de subsidie-aanvragen van individuele boeren versus verenigingen? ", "antwoord 1": "[Ja. Inmiddels is het merendeel van deze uitvoeringsproblemen opgelost. Resterende punten, met meer fundamentele aspecten, zullen bij de evaluatie worden betrokken", "antwoord 2": "In mijn brief aan uw Kamer van 3 juli , \n, ben ik al ingegaan op uitvoeringsproblemen en heb daarin een aantal maatregelen afgekondigd. Deze maatregelen zijn inmiddels voor het grootste deel ge\u00c3\u00abffectueerd, zoals de tijdige publicatie van de beschikbare budgetten voor 2002 en de invoering van een aantal regelingswijzigingen, waardoor onder meer de behandelingstermijnen van aanvragen voor subsidie aanzienlijk bekort worden. De wijzigingen in de regelingen zullen ook bijdragen aan het oplossen van de problemen in de Alblasserwaard en Vijfheerenlanden", "antwoord 3": "Van de geschetste situatie dat aan individuele boeren een hogere subsidie wordt toegekend dan aan verenigingen is geen sprake. In mijn brief aan de Kamer van 3 juli 2001 heb ik al aangegeven dat ik agrarische natuurverenigingen wil stimuleren o.a. door prioriteit te geven aan collectieve pakketten. Ook heb ik voor de komende 3 jaar 0,23 mln per jaar ter beschikking gesteld voor een voorlichtingstender op het gebied van agrarisch natuur- en landschapsbeheer om ondersteuning te bieden aan de verdere professionalisering van de agrarische natuurverenigingen. Ook uit oogpunt van de effectiviteit van agrarisch natuurbeheer is het gewenst grotere aaneengesloten gebieden onder agrarisch natuurbeheer te brengen. Ik merk wel op dat de mogelijkheden van het inschakelen van collectieven, waar ik een warm voorstander van ben, gebonden zijn aan richtlijnen van de Europese Commissie inzake steunverlening. Hierdoor worden de vrijheidsgraden van deze verenigingen beperkt. ]"}