{"Bibliografische_omschrijving": "Vragen van het lid Te Veldhuis (VVD) aan de minister van Binnenlandse Zaken en Koninkrijksrelaties over de benoeming van de burgemeester in de gemeente Schagen. (Ingezonden 22 november 2001); Antwoord", "Bestand": "14Kb", "Permalink": "\nhttp://www.geencommentaar.nl/parlando/index.php?action=doc&filename=KVR14800\n", "Inhoud": "Vragen over inbreuk op de vertrouwelijkheid door de gemeenteraad van Schagen bij de voordracht van kandidaten voor de burgemeesterspost in die gemeente.", "Rubriek": "Staats- en bestuursrecht (Gemeenten)", "Trefwoorden": "Burgemeesters Gemeenteraden", "Vindplaats": "Kamervragen met antwoord 2001-2002, nr. 416, Tweede Kamer", "Afkomstig van": "2010202740", "Indiener": "Binnenlandse Zaken en Koninkrijksrelaties (BZK)", "Partij vertegenwoordiger": "<persoon partij=\"VVD\">Te Veldhuis</persoon>", "Datum_reaktie": "\n", "Datum_indiening": "2001-12-19", "vraag 1": "Is het waar, dat de Raad van de gemeente Schagen de volgorde van de twee burgemeesterskandidaten op de aanbeveling aan de minister van Binnenlandse Zaken en Koninkrijksrelaties, kenbaar heeft gemaakt aan beide betrokkenen, v\u00c3\u00b3\u00c3\u00b3rdat deze aanbeveling openbaar is gemaakt? ", "vraag 2": "Is het waar, dat de kandidaat die nummer twee stond op de aanbeveling, zich heeft teruggetrokken, v\u00c3\u00b3\u00c3\u00b3rdat de tweevoudige aanbeveling aan de minister openbaar werd gemaakt? ", "vraag 3": "Deelt u de mening dat er, indien bovenstaande bevestigend wordt beantwoord, de facto sprake is van een enkelvoudige aanbeveling aan de minister, hetgeen niet in overeenstemming is met de bedoelingen van de wet c.q. de wetgever? ", "vraag 4": "Is er een parallel te trekken met de recente burgemeesterskwestie in de gemeente Wijchen, alwaar evenmin werd gehandeld conform de bedoelingen van de wetgever? ", "vraag 5": "Zo ja, betekent dat dan dat u zich niet aan de aanbeveling van de Raad van de gemeente Schagen gebonden acht? ", "vraag 6": "Bent u voornemens maatregelen te treffen om nog meer van dergelijke wettelijk onbedoelde situaties te voorkomen, en zo ja, welke dan? ", "antwoord 1": "[Ja", "antwoord 2": "De voorzitter van de vertrouwenscommissie heeft de opinie over de openbaarheid van het resultaat van de raadsbeslissing bij kandidaten getoetst. De kandidaat, die tweede stond op de aanbeveling, heeft toen al te kennen gegeven dat indien hij op de tweede plaats zou komen te staan hij terugtreding zou kunnen overwegen. De voorzitter van de vertrouwenscommissie heeft direct na de besloten raadsvergadering van 9 november 2001, voordat de aanbeveling openbaar werd, de beide kandidaten telefonisch van het genomen raadsbesluit op de hoogte gebracht. De kandidaat op de tweede plaats heeft toen te kennen gegeven voornemens te zijn zich terug te trekken en heeft verzocht \u00e2\u20ac\u201c wat zijn tweede positie betreft \u00e2\u20ac\u201c niet tot publicatie van het resultaat van de raadsbeslissing over te gaan. Dat is dan ook niet gebeurd", "antwoord 3": "In het licht van de totstandkomingsgeschiedenis van artikel 61, vijfde lid van de Gemeentewet dient het uitgangspunt een aanbeveling van twee personen te zijn, de meervoudige aanbeveling. Alleen in bijzondere gevallen mag de gemeenteraad een enkelvoudige aanbeveling vaststellen. Is er van een bijzonder geval geen sprake dan wordt niet conform de wet gehandeld. Feitelijk bestaat de aanbeveling van de gemeenteraad uit twee personen, maar de gemeente heeft ervoor gekozen slechts de naam van nummer 1 op de aanbeveling publiekelijk bekend te maken. Er is derhalve geen sprake van een meervoudige openbare aanbeveling van de gemeenteraad", "antwoord 4": "Zoals ook in de casus Wijchen het geval was hebben de raad en de vertrouwenscommissie van de gemeente Schagen zich geen rekenschap gegeven van het feit dat de kandidaten pas dienen te worden ge\u00c3\u00afnformeerd over hun plaats op de aanbeveling nadat deze aanbeveling openbaar is gemaakt. Zie ook het antwoord op vraag 2 en 3", "antwoord 5": "Gezien de tekst van de wet en de circulaire kan niet worden gesproken van een bijzonder geval. Dit betekent dat ik niet gebonden ben aan de aanbeveling en op grond van eigen afwegingen een besluit zal nemen. Ik zal mij bij mijn voordracht mede baseren op het oordeel/advies van de Commissaris van de Koningin", "antwoord 6": "Zoals ik de Kamer al in het Algemeen Overleg heb medegedeeld is de circulaire burgemeestersbenoemingen mijns inziens voldoende helder. In mijn periodieke overleg met de commissarissen van de Koningin is dit punt nog eens grondig doorgesproken. ]"}