{"Bibliografische_omschrijving": "Vragen van de leden Van Erp en Cherribi (beiden VVD) over de verkoop van boeken door enkele openbare bibliotheken (Ingezonden 28 april 1995); Mededeling", "Bestand": "13Kb", "Permalink": "\nhttp://www.geencommentaar.nl/parlando/index.php?action=doc&filename=KVR1497\n", "Inhoud": "Communicatie, media en informatievoorziening (Bibliotheken)", "Rubriek": "Bibliotheken Boeken", "Trefwoorden": "Kamervragen met antwoord 1994-1995, nr. 853, Tweede Kamer", "Vindplaats": "Economische Zaken", "Afkomstig van": "<persoon partij=\"VVD\">Van Erp</persoon>", "Indiener": "\n", "Partij vertegenwoordiger": "<persoon partij=\"VVD\">Cherribi</persoon>", "Datum_reaktie": "\n", "Datum_indiening": "1995-05-31", "vraag 1": "Overwegen enkele openbare bibliotheken te starten met de verkoop van boeken? ", "vraag 2": "Is de Provinciale Bibliotheekcentrale (PBC) Noord Holland al bezig met het opstellen van een business-plan voor de verkoop van boeken? ", "vraag 3": "Deelt u de mening, dat het verkopen van boeken in gesubsidieerde instellingen waarschijnlijk leidt tot concurrentievervalsing? ", "vraag 4": "Laten de vergunningsvoorschriften en de subsidievoorwaarden van de openbare bibliotheken dergelijke activiteiten toe? ", "vraag 5": "Bent u bereid overleg te voeren met de Landelijke Bibliotheek Centrale om in ieder geval concurrentievervalsing te voorkomen? ", "antwoord 1": "[]"}