{"Bibliografische_omschrijving": "Vragen van het lid De Vries (VVD) aan de staatssecretaris van Financi\u00c3\u00abn over de maaltijdenproblematiek. (Ingezonden 13 december 2001); Antwoord", "Bestand": "14Kb", "Permalink": "\nhttp://www.geencommentaar.nl/parlando/index.php?action=doc&filename=KVR14923\n", "Inhoud": "Vragen naar aanleiding van het besluit van 26 oktober 2001 (nr. DGB2001/438) waarbij voor maaltijden verstrekt door werkgevers in een bedrijfskantine de forfaitaire waardering voor verstrekte maaltijden opnieuw is ingevoerd.", "Rubriek": "Belastingen (Algemeen) Inkomen en rechtspositie (Loontoeslagen)", "Trefwoorden": "Belastingen Loontoeslagen", "Vindplaats": "Kamervragen met antwoord 2001-2002, nr. 506, Tweede Kamer", "Afkomstig van": "2010203560", "Indiener": "Financi\u00c3\u00abn (FIN)", "Partij vertegenwoordiger": "<persoon partij=\"VVD\">De Vries</persoon>", "Datum_reaktie": "\n", "Datum_indiening": "2002-01-18", "vraag 1": "Veroorzaakt uw Besluit van 26 oktober 2001, nr. DGB 2001/438 waarbij voor maaltijden verstrekt door werkgevers in een bedrijfskantine \u00e2\u20ac\u201c tot tevredenheid van bedrijven en organisaties met een bedrijfskantine \u00e2\u20ac\u201c de forfaitaire waardering voor verstrekte maaltijden opnieuw is ingevoerd, een verschil in behandeling ten opzichte van werknemers aan wie werkgevers geen kantinefaciliteiten kunnen bieden? ", "vraag 2": "Onderkent u dat het in vraag 1 bedoelde verschil in behandeling in de praktijk niet goed wordt begrepen, soms ook binnen de kringen van de belastingdienst niet? ", "vraag 3": "Is het u bekend dat uitbreiding van de goedkeuring en aankondiging in het Besluit van 26 oktober tot alle maaltijden die gelijk te stellen zijn met maaltijden verstrekt via bedrijfskantines, door de fiscale praktijk en werkgeversorganisaties zeer zou worden toegejuicht uit het oogpunt van eenvoud en (nog meer) doelmatigheid? ", "vraag 4": "Bent u bereid dit relatief kleine laatste stapje voor de wetgever, dat een toch wel heel grote sprong voorwaarts voor de uitvoeringspraktijk zou zijn, te zetten, ter vervolmaking van uw Besluit van 26 oktober 2001? ", "antwoord 1": "[In mijn antwoorden op eerdere vragen van mevrouw De Vries heb ik aangegeven dat de bijzondere regeling voor maaltijden in bedrijfskantines bedoeld is om de waardebepaling van deze verstrekkingen in natura te vergemakkelijken. Bij werknemers die geen gebruik maken van kantinefaciliteiten doen zich zulke waarderingsproblemen niet voor. Dit zijn verschillende gevallen, die ook verschillend dienen te worden behandeld", "antwoord 2": "Uit de reacties uit het bedrijfsleven is mij niet gebleken dat het verschil tussen de uniforme waardering van massaal voorkomende beloningen in natura en het belasten van loon in geld (of in met geld gelijk te stellen waardebonnen) tot het nominale bedrag, niet begrepen zou worden", "antwoord 3": "Ook zonder de gevraagde uitbreiding geldt de regeling voor maaltijden in bedrijfskantines al voor maaltijden die daarmee kunnen worden gelijkgesteld. In de toelichting op art. 55 van de Uitvoeringsregeling loonbelasting 2001 is aangegeven dat de regeling ook geldt als er geen bedrijfskantine is, maar de maaltijd wordt gebruikt in een met een bedrijfskantine op een lijn te stellen ruimte op de plaats waar de arbeid wordt verricht, zoals de vergaderkamer. Het vergoeden van maaltijden in geld of het verstrekken van maaltijdbonnen is, zoals ik hiervoor al heb aangegeven, evenwel niet gelijk te stellen aan het verstrekken van maaltijden in bedrijfskantines", "antwoord 4": "Als loon in geld of in waardebonnen tot een lager bedrag dan de nominale waarde in aanmerking zou worden genomen, zou een deel van het loon feitelijk worden vrijgesteld. Voor een vrijstelling van vergoedingen voor priv\u00c3\u00a9-maaltijden bestaat naar mijn oordeel geen aanleiding. Bovendien zou deze vrijstelling leiden tot een ongerechtvaardigde ongelijke behandeling ten opzichte van werknemers die geen maaltijdvergoeding van hun werkgever krijgen. ]"}