{"Bibliografische_omschrijving": "Vragen van het lid Arib (PvdA) aan de minister van Volksgezondheid, Welzijn en Sport over IC-bedden. (Ingezonden 11 januari 2002); Antwoord", "Bestand": "14Kb", "Permalink": "\nhttp://www.geencommentaar.nl/parlando/index.php?action=doc&filename=KVR14925\n", "Inhoud": "Vragen over de uitspraak van de inspecteur-generaal voor de gezondheidszorg inzake de pati\u00c3\u00abnten die geweigerd worden op de Intensive Care afdeling vanwege een tekort aan bedden. Deze vragen dienen ter aanvulling op de eerdere vragen terzake van de Tweede-Kamerleden Hermann en Kant, ingezonden 9 januari 2002, 2010204160 en 2010204190.", "Rubriek": "Gezondheidszorg (Pati\u00c3\u00abnten) Gezondheidszorg (Zorginstellingen)", "Trefwoorden": "Pati\u00c3\u00abnten Ziekenhuizen", "Vindplaats": "Kamervragen met antwoord 2001-2002, nr. 508, Tweede Kamer", "Afkomstig van": "2010204230", "Indiener": "Volksgezondheid, Welzijn en Sport (VWS)", "Partij vertegenwoordiger": "<persoon partij=\"PvdA\">Arib</persoon>", "Datum_reaktie": "\n", "Datum_indiening": "2002-01-18", "vraag 1": "Wat is uw mening over de uitspraak van de inspecteur-generaal voor de Gezondheidszorg inzake de pati\u00c3\u00abnten die geweigerd worden op de Intensive Care \u00c2\u00abik kan me niet voorstellen dat de minister zegt daarvan niet te hebben geweten\u00c2\u00bb? ", "vraag 2": "Bent u met de inspecteur-generaal \u00c2\u00abervan overtuigd dat pati\u00c3\u00abnten door het tekort aan IC-bedden schade ondervinden\u00c2\u00bb en \u00c2\u00abdat het hierbij niet om aanvaardbare risico\u00e2\u20ac\u2122s gaat\u00c2\u00bb en \u00c2\u00abdat er ongetwijfeld een echt tekort aan IC-bedden is\u00c2\u00bb? ", "vraag 3": "Bent u met de inspecteur-generaal van mening dat het huidige tekort aan IC-bedden geaccepteerd moet worden? Zo ja, waarom? Zo neen, wat kunt u doen en wat gaat u doen? ", "vraag 4": "Bent u bereid deze vragen v\u00c3\u00b3\u00c3\u00b3r het einde van het reces te beantwoorden? Toelichting Deze vragen dienen ter aanvulling op de eerdere vragen ter zake van de leden Hermann en Kant, ingezonden 9 januari jl. ", "antwoord 1": "[Er is hier sprake van een misverstand. In het VAO van 22 november heb ik reeds aangegeven dat meldingen over een tekort aan IC-capaciteit bij mij bekend zijn", "antwoord 2": "Ik ben van mening dat er inderdaad een tekort is aan bemenste IC-bedden. Uit de rapportage van het College Bouw die ik u bij brief van 3 december heb toegezonden blijkt dat er 13% van de bouwkundig beschikbare IC-capaciteit permanent buiten gebruik is. Dit acht ik een onwenselijke situatie. Er komen situaties voor waarbij dit tot schade leidt voor pati\u00c3\u00abnten, bijvoorbeeld als het vinden van een andere plaats in acute situaties langer duurt dan medisch verantwoord. Het is aan de Inspectie om te beoordelen of er in een dergelijk geval sprake is van een niet aanvaardbaar risico", "antwoord 3": "De heer Kingma en ik zijn het er over eens dat het huidige tekort aan bemenste IC-bedden niet zonder meer geaccepteerd moet worden. Er zijn maatregelen noodzakelijk en in voorbereiding om de capaciteit uit te breiden. Tevens kan er nog verbetering tot stand komen in het optimaal benutten van de bestaande capaciteit (zie mijn antwoord op vraag 5 van mevrouw Kant). De door mij ingestelde stuurgroep intensive care speelt hierbij een belangrijke rol", "antwoord 4": "Ja. ]"}