{"Bibliografische_omschrijving": "Vragen van het lid Klein Molekamp (VVD) aan de minister van Volkshuisvesting, Ruimtelijke Ordening en Milieubeheer en de staatssecretaris van Verkeer en Waterstaat over export van compost naar landen van de Europese Unie. (Ingezonden 23 oktober 2001); Antwoord", "Bestand": "15Kb", "Permalink": "\nhttp://www.geencommentaar.nl/parlando/index.php?action=doc&filename=KVR14671\n", "Inhoud": "Vragen over nuttige toepassing van het eindproduct van de slibverwerkingsinstallaties in de vorm van compost en gedroogd slib als brandstof of ter aanwending in de landbouw.", "Rubriek": "Energie, water en grondstoffen (Alternatieve energiebronnen) Handel en economie (Export) Milieu (Afvalverwerking) Veeteelt (Organische mest)", "Trefwoorden": "Afvalverwerking Alternatieve energiebronnen Export Mest Slib", "Vindplaats": "Kamervragen met antwoord 2001-2002, nr. 313, Tweede Kamer", "Afkomstig van": "2010201390", "Indiener": "Volkshuisvesting, Ruimtelijke Ordening en Milieubeheer (VROM)", "Partij vertegenwoordiger": "<persoon partij=\"VVD\">Klein Molekamp</persoon>", "Datum_reaktie": "\n", "Datum_indiening": "2001-11-27", "vraag 1": "Bent u van mening dat \u00c2\u00abnuttige toepassing\u00c2\u00bb van het eindproduct van de slibverwerkingsinstallaties in de vorm van compost en gedroogd slib als brandstof of ter aanwending in de landbouw, mede gelet op de ladder van Lansink, voor het milieu een goede zaak is? ", "vraag 2": "Is het waar dat de op bovengenoemde wijze geproduceerde compost in Nederland, door de strenge Nederlandse regelgeving, niet als nuttige toepassing kan worden afgezet en derhalve zal worden gestort? ", "vraag 3": "Is het waar dat er in Frankrijk en Duitsland mogelijkheden zijn voor nuttige aanwending van in ons land geproduceerde compost en gedroogd slib, waarbij wordt voldaan aan de aldaar geldende regelgeving? ", "vraag 4": "Is het waar dat er op korte termijn een Europese richtlijn voor compost komt? Zo ja, op welke termijn zal deze richtlijn in werking treden? ", "vraag 5": "Bent u van mening dat ter overbrugging naar deze Europese richtlijn het mogelijk moet zijn compost ten behoeve van nuttige toepassing te exporteren naar Frankrijk en Duitsland? Zo ja, op welke wijze en op welke termijn gaat u daarvoor zorgdragen? ", "antwoord 1": "[In de meeste gevallen is gecomposteerd of gedroogd zuiveringsslib van slibverwerkingsinstallaties verontreinigd met zware metalen. Dit maakt het moeilijk een voor het milieu acceptabele verwerkingsmogelijkheid te vinden. Mijn voorkeur gaat uit naar verbranden in binnen- of buitenland, omdat hierbij de zware metalen zoveel mogelijk worden geconcentreerd in de reststoffen. De meeste ontdoeners hebben hiervoor eigen installaties opgericht of in ontwikkeling, dan wel verwerkingscontracten gesloten met installaties in binnen- en buitenland. Op dit moment is nog onvoldoende structurele verbrandingscapaciteit voor zuiveringsslib operationeel. Een aantal ontdoeners heeft daarom kennisgevingen gedaan voor de uitvoer van zuiveringsslib om het in het buitenland in de landbouw te gebruiken. De ontvangende landen kunnen hiermee instemmen omdat de toegestane gehalten zware metalen in bijvoorbeeld Duitsland en Frankrijk hoger zijn dan in Nederland. Tot voldoende verwerkingscapaciteit beschikbaar is, zal ik hiertegen geen bezwaar maken. Ik stel wel als voorwaarden dat uitzicht moet bestaan op een structurele oplossing in de vorm van verbranden. Ook als het gaat om een calamiteitsituatie zal ik geen bezwaar tegen uitvoer maken. De kennisgever dient aan te tonen dat storten in Nederland het enige alternatief is en het dient te gaan om uitvoer naar een EU-lidstaat. Als niet aan deze randvoorwaarden wordt voldaan rest niets anders dan het afval in Nederland te storten. Ook wanneer het zuiveringsslib niet kan voldoen aan de wettelijke eisen van het ontvangende land of de Europese richtlijn zuiveringsslib (86/278/EEG) is storten in Nederland het enige alternatief. Ik beschouw het gebruik van met zware metalen verontreinigd slib in de landbouw overigens als een vorm van verwijdering. De EVOA en de Europese richtlijn zuiveringsslib geven hiertoe de ruimte", "antwoord 2": "Ja", "antwoord 3": "De Europese Commissie heeft al enige tijd het voornemen te komen met een voorstel voor een Europese richtlijn over organisch afval. De richtlijn zou een bijdrage moeten leveren aan vermindering van het storten van organisch afval en de harmonisatie van de kwaliteitseisen voor compost. De termijn waarop het voorstel wordt gepresenteerd, de precieze inhoud van het voorstel en de relatie met de Europese richtlijn zuiveringsslib zijn nog niet bekend", "antwoord 4": "Op dit moment is het reeds mogelijk om compost als product te exporteren. In de praktijk gebeurt dit ook al een aantal jaren. Het betreft compost van goede kwaliteit vervaardigd uit gescheiden ingezameld groente-, fruit- en tuinafval van huishoudens en daarmee vergelijkbaar bedrijfsafval. Het grootste deel van de in Nederland geproduceerde compost is onder deze categorie te scharen. Zoals ik in mijn antwoord op de vragen 1. en 2. heb aangegeven is het ook mogelijk via een EVOA-kennisgevingsprocedure gecomposteerd of gedroogd zuiveringsslib van slibverwerkingsinstallaties uit te voeren, hetzij onder de noemer nuttige toepassing, hetzij onder de noemer verwijdering. Het vaststellen van nieuw uitvoerbeleid ter overbrugging van de periode tot een Europese richtlijn voor organisch afval is mijns inziens niet nodig. ]"}