{"Bibliografische_omschrijving": "Vragen van het lid Blok (VVD) aan de staatssecretaris van Volksgezondheid, Welzijn en Sport over Budget aanvaardbare kosten 2001. (Ingezonden 10 juli 2001); Antwoord", "Bestand": "15Kb", "Permalink": "\nhttp://www.geencommentaar.nl/parlando/index.php?action=doc&filename=KVR14513\n", "Inhoud": "Vragen over verschil in behandeling tussen oude instellingen en nieuw tot de AWBZ toegelaten instellingen, waarbij de nieuwkomers geen lumpsum financiering kunnen krijgen voor onder meer werkdrukmiddelen en activiteiten ter oplossing van de wachtlijstproblematiek.", "Rubriek": "Gezondheidszorg (Zorginstellingen) Gezondheidszorg (Zorgverzekeringen)", "Trefwoorden": "AWBZ Ziekenhuizen", "Vindplaats": "Kamervragen met antwoord 2001-2002, nr. 177, Tweede Kamer", "Afkomstig van": "2000113490", "Indiener": "Volksgezondheid, Welzijn en Sport (VWS)", "Partij vertegenwoordiger": "<persoon partij=\"VVD\">Blok</persoon>", "Datum_reaktie": "\n", "Datum_indiening": "2001-10-29", "vraag 1": "Bent u bekend met het feit dat nieuw toegelaten instellingen tot de AWBZ n\u00c3\u00a1 1 januari 2001 geen gebruik mogen maken van de regelgeving aangaande Budget aanvaardbare kosten 2001? ", "vraag 2": "Leidt dit ertoe dat nieuwe instellingen in tegenstelling tot oude instellingen geen lumpsum financiering (oplopend tot 11,3% van het budget aanvaardbare kosten) kunnen krijgen voor werkdrukmiddelen, zorgvernieuwing en arbeidsmarktinspanningen? ", "vraag 3": "Hoe verhoudt de lumpsum financiering zich tot het uitgangspunt om alle kosten per 2001 te verwerken in de tarieven en de lumpsum van thuiszorginstellingen af te bouwen naar 0, conform het zogeheten Fido-model? ", "vraag 4": "Denkt u dat het verschil in regime met betrekking tot budget aanvaardbare kosten tussen oude en nieuwe instellingen een reden kan vormen voor de nieuwe instellingen om niet deel te nemen aan de activiteiten ter oplossing van de wachtlijstproblematiek? ", "vraag 5": "Bent u van oordeel dat het onderscheid in behandeling tussen toegelaten instellingen van v\u00c3\u00b3\u00c3\u00b3r 31 december 2000 \u00c3\u00a9n nieuwe toegelaten instellingen n\u00c3\u00a1 1 januari 2001 leidt tot oneerlijke concurrentieverhoudingen? ", "vraag 6": "Bent u bereid om deze oneerlijke concurrentieverhoudingen op te heffen? Zo ja, op welke wijze en op welke termijn? ", "antwoord 1": "[De beleidsregel aanvaardbare kosten 2001 van het College Tarieven Gezondheidszorg is van toepassing op alle thuiszorginstellingen, dus zowel voor de in 2000 bestaande en toegelaten thuiszorginstellingen als voor de in 2001 toegelaten thuiszorginstellingen. In deze beleidsregel is limitatief opgenomen waarover in 2001 de voor het eerst in dat jaar toegelaten instellingen productieafspraken kunnen maken. Afspraken over werkdrukmiddelen, zorgvernieuwing en overige afspraken, vallen daar niet onder", "antwoord 2": "Het totaal van de bestedingsafspraken kan voor in 2000 bestaande en toegelaten thuiszorginstellingen maximaal 11,3% van het basisbudget bedragen. Deze instellingen moeten met de zorgkantoren concrete afspraken maken over deze bestedingen. Gelet op het antwoord op vraag 1 is het dus juist dat in 2001 toegelaten thuiszorginstellingen deze afspraken niet kunnen maken", "antwoord 3": "Met de beleidsregels 2001 is de lumpsum financiering in de thuiszorg afgebouwd. In de jaren voor 2001 was, voornamelijk bij de ex- kruiswerkinstellingen, een deel van het budget vrijgesteld van productieafspraken. Over dit zogenaamde lumpsum deel hoefden instellingen met het zorgkantoor geen enkele afspraak te maken. Er was dan ook geen inzicht welke zorg voor deze middelen werd geleverd. Vanaf 2001 moeten alle thuiszorginstellingen over het gehele budget productie- of bestedingsafspraken maken. Hierdoor is de lumpsum per 1 januari jongstleden afgebouwd en is controleerbaar waarvoor de middelen worden ingezet", "antwoord 4": "Nee. Dat blijkt wel uit het feit dat vanaf 1 januari 2001, 49 instellingen bij het College voor Zorgverzekeringen een toelating als thuiszorginstelling hebben gevraagd", "antwoord 5": "Nee. De verruiming van het toelatingenbeleid voor thuiszorginstellingen in 2001 is ingegeven door de wens om in het kader van het terugdringen van de wachtlijsten productiecapaciteit niet onnodig onbenut te laten. Daarbij is uitgangspunt het systeem van \u00c2\u00abboter bij de vis\u00c2\u00bb, dat wil zeggen dat er alleen betaald wordt voor geleverde zorg. Alle instellingen, zowel de voor als na 31 december 2000 toegelaten instellingen kunnen voor het jaar 2001 op gelijke wijze productieafspraken maken ten behoeve van het terugdringen van de wachtlijsten. In alle gevallen geldt voor deze afspraken dat wordt nagecalculeerd op werkelijke productie", "antwoord 6": "Niet vanwege oneerlijke concurrentieverhoudingen, maar om andere redenen, met name voortvloeiend uit de modernisering van de AWBZ, vind ik dat de beleidsregels voor volgende jaren veranderd moeten worden. Ik wil dat de zorg zoveel mogelijk wordt geleverd op basis van productieafspraken; dit op basis van een stelsel van concrete producten met daarvoor vastgestelde maximum prijzen. De kosten van de geleverde zorg, zowel de directe als indirecte kosten, moeten mijns inziens gefinancierd worden uit een integraal tarief dat in de productieafspraken wordt vastgelegd. Werkdruk, zorgvernieuwing en overige zaken horen herkenbare onderdelen te zijn, die of als apart product meegenomen worden, of herkenbaar in de tariefopbouw verwerkt worden. De resultaten van de tweede benchmark in de thuiszorg zullen een transparante opbouw van het tarief beter mogelijk maken. Ik ga er vanuit dat dit in 2003 zijn beslag kan krijgen. ]"}