{"Bibliografische_omschrijving": "Vragen van het lid Hoekema (D66) over de inzetbaarheid van de Lynx-marinehelicopter van Search and Rescue-taken(Ingezonden 24 mei 1995); Antwoord", "Bestand": "13Kb", "Permalink": "\nhttp://www.geencommentaar.nl/parlando/index.php?action=doc&filename=KVR1575\n", "Inhoud": "Criminaliteit en openbare orde (Ongevallenpreventie en -hulpverlening)", "Rubriek": "Militaire vliegtuigen Ongevallen", "Trefwoorden": "Kamervragen met antwoord 1994-1995, nr. 927, Tweede Kamer", "Vindplaats": "Defensie", "Afkomstig van": "<persoon partij=\"D66\">Hoekema</persoon>", "Indiener": "\n", "Partij vertegenwoordiger": "1995-06-19", "Datum_reaktie": "1995-05-24", "Datum_indiening": "KVR1575", "vraag 1": "Is sprake van verminderde inzetbaarheid van de Lynx-marinehelicopter van Search and Rescue (SAR)-taken in het noorden des lands in met name de nachtelijke uren onder bepaalde wind-condities? ", "vraag 2": "Is deze verminderde inzetbaarheid het gevolg van door de fabrikant (Westland) aangebrachte modificaties op het gebied van materialen (composieten)? ", "vraag 3": "Welke maatregelen worden genomen om deze verminderde inzetbaarheid te verhelpen? ", "vraag 4": "Kan worden gegarandeerd dat Marine- en Luchtmacht de SAR-taken in het Waddengebied en het Continentaal Plat in de Noordzee toch adequaat kunnen uitvoeren? ", "antwoord 1": "[Neen", "antwoord 2": "Bij de Lynx-helikopters van de Koninklijke marine worden de metalen hoofdrotorbladen vervangen door zogenaamde Composite Main Rotor Blades. Het nieuwe type rotorblad veroorzaakt een ander trillingsgedrag, waarvoor de vredeslimieten voor het opereren met de Lynx zijn aangepast. Deze aanpassing heeft echter geen gevolgen voor de inzetbaarheid van de Lynx bij Search and Rescue-taken", "antwoord 3": "Gezien de antwoorden op de vragen 1 en 2, niet van toepassing", "antwoord 4": "Ja. ]"}