{"Bibliografische_omschrijving": "Vragen van het lid O. P. G. Vos (VVD) aan de minister van Justitie over de niet-homo verklaring. (Ingezonden 16 april 2002); Antwoord", "Bestand": "13Kb", "Permalink": "\nhttp://www.geencommentaar.nl/parlando/index.php?action=doc&filename=KVR15628\n", "Inhoud": "Vragen over de door China gevraagde niet-homoverklaring voor adoptie-ouders, die door de vergunninghoudende organisatie Kind en Toekomst wel wordt geaccepteerd en door Wereldkinderen niet (Vragen in aanvulling op vragen van lid Dittrich, nr. 2010209210).", "Rubriek": "Burgerlijk recht en burgerlijk procesrecht (Personen- en familierecht) Staats- en bestuursrecht (Grondrechten)", "Trefwoorden": "Adoptie China Homoseksuelen", "Vindplaats": "Kamervragen met antwoord 2001-2002, nr. 1115, Tweede Kamer", "Afkomstig van": "2010209260", "Indiener": "Justitie (JUS)", "Partij vertegenwoordiger": "<persoon partij=\"VVD\">O. P. G. Vos</persoon>", "Datum_reaktie": "\n", "Datum_indiening": "2002-05-14", "vraag 1": "Hebt u kennis genomen van het verschil in beleid tussen de vergunninghouders Kind en Toekomst en Wereldkinderen, waarvan eerst genoemde organisatie een niet-homoverklaring afgeeft en laatstgenoemde organisatie medewerking daaraan weigert? ", "vraag 2": "Wat is naar uw oordeel het gewenste beleid met de vraagstelling terzake vanuit China? ", "vraag 3": "Is deze problematiek op enigerlei wijze onderwerp van diplomatiek overleg? ", "antwoord 1": "[Ik heb kennis genomen van het verschil in beleid tussen de Stichting Kind en Toekomst en de Vereniging Wereldkinderen ten aanzien van het door de Chinese autoriteiten gestelde vereiste inzake de desbetreffende verklaring. Voor de goede orde merk ik op dat Nederlandse autoriteiten of vergunninghouders een dergelijke verklaring niet afgeven. Het betreft een verklaring van betrokkenen zelf", "antwoord 2": "Het Ministerie van Justitie is met de betrokken vergunninghouders in overleg over de wijze waarop met dit vereiste omtrent de vereiste verklaring bij eenouderadoptie dat men niet homoseksueel is, moet worden omgegaan. Voorts bestaat het voornemen om dit onderwerp aan de orde te stellen in contacten met het Chinese Centrum voor Adoptie. Voor het overige verwijs ik gaarne naar de antwoorden op de vragen terzake van het lid Dittrich. ]"}