{"Bibliografische_omschrijving": "Vragen van het lid Bakker (D66) aan de staatssecretaris van Verkeer en Waterstaat en de minister en staatssecretaris van Volkshuisvesting, Ruimtelijke Ordening en Milieubeheer over het antennebeleid. (Ingezonden 16 januari 2002); Antwoord", "Bestand": "15Kb", "Permalink": "\nhttp://www.geencommentaar.nl/parlando/index.php?action=doc&filename=KVR15354\n", "Inhoud": "Vragen over onder meer de mogelijke vertraging van de uitvoering van het antennebeleid.", "Rubriek": "Communicatie, media en informatievoorziening (Telecommunicatie)", "Trefwoorden": "Mobiele telefonie", "Vindplaats": "Kamervragen met antwoord 2001-2002, nr. 878, Tweede Kamer", "Afkomstig van": "2010204540", "Indiener": "Verkeer en Waterstaat (VW)", "Partij vertegenwoordiger": "<persoon partij=\"D66\">Bakker</persoon>", "Datum_reaktie": "\n", "Datum_indiening": "2002-03-21", "vraag 1": "Is de indruk juist dat de uitvoering van het zgn. antennebeleid is vertraagd? Zo ja, welke elementen hiervan vergen meer tijd dan voor de zomer werd gedacht? Wat is de stand van zaken met betrekking tot de totstandkoming van het convenant tussen de betrokken partijen en de diverse overheden? Blijft het uitgangspunt van het beleid dat alle onnodige vertragingen en belemmeringen moeten worden voorkomen, zeker nu de situatie in de telecommarkt zich sinds de UMTS-veilingen zeer negatief heeft ontwikkeld? ", "vraag 2": "Waarom is besloten om de wijziging van de Woningwet pas te laten ingaan op 1 juli 2002, waar aanvankelijk 1 januari jl. was voorzien en een latere datum dan 1 april 2002 zeer bezwaarlijk wordt voor een snelle uitrol van het derdegeneratie-antennenetwerk, alsmede voor de upgrading van het GSM-netwerk (na introductie van de GPRS-technologie)? Is het mogelijk om het specifieke onderdeel van de Woningwet dat hierop betrekking heeft alsnog per 1 april a.s. in werking te laten treden? Bent u hiertoe bereid? ", "vraag 3": "Is de wel geopperde indruk juist dat op het ministerie van Volkshuisvesting, Ruimtelijke Ordening en Milieubeheer ook nog wordt gekeken naar de vastgestelde blootstellingsnormen? Zo neen, kan deze indruk dan worden weggenomen? Zo ja, hoe verhoudt zich zulks dan tot het advies van de Gezondheidsraad en de Europese normen \u00e2\u20ac\u201c waar Nederland immers met een ruime marge onder zit, en met de politieke overweging die tijdens het debat over het antennebeleid is gemaakt? Kan worden toegezegd dat iedere verdere vertraging wordt vermeden? ", "antwoord 1": "[De implementatie van het Nationaal Antennebeleid verloopt op vrijwel alle punten volgens plan. Op 1 oktober 2001 is het Nationaal Antennebureau geopend. Er zijn vorig voorjaar vijf succesvolle regionale voorlichtingsbijeenkomsten gehouden voor gemeenten. Over het convenant NAB is bestuurlijke overeenstemming bereikt. Het convenant is als concept ter notificatie aan de Europese Commissie aangeboden. Uitgangspunt van het beleid was, is en blijft dat alle onnodige vertragingen en belemmeringen voorkomen moeten worden", "antwoord 2": "Op 1 juli aanstaande zal met de wijziging van de Woningwet tevens een tweetal algemene maatregelen van bestuur en een integrale wijziging van het Bouwbesluit in werking treden. Vanwege de samenhang is het streven er op gericht om deze nieuwe regelgeving zoveel mogelijk als een pakket in werking te laten treden. Wegens wetsprocedurele redenen zou de datum van 1 april mogelijk niet worden gehaald. Mede op nadrukkelijk verzoek van de VNG en andere partijen uit de bouwpraktijk is de inwerkingtreding verschoven naar 1 juli aanstaande. De categorie vergunningsvrije bouwwerken wordt straks niet meer in de wet maar bij een nieuwe algemene maatregel van bestuur aangewezen, welke in zijn geheel de procedure moet doorlopen. Het is derhalve onmogelijk om afzonderlijk de AMvB-bepaling inzake antenne-installaties eerder in werking te laten treden. Overigens zal de opgelopen vertraging in het wetstraject geen gevolgen hebben voor het convenant. De notificatieprocedure van het convenant zal immers niet eerder zijn afgerond dan begin juni zodat naar verwachting medio juni het convenant ondertekend kan worden", "antwoord 3": "In Nederland bestaan thans geen wettelijke normen voor de blootstelling aan elektromagnetische velden. Regelgeving hieromtrent, gebaseerd op de Wet Milieubeer, is in voorbereiding. Zoals aangegeven tijdens het notaoverleg Nationaal Antennebeleid van 14 mei 2001 is vooruitlopend hierop in het kader van de totstandkoming van het convenant door de ministeries van VROM en van V&amp;W overleg gevoerd met de operators voor mobiele telefonie om tot afspraken te komen over de beperking van de blootstelling van de bevolking aan de velden afkomstig van antenne-installaties voor mobiele telefonie. Hierbij hebben de referentieniveaus van de Europese aanbeveling van 12 juni 1999 (1999/519/EG) als uitgangspunt gegolden. Tevens is op basis van het ALARA (as low as reasonably achievable) principe rekening gehouden met de werkelijke stralingbelasting van de bevolking in de omgeving van antennes voor mobiele telefonie, welke in Nederland doorgaans aanzienlijk gunstiger is dan de Europese referentieniveaus aangeven. ]"}