{"Bibliografische_omschrijving": "Vragen van de leden De Vries en Vo\u00c3\u00bbte-Droste (beiden VVD) aan de minister van Financi\u00c3\u00abn over de meldingsplicht voor financieringsmaatschappijen aan De Nederlandsche Bank. (Ingezonden 19 maart 2002); Mededeling", "Bestand": "13Kb", "Permalink": "\nhttp://www.geencommentaar.nl/parlando/index.php?action=doc&filename=KVR15491\n", "Inhoud": "Vragen over de meldingsplicht voor financieringsmaatschappijen aan de Nederlandsche Bank na aanscherping van de Wet toezicht kredietwezen en de verwarring die bij het Midden- en Kleinbedrijf is ontstaan over de precieze definitie van \"financieringsmaatschappij\".", "Rubriek": "Bedrijfsleven en industrie (Bank- en verzekeringswezen) Bedrijfsleven en industrie (Midden- en kleinbedrijf)", "Trefwoorden": "De Nederlandsche Bank Midden- en kleinbedrijf", "Vindplaats": "Kamervragen met antwoord 2001-2002, nr. 994, Tweede Kamer", "Afkomstig van": "2010208020", "Indiener": "Financi\u00c3\u00abn (FIN)", "Partij vertegenwoordiger": "<persoon partij=\"VVD\">De Vries</persoon>", "Datum_reaktie": "\n", "Datum_indiening": "<persoon partij=\"VVD\">Vo\u00c3\u00bbte-Droste</persoon>", "vraag 1": "Is het u bekend dat als gevolg van de aanscherping van de uitvoeringsregels van de Wet toezicht kredietwezen 1992 \u00e2\u20ac\u201c welke maatregelen zijn genomen n.a.v. de gebeurtenissen van 11 september 2001 in de Verenigde Staten \u00e2\u20ac\u201c grote verwarring is ontstaan over het toepassingsbereik van deze wet? ", "vraag 2": "Is het waar dat De Nederlandsche Bank (DNB) het begrip \u00c2\u00abfinancieringsmaatschappij\u00c2\u00bb zodanig uitlegt dat het in- en uitlenen van geld reeds voldoende is om als financieringsmaatschappij te worden gekwalificeerd? Is het waar dat zeer veel vennootschappen binnen het Midden- en Kleinbedrijf (MKB) aan deze uitleg voldoen en dat dit bij telefonisch contact met DNB ook wordt bevestigd? ", "vraag 3": "Bent u ervan op de hoogte dat in het Nederlandse MKB veelvuldig wordt gewerkt met een holdingstructuur? ", "vraag 4": "Is het waar dat als een MKB-ondernemer b.v. geld van een bank leent en dat via zijn holding aan zijn werkmaatschappij doorleent, er al sprake is van meldingsplicht? ", "vraag 5": "Kunt u meer duidelijkheid geven over de definitie van een financieringsmaatschappij, zodat daarover in het MKB geen verwarring meer is? ", "vraag 6": "Is het waar dat n\u00c3\u00a1 de melding ook door de bestuurders van de financieringsmaatschappij een verklaring moet worden afgelegd over de betrouwbaarheid van bestuurders, medebeleidsbepalers, commissarissen en alle kwalificerende aandeelhouders om als financieringsmaatschappij een vrijstelling te verkrijgen? ", "vraag 7": "Is het waar dat de voorgestelde meldingsplicht een administratieve lastendruk met zich meebrengt voor het MKB? Zo ja, ziet u mogelijkheden om dit te voorkomen? ", "antwoord 1": "[]"}