{"Bibliografische_omschrijving": "Vragen van het lid Ravestein (D66) aan de staatssecretaris van Onderwijs, Cultuur en Wetenschappen, dhr. Van der Ploeg, over de financi\u00c3\u00able positie van de Weekkrant Suriname en de Landelijke Allochtonenkrant. (Ingezonden 18 december 2001); Mededeling", "Bestand": "13Kb", "Permalink": "\nhttp://www.geencommentaar.nl/parlando/index.php?action=doc&filename=KVR14906\n", "Inhoud": "Het voortbestaan van de Weekkrant Suriname en de Landelijke Allochtonenkrant is in gevaar.", "Rubriek": "Bedrijfsleven en industrie (Subsidies) Communicatie, media en informatievoorziening (Pers)", "Trefwoorden": "Subsidies Tijdschriften", "Vindplaats": "Kamervragen met antwoord 2001-2002, nr. 494, Tweede Kamer", "Afkomstig van": "2010203760", "Indiener": "Onderwijs, Cultuur en Wetenschappen (OCW)", "Partij vertegenwoordiger": "<persoon partij=\"D66\">Ravestein</persoon>", "Datum_reaktie": "\n", "Datum_indiening": "2002-01-15", "vraag 1": "Is het u bekend dat de financi\u00c3\u00able positie van de Weekkrant Suriname en de Landelijke Allochtonenkrant dusdanig is dat het voortbestaan van deze kranten in gevaar is? ", "vraag 2": "Hoe beoordeelt u het belang van het voortbestaan van deze uitgaven? ", "vraag 3": "Hoe verhoudt zich naar uw oordeel de financi\u00c3\u00able positie van bovengenoemde uitgaven tot die van het weekblad Contrast dat van het ministerie van VWS, via de stichting Forum, subsidie ontvangt? ", "vraag 4": "Bent u bereid op korte termijn een oplossing te zoeken voor de sanering van de oude schulden van de Weekkrant Suriname en de Allochtonenkrant waardoor het voortbestaan van deze uitgaven gewaarborgd wordt? ", "vraag 5": "Bent u bereid deze vragen binnen een week te beantwoorden? ", "antwoord 1": "[]"}