{"Bibliografische_omschrijving": "Vragen van de leden Hoekema (D66), Ter Veer (D66), Koenders (PvdA) en Van Ardenne-van der Hoeven (CDA) aan de ministers van Buitenlandse Zaken en voor Ontwikkelingssamenwerking over de situatie in de Niger delta. (Ingezonden 1 december 1999); Antwoord", "Bestand": "18Kb", "Permalink": "\nhttp://www.geencommentaar.nl/parlando/index.php?action=doc&filename=KVR10772\n", "Inhoud": "Vragen over de verslechterde veiligheids- en mensenrechtensituatie in de Niger delta, naar aanleiding van de recente opleving van de strijd tussen ljaw-jongeren en het Nigeriaanse leger, dat opnieuw is ingezet in Bayelsa State, en over de problemen als gevolg van de oliewinning. Deze vragen dienen ter aanvulling op de eerdere vragen van het lid Karimi (Aanh. Hand. II, 1999-2000, nr. 404).", "Rubriek": "Energie, water en grondstoffen (Delfstoffenwinning) Ontwikkelingssamenwerking (Ontwikkelingshulp Afrika) Staats- en bestuursrecht (Grondrechten)", "Trefwoorden": "Delfstoffenwinning Mensenrechten Nigeria Ontwikkelingssamenwerking", "Vindplaats": "Kamervragen met antwoord 1999-2000, nr. 458, Tweede Kamer", "Afkomstig van": "2990003620", "Indiener": "Buitenlandse Zaken", "Partij vertegenwoordiger": "<persoon partij=\"D66\">Hoekema</persoon>", "Datum_reaktie": "\n", "Datum_indiening": "<persoon partij=\"D66\">Ter Veer</persoon>", "vraag 1": "Bent u op de hoogte van de recente opleving van de strijd tussen Ijaw-jongeren en het Nigeriaanse leger, dat opnieuw is ingezet in Bayelsa State (Niger delta)? ", "vraag 2": "Bent u er van op de hoogte dat President Obasanjo heeft gedreigd om de noodtoestand in Bayelsa State uit te roepen? Deelt u de mening dat zowel het sturen van (extra) troepen naar de delta als het uitroepen van noodtoestand aldaar de veiligheids- en mensenrechtensituatie uitsluitend verslechteren? Bent u bereid om zowel bilateraal als in EU-verband druk op de Nigeriaanse regering uit te oefenen om de troepen terug te trekken uit het gebied en niet de noodtoestand uit te roepen? ", "vraag 3": "Is er een voornemen bij \u00c3\u00a9\u00c3\u00a9n van u voor een bezoek? Zo ja, bent u dan bereid om de Niger delta te bezoeken? ", "vraag 4": "Bent u bereid om bij de Nigeriaanse regering het belang te benadrukken van de Niger delta Development Bill, ten gunste van de deltabevolking en ter preventie van verdere escalatie van de conflicten in de delta? ", "vraag 5": "Is de minister voor Ontwikkelingssamenwerking bereid om Nigeria op te nemen in de programma\u00e2\u20ac\u2122s voor Mensenrechten, Vredesopbouw en Goed Bestuur, alsmede Milieu? Kunnen specifieke bijdrages op het vlak van milieu (bijvoorbeeld MER\u00e2\u20ac\u2122s voor aanleg infrastructuur, bescherming mangrovebossen, schoon drink- en viswater) en mensenrechten/goed bestuur (training politie, justitie, ambtenaren, steun aan Oputa Justice Panel, anti-corruptie wetgeving) volgens u bijdragen aan een substanti\u00c3\u00able verbetering van de situatie in Nigeria respectievelijk de Niger delta? Liggen hier mogelijkheden voor specifieke bijdrages vanuit Nederland? ", "vraag 6": "Bent u bereid om u in te zetten opdat de EU-gelden die nu beschikbaar zijn voor Nigeria geconcentreerd worden op de Niger delta, o.a. met betrekking tot de fondsen uit de budgetlijn mensenrechten? ", "vraag 7": "Bent u bereid om de Nederlandse intentie om op het vlak van ontwikkelingssamenwerking in Nigeria de EU intensief te laten samenwerken met Shell op korte termijn te concretiseren? Wat zijn de laatste ontwikkelingen op dit vlak? Waar ziet u concrete mogelijkheden op korte termijn? Ligt het voor de hand dat, gezien de medeverantwoordelijkheid van de olie-industrie bij de milieu- en ontwikkelingsproblemen in de Niger delta, gezamenlijke projecten met name op het vlak van natuur- en milieubescherming alsmede armoedebestrijding plaatsvinden? ", "vraag 8": "Ziet u mogelijkheden om specifieke activiteiten voor jongeren in de Niger delta te helpen faciliteren, zoals vaardighedencentra en jongerencentra? Kunnen initiatieven van bijvoorbeeld deelstaatregeringen in de delta om speciale jongerenwerkers bij conflicten tussen jongerengroepen en oliemaatschappijen in te zetten, vanuit Nederland of de EU actief ondersteund worden? ", "vraag 9": "Bent u bereid u in te spannen dat de EU NGO\u00e2\u20ac\u2122s en volkerenorganisaties van bijvoorbeeld de Ijaw en Ogoni ondersteunt en stimuleert in onderlinge samenwerking, door middel van het helpen faciliteren van een soort van (hernieuwde) \u00c2\u00abPan Niger Delta Conferentie\u00c2\u00bb? Zo niet, ziet u andere mogelijkheden om vanuit Nederland en/of de EU de onderlinge conflicten tussen de deltavolkeren \u00e2\u20ac\u201c onderling en met oliemaatschappijen \u00e2\u20ac\u201c te helpen verminderen? ", "antwoord 1": "[De regering is op de hoogte van berichten uit de staat Bayelsa over gevechten tussen Ijaw-jongeren onderling, over de moord op 12 politieagenten en over de inzet van militairen. Over de precieze gang van zaken bestaat nog geen duidelijkheid", "antwoord 2": "President Obasanjo heeft de Gouverneur van de staat Bayelsa een ultimatum gesteld, betreffende het uitroepen van de noodtoestand, nl. op 24 november diende de rust en orde in het gebied hersteld te zijn en de moordenaars van 12 politieagenten zouden gevonden moeten zijn. Het ultimatum is inmiddels verstreken, terwijl de noodtoestand niet is uitgeroepen. De Nigeriaanse regering stelt dat de troepen waren ingezet om orde en rust te herstellen in een situatie van bijna anarchie, veroorzaakt door georganiseerde, zwaar bewapende misdadigers die ook de eigen bevolking terroriseren. Volgens de laatste berichten zijn de militairen thans vervangen door speciale politie-eenheden", "antwoord 3": "De minister van Buitenlandse Zaken zal in de loop van het volgende jaar een bezoek brengen aan Nigeria. Te zijner tijd zal de opportuniteit van een bezoek aldaar worden bezien", "antwoord 4": "Als een van zijn eerste beleidsdaden, na de inauguratie op 1 juni van dit jaar, heeft President Obasanjo het ontwerp voor de Niger Delta Development Bill ingediend, daarmee het belang onderstrepend dat hij hecht aan de ontwikkelingen in de Delta. Het Parlement heeft het wetsontwerp zeer recent goedgekeurd", "antwoord 5": "Bilaterale steun van de Nederlandse regering via toelating van Nigeria tot respectievelijk de themalijst Mensenrechten, Vredesopbouw en Goed Bestuur en de themalijst Milieu wordt niet overwogen. Een Nederlands programma zou weinig toevoegen aan de reeds bestaande omvangrijke hulpprogramma\u00e2\u20ac\u2122s van de Europese Commissie, particuliere fondsen als die van Shell (US$ 40 mln.) en de extra middelen die de Nigeriaanse regering inmiddels zelf ter beschikking heeft gesteld voor het gebied (US$ 50 mln.). De mogelijkheden voor Nederland om de problematiek in de Niger-delta aan te pakken worden vooral gezocht in EU-verband en in multilateraal kader. De minister voor Ontwikkelingssamenwerking is bereid te onderzoeken of ook de Wereldbank expliciet bij de ontwikkeling van het gebied betrokken kan worden. De Ambassade in Abuja beschikt vanaf 2000 overigens over een budget (NLG 500 000,\u00e2\u20ac\u201c) voor activiteiten via particuliere kanalen op het gebied van mensenrechten in Nigeria", "antwoord 6": "Nederland ondersteunt het voorstel van de Europese Commissie met betrekking tot het opzetten van een micro-projecten-programma in de Niger Delta. Dit programma heeft een omvang van totaal 21 miljoen Euro. De projecten doelen onder andere op verbetering van kleinschalige infrastructuur, verbetering van de basisgezondheidszorg, ondersteuning van het onderwijssysteem, het opzetten van wijkcentra en het verlenen van micro-kredieten. Ook in hulp bij de ontwikkeling van vaardigheden en het opzetten van jongerencentra wordt door het programma voorzien. De fondsen uit de budgetlijn mensenrechten (waarvan er overigens meerdere zijn) worden thans reeds op beperkte schaal gebruikt om mensenrechten-NGO\u00e2\u20ac\u2122s in de Delta te steunen (Mosop, IHRL). De EU is thans doende om een Human Rights Foundation op te zetten in Nigeria. Deze Foundation zal verantwoordelijk worden voor de EU-mensenrechtenprojecten in Nigeria. Overigens zal deze foundation over heel Nigeria projecten uitvoeren. Andere gebieden in Nigeria, die minder in de publiciteit staan, hebben evenzeer behoefte aan mensenrechtenondersteuning. Het is duidelijk dat in de Niger Delta snel een begin moet worden gemaakt met doeltreffende (conflict-preventieve) maatregelen zoals de verbetering van de sociaal-economische situatie, het genereren van werk en inkomen en verbeteringen aan de infrastructuur. De EU-projecten zijn een goede stap in die richting en een aanvulling op de door de Nigeriaanse regering afgekondigde maatregelen. Het stimuleren van onderlinge samenwerking tussen b.v. de Ogoni en Ijaw-jongeren zit in de EU-projecten verweven. Eventuele verzoeken aan de Europese Commissie van NGO\u00e2\u20ac\u2122s en volkerenorganisaties uit het Delta-gebied voor steun aan een Pan Nigeria Delta Conferentie, kunnen in beginsel op Nederlandse steun rekenen", "antwoord 7": "Nederland is bereid een onafhankelijk onderzoek naar de milieuproblematiek in de Delta te helpen bevorderen. Ook Shell is voorstander van een dergelijk onderzoek. Aan de VN (UNDP) is recent gevraagd naar de mogelijkheden hiertoe. ]"}