{"Bibliografische_omschrijving": "Vragen van het lid Duijkers (PvdA) aan de minister van Justitie over de staat van onderhoud van het Huis van Bewaring te Groningen. (Ingezonden 23 oktober 2001); Antwoord", "Bestand": "14Kb", "Permalink": "\nhttp://www.geencommentaar.nl/parlando/index.php?action=doc&filename=KVR14549\n", "Inhoud": "Vragen over oorzaak van de huidige staat van onderhoud van het Huis van Bewaring in Groningen en de gevolgen, zoals uitplaatsing van gedetineerden en ziekteverzuim onder personeel.", "Rubriek": "Criminaliteit en openbare orde (Gevangeniswezen en penitentiair recht)", "Trefwoorden": "Gevangeniswezen", "Vindplaats": "Kamervragen met antwoord 2001-2002, nr. 209, Tweede Kamer", "Afkomstig van": "2010201430", "Indiener": "Justitie (JUS)", "Partij vertegenwoordiger": "<persoon partij=\"PvdA\">Duijkers</persoon>", "Datum_reaktie": "\n", "Datum_indiening": "2001-11-05", "vraag 1": "Is het u bekend dat een groot aantal cellen in het Huis van Bewaring te Groningen in een verwaarloosde en erbarmelijke staat van onderhoud verkeren? ", "vraag 2": "Bent u erover ge\u00c3\u00afnformeerd dat het uitblijven van de beslissing over mogelijke nieuwbouw in de stad Groningen of een van de omliggende gemeenten, de ontwikkeling van de renovatieplannen van deze inrichting tot stilstand heeft gebracht? ", "vraag 3": "Bent u op de hoogte van het gegeven dat ten gevolge van de technische staat van het onderhoud en de verouderde gebouwtechnische beveiliging geregeld onrustveroorzakende en/of vluchtgevaarlijke gedetineerden uitgeplaatst moeten worden? ", "vraag 4": "Hebt u informatie ontvangen over de hoogte van het ziekteverzuim en het aantal vacatures ten gevolge van het uitblijven van de beslissing over nieuwbouw of renovatie? ", "vraag 5": "Is het u bekend dat het aantal klachtzaken van gedetineerden over de bouwtechnische staat van het pand, het uitvallen van programma\u00e2\u20ac\u2122s en het ontbreken van personeel dat hen uitsluit, de afgelopen maanden sterk is toegenomen? ", "vraag 6": "Bent u bereid om v\u00c3\u00b3\u00c3\u00b3r de behandeling van uw begroting de Kamer te informeren over uw besluit over mogelijke nieuwbouw ten behoeve van de Penitentiaire Inrichtingen cluster Noord? ", "vraag 7": "Bent u eveneens bereid om voorafgaand aan de behandeling van uw begroting deze vragen te beantwoorden? ", "antwoord 1": "[Ja, de cellen verkeren inderdaad in een slechte staat. Daarom is in februari 2000 gestart met het ontwikkelen van een plan voor ingrijpende renovatie. De hoge investeringskosten en het feit dat zelfs met een grote renovatie geen optimale situatie kon worden bereikt zijn voor mij aanleiding geweest in december 2001 te besluiten een onderzoek te starten naar de mogelijkheden voor vervangende nieuwbouw. Dit onderzoek is recent afgerond", "antwoord 2": "Het spreekt voor zich dat lopende het onderzoek naar vervangende nieuwbouw er geen grote investeringen in Groningen gepleegd worden. Wel zal begin november een opknapbeurt starten, waarbij de cellen, het meubilair en het sanitair aangepakt zullen worden. Medio februari 2002 zal dit project voor de gehele inrichting gereed zijn", "antwoord 3": "Het Huis van Bewaring te Groningen wordt los van de onderhavige problematiek niet voor de zwaarste categorie gedetineerden gebruikt. Bij de selectie wordt hiermee zo veel mogelijk rekening gehouden", "antwoord 4": "Ja, echter de samenhang met de besluitvorming rond vervangende nieuwbouw c.q. renovatie is niet direct aantoonbaar", "antwoord 5": "Dit jaar zijn tot dusver 48 klachten ingediend door gedetineerden (waarvan overigens een niet onaanzienlijk deel door dezelfde persoon). Mij is slechts een geval bekend waar de klacht betrekking heeft op de bouwkundige situatie; geen van de klachten is voor zover bekend direct gerelateerd aan het uitvallen van programma\u00e2\u20ac\u2122s of het ontbreken van personeel dat de betrokken gedetineerde zou moeten uitsluiten", "antwoord 6": "De besluitvorming bevindt zich in de finale fase. Zodra mogelijk zal ik de Kamer over de uitkomst daarvan informeren", "antwoord 7": "Ja. ]"}