{"Bibliografische_omschrijving": "Vragen van de leden Terpstra en Van Blerck-Woerdman (beiden VVD) aan de minister van Volksgezondheid, Welzijn en Sport over een overgangsmaatregel voor homeopatische middelen. (Ingezonden 6 november 2001); Antwoord", "Bestand": "13Kb", "Permalink": "\nhttp://www.geencommentaar.nl/parlando/index.php?action=doc&filename=KVR14687\n", "Inhoud": "Vragen over de verkrijgbaarheid van reeds aangemelde homeopatische geneesmiddelen, die wel conform de regels zijn aangemeld maar nog niet afgehandeld.", "Rubriek": "Gezondheidszorg (Geneesmiddelen)", "Trefwoorden": "Geneesmiddelen", "Vindplaats": "Kamervragen met antwoord 2001-2002, nr. 328, Tweede Kamer", "Afkomstig van": "2010201890", "Indiener": "Volksgezondheid, Welzijn en Sport (VWS)", "Partij vertegenwoordiger": "<persoon partij=\"VVD\">Terpstra</persoon>", "Datum_reaktie": "\n", "Datum_indiening": "<persoon partij=\"VVD\">Van Blerck-Woerdman</persoon>", "vraag 1": "Bent u bereid, in het licht van het gegeven dat vanaf 1 januari 2002 alleen nog geregistreerde geneesmiddelen mogen worden verkocht, een overgangsmaatregel te treffen opdat ook die homeopatische middelen, die wel reeds conform de regels zijn aangemeld voor registratie doch voor 1 januari 2002 nog niet zijn afgehandeld, toch nog verkrijgbaar zijn tot hun registratieaanvraag is verwerkt? Zo neen, waarom niet? ", "antwoord 1": "[Nee. Fabrikanten zijn sinds december 1995 (de inwerkingtreding van het Besluit homeopathische farmaceutische producten) op de hoogte van de kwaliteits- en veiligheidseisen die worden gesteld aan het registratiedossier voor homeopathische producten. Zes jaar is mijns inziens een redelijke termijn voor het samenstellen van een dossier voor dergelijke producten. Gelet op het volksgezondheidsbelang dat is gediend met de registratie acht ik het op dit moment niet voor de hand liggend om opnieuw een overgangsregeling te treffen. De president van de rechtbank van Den Haag heeft de staat in dit opzicht ook in het gelijk gesteld naar aanleiding van een kort geding dat was aangespannen door de brancheorganisatie Bond Farmabedrijven Nederland. ]"}