{"Bibliografische_omschrijving": "Vragen van de leden De Beer en Ginjaar (beiden VVD) op 26 maart 2002 meegedeeld aan de minister van Volkshuisvesting, Ruimtelijke Ordening en Milieubeheer over concept-richtlijnen terzake de Vijfde Nota Ruimtelijke Ordening.; Antwoord", "Bestand": "14Kb", "Permalink": "\nhttp://www.geencommentaar.nl/parlando/index.php?action=doc&filename=KVR15831\n", "Inhoud": "Vragen over de indruk die is ontstaan op grond van een artikel in de Provinciale Zeeuwse Courant van 15 maart 2002, dat gemeenten inzake beslissingen over bestemmingsplannen rekening moeten houden met de planologische kernbeslissing Vijfde Nota Ruimtelijke Ordening, terwijl deze kernbeslissing nog helemaal niet door de Staten-Generaal aanvaard is en de tekst daarvan nog niet vaststaat.", "Rubriek": "Bedrijfsleven en industrie (Vestigingsbeleid) Ruimtelijke ordening en infrastructuur (Bestemmingsplannen)", "Trefwoorden": "Bestemmingsplannen Vestigingsbeleid", "Vindplaats": "Kamervragen met antwoord 2001-2002, nr. 15, Eerste Kamer", "Afkomstig van": "0", "Indiener": "Volkshuisvesting, Ruimtelijke Ordening en Milieubeheer (VROM)", "Partij vertegenwoordiger": "<persoon partij=\"VVD\">De Beer</persoon>", "Datum_reaktie": "\n", "Datum_indiening": "<persoon partij=\"VVD\">Ginjaar</persoon>", "vraag 1": "Is het waar dat de heer J. G. van Zwieten, lid van het college van gedeputeerde staten van Zeeland, door ambtenaren van het departement van VROM te verstaan is gegeven dat gemeenten thans reeds in voorkomende gevallen moeten aangeven waarom zij met hun bestemmingsplannen afwijken van de concept-richtlijnen zoals neergelegd in het regeringsvoornemen terzake de Vijfde nota ruimtelijke ordening? ", "vraag 2": "Is het waar dat afwijking van bovengenoemde concept-richtlijnen alleen wordt toegestaan indien het bestaande plannen betreft en bijstelling op grote (financi\u00c3\u00able) bezwaren zou stuiten? ", "vraag 3": "Kunt u mededelen of de concept-voorschriften in het regeringsvoornemen terzake de Vijfde nota ruimtelijke ordening op enigerlei andere wijze nu reeds een rol spelen bij de beoordeling van provinciale en gemeentelijke plannen? ", "vraag 4": "Vindt u, indien bovenstaande vragen geheel of gedeeltelijk bevestigend worden beantwoord, het staatsrechtelijk terecht dat het rijksbeleid vooruit loopt op een planologische kernbeslissing die nog niet is aanvaard door de Staten-Generaal en waarvan, nog afgezien van de vraag of dat zal gebeuren, de definitieve tekst geenszins vaststaat? ", "antwoord 1": "[Op 21 februari jl. is tijdens een gesprek van vertegenwoordigers van mijn ministerie met gedeputeerde Van Zwieten onder meer gesproken over de consequenties van het verschijnen van het kabinetsstandpunt (deel 3) inzake de Vijfde Nota over de Ruimtelijke Ordening bij de beoordeling van (ontwerp-)plannen van de andere overheden. Bij die gelegenheid is door mijn medewerkers onder meer een toelichting gegeven op het vigerende overgangsbeleid zoals beschreven in deel 3 van de PKB Vijfde Nota Ruimtelijke Ordening (in aansluiting op hetgeen ik hierover aan de Tweede Kamer meedeelde in de Rapportage \u00c2\u00abActiviteiten handhaving ruimtelijk beleid 2000\u00c2\u00bb die ik op 9 april 2001 aan de Tweede Kamer heb aangeboden en daarna aan alle provincies en gemeenten heb toegezonden)", "antwoord 2": "Neen", "antwoord 3": "Ja. Zie het antwoord op vraag 1", "antwoord 4": "Als gevolg van het kabinetsbesluit over de PKB Vijfde Nota (deel 3) is er vastgesteld en kenbaar gemaakt rijksbeleid. De mede-overheden worden geacht bij de ruimtelijke onderbouwing van hun ruimtelijke plannen rekening te houden met het rijksbeleid. Het feit dat de PKB nog ter instemming bij het parlement voorligt doet hieraan niet af. Deze situatie geldt tot het moment waarop over de PKB Vijfde Nota nadere besluitvorming heeft plaatsgevonden door het nieuwe kabinet of het parlement. ]"}