{"Bibliografische_omschrijving": "Vragen van het lid Koenders (PvdA) aan de minister van Buitenlandse Zaken over Palestijnse kinderen. (Ingezonden 29 november 2001); Antwoord", "Bestand": "15Kb", "Permalink": "\nhttp://www.geencommentaar.nl/parlando/index.php?action=doc&filename=KVR14797\n", "Inhoud": "Vragen over het voortgaande geweld tegen kinderen in Palestijnse gebieden.", "Rubriek": "Veiligheidsbeleid en defensie (Oorlogen en conflicten)", "Trefwoorden": "Isra\u00c3\u00abl Oorlogen Palestijnen", "Vindplaats": "Kamervragen met antwoord 2001-2002, nr. 415, Tweede Kamer", "Afkomstig van": "2010203010", "Indiener": "Buitenlandse Zaken (BUZA)", "Partij vertegenwoordiger": "<persoon partij=\"PvdA\">Koenders</persoon>", "Datum_reaktie": "\n", "Datum_indiening": "2001-12-19", "vraag 1": "Wat is uw oordeel over de dood van vijf Palestijnse kinderen in de Gaza-strip, mogelijk door een Isra\u00c3\u00ablische booby-trap? ", "vraag 2": "Wat is uw oordeel over het voortgaande geweld tegen kinderen in de Palestijnse gebieden en welke initiatieven neemt de regering om hiertegen bilateraal en internationaal kritiek aan te tekenen? ", "vraag 3": "Op welke wijze neemt de Nederlandse regering afstand van helikopteraanvallen en tijdelijke herbezetting van \u00c2\u00abA\u00c2\u00bb-onderdelen van de Palestijnse gebieden? ", "vraag 4": "Welke bilaterale demarch\u00c3\u00a9\u00e2\u20ac\u2122s hebben plaatsgevonden ten aanzien van bovenstaande ontwikkelingen en de Nederlandse positie terzake? ", "vraag 5": "Bent u het eens met de \u00c2\u00ab7 dagen rust\u00c2\u00bb-positie van de regering Sharon? Zo neen, op welke wijze geeft u hier uitdrukking aan? ", "vraag 6": "Wat is de relatie tussen de \u00c2\u00ab7 dagen rust\u00c2\u00bb-regel en de zelfmoordaanslagen van radicale Palestijnen? Hoe zijn deze aanslagen met Arafat besproken? ", "vraag 7": "Hoe beoordeelt u de uitkomst van de laatste Associatieraad met Isra\u00c3\u00abl met betrekking tot producten uit de bezette gebieden en welke concrete follow-up actie wordt gepland? ", "vraag 8": "Welke Nederlandse initiatieven worden ontwikkeld met betrekking tot de EU-positie ten aanzien van het Midden-Oosten en op welke wijze wordt geco\u00c3\u00b6rdineerd met de nieuwe Amerikaanse Speciale Vertegenwoordiger? ", "antwoord 1": "[Tijdens de EU-Isra\u00c3\u00abl Associatieraad van 20 november \u00e2\u20ac\u201c het hoogste niveau waarin het akkoord voorziet \u00e2\u20ac\u201c is de kwestie van Isra\u00c3\u00ablische exporten uit de nederzettingen onder preferentieel tarief uitgebreid aan de orde gesteld. Daarmee is de geschillenbeslechtingsprocedure uit artikel 75 van het akkoord de facto in werking gezet. Isra\u00c3\u00abl is opnieuw duidelijk gemaakt dat de Unie de betreffende importen niet onder preferentieel tarief kan toelaten. Ik heb mij in de voorbereiding van de Associatieraad sterk ingezet voor het opnemen van een zinsnede in de EU-verklaring voor deze bijeenkomst, waarin staat dat verdere stappen zullen worden ondernomen indien de Associatieraad geen oplossing vindt voor het probleem. Daar konden echter niet alle Lidstaten mee instemmen. Zoals gemeld in mijn verslag van de Algemene Raad van 19 en 20 november 2001 (21 501-02, nr. 410) is uiteindelijk de volgende tekst opgenomen: \u00c2\u00abunfortunately, efforts to resolve this issue have so far not resulted in a satisfactory outcome. If the Association Council cannot find a solution, the EU will review its position in accordance with the provisions of the association agreement\u00c2\u00bb . Als eerste stap tot een effectief beleid in dezen heeft de Europese Commissie op 23 november een waarschuwing gepubliceerd , dat Isra\u00c3\u00ablische goederen mogelijk afkomstig zijn uit de nederzettingen in de bezette gebieden. De waarschuwing stelt dat deze goederen niet in aanmerking komen voor tariefpreferenties en dat importeurs rekening moeten houden met een naheffing van de douanerechten indien na verificatie blijkt dat het inderdaad om goederen uit de nederzettingen gaat. De lidstaten zullen via verificatie en eventueel naheffing dit beleid verder handen en voeten moeten geven om de betreffende preferenti\u00c3\u00able importen effectief te weren. Over de technische uitwerking daarvan vindt overleg plaats tussen de douanes van de lidstaten omdat een EU-brede aanpak nodig is om handelsverlegging tegen te gaan. Ik beoordeel de uitkomst van de Associatieraad op dit punt derhalve positief. Er is een duidelijk signaal gegeven en de eerste stappen zijn gezet in de richting van het effectief tegengaan van de importen uit de nederzettingen onder preferentieel tarief. Met inachtneming van mogelijke initiatieven van Isra\u00c3\u00ablische kant zal de regering, zich baserend op de hierboven geciteerde passage uit de EU-verklaring, zich blijven inzetten voor een EU-brede aanpak die erop gericht is de betreffende producten niet meer onder preferentieel tarief te importeren in de Unie. ]"}