{"Bibliografische_omschrijving": "Aanvullende vragen van het lid Rosenm\u00c3\u00b6ller (GroenLinks) over de betalingsdatum van uitkeringen.(Ingezonden 30 mei 1995); Antwoord", "Bestand": "16Kb", "Permalink": "\nhttp://www.geencommentaar.nl/parlando/index.php?action=doc&filename=KVR1612\n", "Inhoud": "Gevolgen van de nieuwe Abw voor het tijdstip van uitbetaling van bijstandsuitkeringen.", "Rubriek": "Sociale zekerheid (Bijstand (ABW, RWW, Wet Sociale Werkvoorziening))", "Trefwoorden": "Bijstand Sociale uitkeringen", "Vindplaats": "Kamervragen met antwoord 1994-1995, nr. 964, Tweede Kamer", "Afkomstig van": "Sociale Zaken en Werkgelegenheid", "Indiener": "<persoon partij=\"GroenLinks\">Rosenm\u00c3\u00b6ller</persoon>", "Partij vertegenwoordiger": "\n", "Datum_reaktie": "1995-06-27", "Datum_indiening": "1995-05-30", "vraag 1": "Kunt u de concrete gevolgen van artikel 79 eerste lid van de nieuwe Abw voor de verificatie- en betalingspraktijk van sociale diensten schetsen? ", "vraag 2": "Biedt genoemde bepaling de sociale diensten de mogelijkheid uitkeringen omstreeks de 25ste van de lopende maand te (blijven) betalen, ondanks het feit dat daarmee wellicht geen volledige verificatie van inkomensgegevens over die maand kan plaatsvinden en eventueel verrekening achteraf moet geschieden? ", "vraag 3": "Bent u zich ervan bewust dat, indien de uitkeringen pas in de loop van de volgende maand betaald zullen mogen worden, bijstandsgerechtigden in financie\u00c2\u00a8le problemen terecht kunnen komen, bijvoorbeeld omdat zij niet tijdig hun vaste lasten kunnen betalen? ", "vraag 4": "Deelt u de opvatting, dat dit probleem niet verholpen wordt door een stapsgewijze verschuiving van de betalingsdatum, aangezien ook dan de betaling van vaste lasten problematisch kan worden? ", "vraag 5": "Bent u bereid, indien invoering van artikel 79 eerste lid van de nieuwe Abw inderdaad zou moeten leiden tot een verschuiving van de betalingsdatum naar de volgende maand, gemeenten in staat te stellen om bijstandsgerechtigden een overbruggingsuitkering a` fonds perdu te verstrekken? ", "antwoord 1": "[Artikel 73, eerste lid van de nieuwe Abw regelt dat de bijstandsuitkering maandelijks achteraf wordt betaald. In de toelichting wordt hieraan toegevoegd dat het exacte tijdstip van uitbetaling, evenals dat nu het geval is, aan gemeenten wordt overgelaten. Het achteraf betalen van de uitkering biedt gemeenten de mogelijkheid om deze te verrekenen met eventuele inkomsten die in de betreffende maand zijn genoten. Artikel 73 verplicht de gemeenten er echter niet toe de verificatie vooraf te laten gaan aan de betaling, maar schept wel de ruimte om het betalingstijdstip zodanig vast te stellen dat voorafgaande verificatie tot de mogelijkheden behoort. Bovendien sluit betaling achteraf aan bij de betalingswijze zoals die, zowel bij lonen als bij uitkeringen, gebruikelijk is. Daar vindt betaling in verreweg de meeste gevallen plaats omstreeks de 25e van de lopende maand. Het is evident dat wanneer het betaalritme van de bijstand hierop aansluit, dit veel overbruggingsproblemen \u00e2\u20ac\u201c zowel bij aanvang als bij bee\u00c2\u00a8indiging van de bijstand \u00e2\u20ac\u201c voorkomt", "antwoord 2": "Ja, bij betaling omstreeks de 25e van de lopende maand heeft de betaling voor het overgrote deel betrekking op een al verstreken periode, zodat het aanvaardbaar is om te spreken van betaling achteraf. Met de term \u00c2\u00abbetaling achteraf\u00c2\u00bb behouden de gemeenten derhalve de mogelijkheid om de uitkeringen omstreeks de 25ste van de lopende maand te blijven betalen en aldus aan te sluiten bij wat bij lonen en uitkeringen algemeen gebruikelijk is. Voor zover dit ertoe leidt dat niet in alle gevallen volledige verificatie van inkomensgegevens over die maand kan plaatsvinden dient de verrekening van deze inkomsten in de daaropvolgende maand plaats te vinden, zonder dat daarbij sprake is van terugvordering. Artikel 78, tweede lid van de Abw biedt daartoe de mogelijkheid", "antwoord 3": "Het betalen van de uitkering in de loop van de volgende maand wordt in de uitvoeringspraktijk in enkele gevallen toegepast. Zoals ik ook in mijn antwoorden aan dhr. Marijnissen heb aangegeven zijn financie\u00c2\u00a8le problemen te voorkomen door gebruikmaking van de gemeentelijke bevoegdheid tot bijstandsverlening op grond van artikel 24, onderdeel a", "antwoord 4": "Indien een gemeente ertoe besluit om de bestaande uitkeringen over te zetten naar de nieuwe betaalsystematiek, kan de gemeente ter voorkoming van liquiditeitsproblemen van de bijstandsgerechtigde een overbruggingsuitkering verstrekken. In het verleden hebben gemeenten bij het verschuiven van de betaaldatum eveneens een dergelijke overbruggingsuitkering verstrekt, die later diende te worden terugbetaald. Deze overbruggingsuitkering is niet a` fonds perdu omdat dit ertoe zou leiden dat de bijstandsgerechtigde over de totale bijstandsperiode bezien een hogere uitkering zou ontvangen. Ook de nieuwe bijstandswet biedt op grond van artikel 24, onderdeel a de mogelijkheid om bijstand te verlenen ter overbrugging van een periode waarin de betrokkene niet in de noodzakelijke bestaanskosten kan voorzien. ]"}