{"Bibliografische_omschrijving": "Vragen van de leden Noorman-den Uyl en Smits (beiden PvdA) aan de minister van Sociale Zaken en Werkgelegenheid over voorgenomen privatisering van de sociale dienst in Maarssen. (Ingezonden 16 oktober 2001); Antwoord", "Bestand": "43Kb", "Permalink": "\nhttp://www.geencommentaar.nl/parlando/index.php?action=doc&filename=KVR14852\n", "Inhoud": "Vragen over de consequenties van de voorgenomen privatisering van de sociale dienst in Maarssen. Met name over het verstrekken van cli\u00c3\u00abntgegevens en de bevoegdheden van burgemeester en wethouders.", "Rubriek": "Bedrijfsleven en industrie (Privatisering) Sociale zekerheid (Bijstand (ABW, RWW, Wet Sociale Werkvoorziening))", "Trefwoorden": "Bijstand Gemeentelijke Sociale Diensten Privatisering", "Vindplaats": "Kamervragen met antwoord 2001-2002, nr. 438, Tweede Kamer", "Afkomstig van": "2010201030", "Indiener": "Sociale Zaken en Werkgelegenheid (SZW)", "Partij vertegenwoordiger": "<persoon partij=\"PvdA\">Noorman-den Uyl</persoon>", "Datum_reaktie": "\n", "Datum_indiening": "<persoon partij=\"PvdA\">Smits</persoon>", "vraag 1": "Is het u bekend dat de gemeente Maarssen het voornemen heeft (delen) van de uitvoering van de bijstand bij een privaat bedrijf onder te brengen? ", "vraag 2": "Meent u dat het mogelijk is op grond van de Wet Structuur Uitvoeringsorganisatie Werk en Inkomen (SUWI) en de Algemene bijstandswet (Abw) dat burgemeester en wethouders aan een privaat bedrijf de uitvoering van de bijstand uitbesteden? Zo ja, op grond waarvan precies en voor welke onderdelen van de uitvoering van de bijstand geldt dat? ", "vraag 3": "Kan een privaat bedrijf in opdracht van burgemeester en wethouders toegang krijgen tot het GBA, het Inlichtingenbureau en gegevens van de Belastingdienst? Kan door een privaat bedrijf verificatie en validering van een uitkering worden uitgevoerd? ", "vraag 4": "Kan een privaat bedrijf de Wet boeten en maatregelen uitvoeren en een claimbeoordeling doen? ", "vraag 5": "Acht u het wenselijk dat vanwege wettelijke beperkende bepalingen de bijstand door verschillende partijen gefragmenteerd wordt uitgevoerd? ", "vraag 6": "Mag het Centrum voor Werk en Inkomen (CWI) met toestemming van burgemeester en wethouders informatie over cli\u00c3\u00abnten aan een privaat bedrijf verstrekken? Zo niet, is de cli\u00c3\u00abnt dan verplicht het CWI daar schriftelijk toestemming voor te geven? ", "vraag 7": "Kunnen burgemeester en wethouders zonder schriftelijke toestemming van een cli\u00c3\u00abnt gegevens over de betreffende cli\u00c3\u00abnt aan een privaat bedrijf verstrekken? ", "vraag 8": "Indien een cli\u00c3\u00abnt weigert de benodigde schriftelijke toestemming te geven aan burgemeester en wethouders om zijn persoonlijke gegevens te verstrekken aan een privaat bedrijf dat in opdracht van burgemeester en wethouders de bijstand uitvoert, kan die weigering gevolgen hebben voor de uitkering? Zo ja, welke en op welke gronden? ", "vraag 9": "Dienen burgemeester en wethouders een besluit tot gedeeltelijke privatisering van de uitvoering van de bijstand aan de gemeenteraad voor te leggen? ", "vraag 10": "Bent u bereid een besluit tot gedeeltelijke privatisering van de Abw-uitvoering door de gemeenteraad van Maarssen voor vernietiging door de Kroon voor te dragen, dan wel de gemeente een aanwijzing te geven op grond van de Abw en/of Suwi-wet? ", "antwoord 1": "[]"}