{"Bibliografische_omschrijving": "Vragen van het lid Karimi (GroenLinks) aan de minister voor Ontwikkelingssamenwerking over executies in Burkina Faso. (Ingezonden 14 februari 2002); Antwoord", "Bestand": "13Kb", "Permalink": "\nhttp://www.geencommentaar.nl/parlando/index.php?action=doc&filename=KVR15121\n", "Inhoud": "Vragen over executies in Burkina Faso. Deze vragen dienen ter aanvulling op eerdere vragen terzake van het lid Dijksma, ingezonden 7 februari 2002.", "Rubriek": "Internationale betrekkingen (Overig) Staats- en bestuursrecht (Grondrechten) Strafrecht en strafprocesrecht (Straffen)", "Trefwoorden": "Burkina Faso Mensenrechten Straffen", "Vindplaats": "Kamervragen met antwoord 2001-2002, nr. 690, Tweede Kamer", "Afkomstig van": "2010206150", "Indiener": "Ontwikkelingssamenwerking (OS)", "Partij vertegenwoordiger": "<persoon partij=\"GroenLinks\">Karimi</persoon>", "Datum_reaktie": "\n", "Datum_indiening": "2002-02-25", "vraag 1": "Heeft de Nederlandse regering in het kader van haar bilaterale OS-relatie opheldering gevraagd over de beschuldiging dat ordetroepen 106 buitengerechtelijke executies hebben uitgevoerd? Zo neen, waarom niet? ", "vraag 2": "Is de Burkinab\u00c3\u00a9 regering voornemens een onderzoek in te lassen? Zo ja, zijn er inmiddels resultaten bekend en kunt u de Kamer hieromtrent inlichten? Zo nee, bent u bereid hiervoor te pleiten, al dan niet in EU-verband? ", "antwoord 1": "[Voor het antwoord op deze vragen verwijs ik naar mijn antwoorden op de vragen van het lid Dijksma . ]"}