{"Bibliografische_omschrijving": "Vragen van het lid Hermann (GroenLinks) aan de ministers van Volksgezondheid, Welzijn en Sport en van Economische Zaken over het beroepsgeheim voor artsen. (Ingezonden 2 november 1999); Antwoord", "Bestand": "14Kb", "Permalink": "\nhttp://www.geencommentaar.nl/parlando/index.php?action=doc&filename=KVR10618\n", "Inhoud": "Vragen naar aanleiding van de constatering van de Ombudsman Levensverzekeringen dat artsen medische informatie verstrekken aan levensverzekeraars.", "Rubriek": "Bedrijfsleven en industrie (Bank- en verzekeringswezen) Gezondheidszorg (Medische beroepen) Gezondheidszorg (Medische ethiek)", "Trefwoorden": "Artsen Beroepsgeheim Levensverzekeringen", "Vindplaats": "Kamervragen met antwoord 1999-2000, nr. 324, Tweede Kamer", "Afkomstig van": "2990002080", "Indiener": "Volksgezondheid, Welzijn en Sport", "Partij vertegenwoordiger": "<persoon partij=\"GroenLinks\">Hermann</persoon>", "Datum_reaktie": "\n", "Datum_indiening": "1999-11-22", "vraag 1": "Wat is uw oordeel over de constatering van de Ombudsman Levensverzekeringen dat artsen medische informatie verstrekken aan levensverzekeringen? ", "vraag 2": "Is de minister van Volksgezondheid, Welzijn en Sport van oordeel dat artikel 88 van de Wet BIG en artikel 272 van het Wetboek van Strafrecht is overtreden? ", "vraag 3": "Bent u bereid nabestaanden te informeren over de mogelijkheid een klacht in te dienen bij de Tuchtrechter en/of aangifte te doen en bekendheid te geven aan het feit dat nabestaanden geen machtiging hoeven af te geven aan de levensverzekeraars? ", "vraag 4": "Kunt u aangeven hoeveel gevallen van schending van het medisch geheim bekend zijn? ", "antwoord 1": "[De constatering van de Ombudsman levensverzekering dat artsen desgevraagd aan verzekeraars inlichtingen verstrekken over hun (inmiddels overleden) pati\u00c3\u00abnt acht ik een zorgwekkende zaak. In principe werkt het beroepsgeheim ook na overlijden. Terecht start de Ombudsman zijn betoog met een verwijzing naar de bestaande praktijk in Nederland: verzekeraars verkrijgen conform de richtlijnen van de KNMG geen informatie over de doodsoorzaak en/of informatie over het ziekteverloop voorafgaand aan het overlijden en de gezondheidstoestand bij het sluiten van de verzekering van de verzekerde, tenzij voor statistische doeleinden. Voor de volledigheid merk ik op dat onder omstandigheden een verstrekking van medische persoonsinformatie na overlijden aan derden soms wel gerechtvaardigd kan zijn. Dit kan bij voorbeeld aan de orde zijn indien de arts van oordeel is dat hij in de geest van de overledenen handelt en er aanmerkelijke belangen van derden met inzage gediend zijn. Deze lijn wordt ook gevolgd door de rechter", "antwoord 2": "Bij een verstrekking van gegevens over een pati\u00c3\u00abnt aan een derde dient een hulpverlener/arts zich er elke keer opnieuw van te vergewissen of hij daartoe gerechtigd is. In eerste instantie zal hij moeten zwijgen of afzien van verstrekken, tenzij er gegronde redenen zijn om tot verstrekking over te gaan. Zelfs bij uitdrukkelijke toestemming van een pati\u00c3\u00abnt zal hij steeds een afweging moeten maken. Of in de gevallen, als door de ombudsman levensverzekering geconstateerd, sprake is van overtreding van artikel 88 BIG en 272 Wetboek van Strafrecht kan ik, door het ontbreken van gegevens, niet vaststellen", "antwoord 3": "Wanneer de afspraken tussen het Verbond van Verzekeraars, de KNMG, NP/CF en het Breed Platform Verzekerden en Werk inzake een vorm van toetsing van vermoeden van fraude bij het afsluiten of wijzigen van een verzekering die recht doet aan het beroepsgeheim enerzijds en het voorkomen van fraude anderzijds, zullen zijn afgerond, zal ik betrokkenen vragen ook het publiek te informeren en daarbij specifiek aandacht te wijden aan de positie van nabestaanden", "antwoord 4": "De enige gegevens waarover ik beschik zijn de cijfers van de inspectie voor de Gezondheidszorg (IGZ) over de ontvangen tuchtuitspraken (Jaarrapportage IGZ 1998). In 1998 werd 22 maaI geklaagd over schending van het beroepsgeheim en is in 6 gevallen een maatregel opgelegd. In 1997 betrof dit aantal 13, respectievelijk 8. Over 1999 zijn nog geen gegevens beschikbaar. ]"}