{"Bibliografische_omschrijving": "Vragen van de leden Eurlings en Dankers (beiden CDA) aan de ministers van Volksgezondheid, Welzijn en Sport en van Verkeer en Waterstaat over de WA-verzekering voor oudere weggebruikers. (Ingezonden 20 oktober 1999); Antwoord", "Bestand": "17Kb", "Permalink": "\nhttp://www.geencommentaar.nl/parlando/index.php?action=doc&filename=KVR10619\n", "Inhoud": "Vragen over de verminderde bereidheid van verzekeringsmaatschappijen om een WA-verzekering (wettelijke aansprakelijkheid) af te sluiten met 65-plussers die een auto bezitten.", "Rubriek": "Bedrijfsleven en industrie (Bank- en verzekeringswezen) Verkeer, vervoer en waterstaat (Motorrijtuigen) Welzijn (Ouderen)", "Trefwoorden": "Motorrijtuigen Ouderen Verzekeringsmaatschappijen", "Vindplaats": "Kamervragen met antwoord 1999-2000, nr. 325, Tweede Kamer", "Afkomstig van": "2990001240", "Indiener": "Verkeer en Waterstaat", "Partij vertegenwoordiger": "<persoon partij=\"CDA\">Eurlings</persoon>", "Datum_reaktie": "\n", "Datum_indiening": "<persoon partij=\"CDA\">Dankers</persoon>", "vraag 1": "Kunt u signalen van de ANWB bevestigen dat verzekeringsmaatschappijen steeds minder bereid zijn om een Wettelijke Aansprakelijkheidsverzekering af te sluiten met 65-plussers die een auto bezitten? ", "vraag 2": "Heeft dit te maken met het feit dat deze groep als een te groot risico wordt gezien? ", "vraag 3": "Wordt dit beeld bevestigd door statistische gegevens? ", "vraag 4": "Hoe verhoudt zich de verplichting voor kentekenhouders om een WA-verzekering af te sluiten tot de contractvrijheid van verzekeringsmaatschappijen? ", "vraag 5": "Bent u bereid maatregelen te nemen om ervoor te zorgen dat 65-plussers ook in de toekomst verzekerd kunnen zijn van een goede WA-verzekering? Zo ja, wanneer vallen de maatregelen te verwachten? Zo neen, waarom niet? ", "antwoord 1": "[Van de zijde van de ANWB werd mij medegedeeld dat aldaar inderdaad bedoelde signalen zijn ontvangen. Volgens de ANWB betreft het circa 100 gevallen, waarbij het onder meer gaat om het overzetten van verzekeringen naar de andere partner in verband met overlijden, terugkeer uit het buitenland en wijzigingen van verzekeringen als gevolg van een nieuwe tussenpersoon. Eveneens heb ik gesproken met het Verbond van Verzekeraars, mede naar aanleiding van de bij de beantwoording in 1995 door de Minister van Financi\u00c3\u00abn gedane toezegging om de voorstellen van de Algemene Nederlandse Bond van Ouderen (ANBO) onder de aandacht te brengen bij het Verbond. Het Verbond heeft overleg gevoerd met de ANBO, waarna het zijn leden heeft geadviseerd zorgvuldigheid te betrachten ten aanzien van leeftijdscriteria in het acceptatie- en schaderegelingsbeleid. Uit de van het Verbond ontvangen informatie blijkt dat in zijn algemeenheid geen problemen bij 65-plussers bestaan bij het verzekeren van 65-plussers. In voorkomende situaties kan een (aspirant)verzekerde bij het overgaan naar een andere maatschappij echter wel onder een op het re\u00c3\u00able risico afgestemd acceptatieregime komen. Om deze reden wordt een (aspirant)verzekerde veelal geadviseerd de lopende verzekering bij dezelfde maatschappij te continueren. Van de Ombudsman Schadeverzekering vernam ik, dat bij dit instituut nauwelijks klachten binnen komen over het feit dat 65-plussers problemen zouden hebben met het afsluiten van een WAM-verzekering (WAM = Wet aansprakelijkheidsverzekering motorrijtuigen). Samenvattend: Ik heb kennis genomen van de signalen van de ANWB, maar er is geen aanleiding te veronderstellen dat verzekeringsmaatschappijen steeds minder bereid zijn om WAM-verzekeringen af te sluiten met 65-plussers", "antwoord 2": "Gelet op het antwoord bij vraag 1 wordt deze vraag ontkennend beantwoord. Door het Verbond van Verzekeraars wordt onderkend dat er sprake is van een steeds grotere aandacht voor verzekeringsoplossingen voor oudere (kandidaat)verzekerden. Alleen al om die reden is het onderwerp op de agenda van de bedrijfstak gezet. De leden van het Verbond is gevraagd de ANBO-voorstellen te betrekken bij de toekomstvisie van hun ondernemingen en vast te stellen hoe het productontwikkeling- en acceptatiebeleid (waar nodig) op bepaalde punten bijgestuurd kan worden en oplossingen worden bedacht voor een passende benadering van deze belangrijke groep (aspirant)verzekerden. Volgens het Verbond hebben recente ontwikkelingen laten zien dat een aantal maatschappijen al inspeelt op de groeiende seniorenmarkt", "antwoord 3": "In onderstaand overzicht wordt inzicht gegeven in de schadelast en schadefrequentie van diverse groepen verkeersdeelnemers. Uit dit overzicht blijkt dat op basis van statistische gegevens 65-plussers een groter risico vormen dan 25\u00e2\u20ac\u201c65-jarigen. In zijn algemeenheid heeft dit verhoogde risico geen doorwerking in de premie, zolang de verzekeringnemer bij dezelfde maatschappij verzekerd blijft. Indien men toch van maatschappij verandert bestaat de kans op acceptatie op basis van een andere premie en voorwaarden. Overzicht van de gemiddelde schadelast en schadefrequentie met invloed BM-trede (index 25 \u00e2\u20ac\u201c 65 = 100) leeftijdscate- gorie gemiddelde schadelast schade- frequentie 18\u00e2\u20ac\u201c24 152 128 25\u00e2\u20ac\u201c65 100 100 &gt; 65 127 129 (bron: Verbond van Verzekeraars, Centrum voor Verzekeringsstatistiek) , Voor WAM-verzekeraars bestaat geen acceptatieplicht. Verzekeraars zijn derhalve vrij om door risico-inschatting hun acceptatiebeleid vorm te geven. Uit de voorafgaande antwoorden moge blijken dat geen sprake is van een situatie waarin het voor 65-plussers in algemene zijn moeilijk is om een WAM-verzekering te sluiten. Volledigheidshalve wordt er op gewezen dat in uitzonderlijke situaties vrijwel altijd een oplossing kan worden gevonden bij Rialto Verzekeringen (voorheen Terminus Assurantie Maatschappij)", "antwoord 4": "Aangezien geen termen aanwezig zijn te veronderstellen dat er op dit terrein voor 65-plussers problemen bestaan, ontbreekt de noodzaak voor nadere maatregelen. ]"}