{"Bibliografische_omschrijving": "Vragen van de leden Hamer (PvdA), Lambrechts (D66) en Eurlings (CDA) aan de minister van Onderwijs, Cultuur en Wetenschappen over fraude in het hbo. (Ingezonden 19 februari 2002); Antwoord", "Bestand": "13Kb", "Permalink": "\nhttp://www.geencommentaar.nl/parlando/index.php?action=doc&filename=KVR15195\n", "Inhoud": "Vragen over fraude in het hbo, naar aanleiding van een interview met de heer Ritzen in een uitzending van NOVA op 13 februari 2002.", "Rubriek": "Criminaliteit en openbare orde (Fraude) Hoger onderwijs (Bekostiging hoger onderwijs) Hoger onderwijs (Universiteiten en hogescholen)", "Trefwoorden": "Bekostiging hbo Fraude", "Vindplaats": "Kamervragen met antwoord 2001-2002, nr. 738, Tweede Kamer", "Afkomstig van": "2010206280", "Indiener": "Onderwijs, Cultuur en Wetenschappen (OCW)", "Partij vertegenwoordiger": "<persoon partij=\"PvdA\">Hamer</persoon>", "Datum_reaktie": "\n", "Datum_indiening": "<persoon partij=\"D66\">Lambrechts</persoon>", "vraag 1": "Blijft u bij uw reactie op het interview met de heer Ritzen in de uitzending van NOVA van 13 februari jl. waarin de heer Ritzen stelt dat hij de minister van Onderwijs, Cultuur en Wetenschappen in het overdrachtsdossier heeft gewaarschuwd voor mogelijke risico\u00e2\u20ac\u2122s tot misbruik van de huidige bekostigingsregels voor het hbo (bekostiging op grond van studentenaantallen en diploma\u00e2\u20ac\u2122s)? ", "vraag 2": "Zo ja, hoe verklaart u het verschil van inzicht met de heer Ritzen over de melding in het overdrachtsdossier? ", "vraag 3": "Is het zo dat de vertrekkende minister verantwoordelijk is voor de totaliteit van het overdrachtsdossier aan de nieuwe minister? Is het mogelijk of denkbaar dat er tussentijds informatie aan het dossier is toegevoegd of uit is verdwenen? ", "vraag 4": "Bent u bereid in het eerder door de Kamer gevraagde feitenrelaas bij het onderzoek naar de vermeende fraude terug te gaan tot dit overdrachtsdossier en hierbij aan de Kamer aan te geven wat de precieze aanwijzingen en opmerkingen in het dossier waren over de bekostiging in het hbo? Welke acties aan de hand hiervan zijn ondernomen? Wat het resultaat was van eventuele acties? ", "antwoord 1": "[Ja", "antwoord 2": "Dat kan ik niet verklaren. Het betreffende overdrachtsdossier, gedateerd 30 juli 1998, heb ik op de dag van mijn aantreden ontvangen. Ik heb in dat dossier de door de heer Ritzen genoemde waarschuwingen niet aangetroffen", "antwoord 3": "De vertrekkende minister is verantwoordelijk voor het overdrachtsdossier. Uit het dossier dat ik heb ontvangen is geen informatie gelicht noch is er informatie aan toegevoegd. Overigens is een exemplaar van dat overdrachtsdossier bij brief van 2 december 1998, kenmerk BOA/BO/1998/50019 aan de Kamer toegezonden en enkele maanden eerder ook al op WOB-verzoek aan derden ter beschikking gesteld", "antwoord 4": "Het overdrachtsdossier bevat geen aanwijzingen en opmerkingen over de mogelijke risico\u00e2\u20ac\u2122s tot misbruik van de huidige bekostigingsregels voor het hbo. ]"}