{"Bibliografische_omschrijving": "Vragen van het lid M B Vos (GroenLinks) over het beleidsplan voor de Oostvaardersplassen (Ingezonden 17 maart 1995); Mededeling", "Bestand": "14Kb", "Permalink": "\nhttp://www.geencommentaar.nl/parlando/index.php?action=doc&filename=KVR1499\n", "Inhoud": "Betreft voorstel om biologisch boerenvee uit Oostvaardersplassen te laten verdwijnen.", "Rubriek": "Landbouw (Biologische landbouw) Landbouw (Kwekersrechten) Landbouw (Landbouwgronden)", "Trefwoorden": "Flevoland Landbouwgronden Natuurbescherming Biologische landbouw", "Vindplaats": "Kamervragen met antwoord 1994-1995, nr. 855, Tweede Kamer", "Afkomstig van": "Landbouw, Natuurbeheer en Visserij", "Indiener": "<persoon partij=\"GroenLinks\">M. B. Vos</persoon>", "Partij vertegenwoordiger": "\n", "Datum_reaktie": "1995-05-31", "Datum_indiening": "1995-03-17", "vraag 1": "Ligt momenteel het door een Beleidscommissie opgesteld plan \u00c2\u00abDe Oostvaardersplassen natuurlijk\u00c2\u00bb bij u ter goedkeuring voor? ", "vraag 2": "Wat is uw opvatting over het voorstel om het beweiden met biologisch boerenvee uit de Oostvaardersplassen te laten verdwijnen? ", "vraag 3": "Deelt u de verwachting van de betrokken biologische boeren, Stichting Biologica en het Platform voor Biologische Landbouw en Voeding, dat bij bee\u00c2\u00a8indigen van seizoensbegrazing de huidige beheerdoelen, met name bij het ganzenbeheer, niet meer gerealiseerd kunnen worden, de beheerkosten zullen stijgen en landbouwgronden intensiever gebruikt zullen worden? Zo neen, kunt u dit toelichten? ", "vraag 4": "Zou de keuze voor een nieuwe beheervisie niet gebaseerd moeten zijn op een evaluatie van de twee begrazingssystemen, te weten jaarrondbegrazing en seizoensbegrazing? ", "vraag 5": "Is het bee\u00c2\u00a8indigen van de seizoensbegrazing in de Oostvaardersplassen in overeenstemming met de nota Ecosysteemvisies Ecologische Hoofdstructuur en met uw voornemen het agrarisch natuurbeheer te versterken? ", "vraag 6": "Wilt u, voordat het beleidsplan voor de Oostvaardersplassen wordt vastgesteld, overleg voeren met de betrokken biologische boeren uit Flevoland? ", "antwoord 1": "[]"}